season,final_week,sample_id,Monique Coleman,Joey Lawrence,Mario Lopez,Emmitt Smith
3,10,0,0.025616042967200808,0.3251065017188988,0.01623166635580078,0.6330457889580995
3,10,1,0.029594988337925322,0.1997679587226345,0.005088047891092553,0.7655490050483477
3,10,2,0.14624205770333712,0.5442144495478907,0.07973655334256782,0.22980693940620456
3,10,3,0.11911803147051367,0.19110895730822555,0.18306295536583547,0.5067100558554254
3,10,4,0.1119319423518093,0.4522685567571148,0.07107833242100335,0.3647211684700725
3,10,5,0.2332597754815208,0.41848352825417906,0.08484190192758043,0.26341479433671977
3,10,6,0.0155095914729806,0.343233864573284,0.2640482601041588,0.3772082838495767
3,10,7,0.07708022484418667,0.18018771731357228,0.2615268408362411,0.48120521700599983
3,10,8,0.24937560191029745,0.4926693756592869,0.12017740796191152,0.13777761446850417
3,10,9,0.02071417504666016,0.4778919954410632,0.20199889731101378,0.299394932201263
3,10,10,0.13848273156185334,0.3388303197954465,0.16702108627593598,0.3556658623667643
3,10,11,0.02881006174633256,0.032489640041313876,0.07706750642363644,0.8616327917887171
3,10,12,0.27823699483663183,0.34119343750503667,0.10919493796926703,0.2713746296890644
3,10,13,0.13613856039288325,0.16132553892552726,0.2686454811412542,0.4338904195403353
3,10,14,0.07769539597518163,0.07841448479191451,0.0886906244170244,0.7551994948158794
3,10,15,0.2586166620592825,0.4476264972941666,0.012652237555531083,0.2811046030910197
3,10,16,0.030547137746406883,0.3086697590647581,0.24314564211619813,0.4176374610726369
3,10,17,0.18481626083049651,0.3800464946010673,0.022388096292714287,0.4127491482757219
3,10,18,0.1212279561589217,0.3642549525664592,0.07499013054507643,0.4395269607295426
3,10,19,0.0005366838404819389,0.07303007583563692,0.27468766384115056,0.6517455764827306
3,10,20,0.21191649207661142,0.22531025900949586,0.24605599690781885,0.31671725200607387
3,10,21,0.10966317485732704,0.5583177811189984,0.06886211072115081,0.26315693330252365
3,10,22,0.40735288377945783,0.49942799032965296,0.03951833394625839,0.05370079194463076
3,10,23,0.06966845743175874,0.46594242552856335,0.10919745653037423,0.3551916605093036
3,10,24,0.10809490624381776,0.13639317859576258,0.26973599159513617,0.4857759235652834
3,10,25,0.3255016449642518,0.34850204294230047,0.1130253190406709,0.21297099305277686
3,10,26,0.0005874460469774675,0.026960461094922637,0.22650556067664,0.7459465321814598
3,10,27,0.3910444630693345,0.47023801449182057,0.020969063088559114,0.11774845935028583
3,10,28,0.22946363888579313,0.4172153611205844,0.16668055995471256,0.18664044003890992
3,10,29,0.1471736505475459,0.43464853796976494,0.2039260672789682,0.21425174420372092
3,10,30,0.15199746746090562,0.4270188728877881,0.004230718829642012,0.4167529408216642
3,10,31,0.2724272131292553,0.36925733431671276,0.027202755771401906,0.33111269678263006
3,10,32,0.12386953493399769,0.3499768988025339,0.0012289393590414796,0.5249246269044269
3,10,33,0.006356902690433914,0.02472618986882968,0.13925715185793086,0.8296597555828055
3,10,34,0.14723295306842346,0.21210482898454747,0.06274375209144513,0.5779184658555838
3,10,35,0.0002827369936512258,0.05115297785778996,0.09793805884054481,0.8506262263080141
3,10,36,0.03875704710167147,0.04867157397332402,0.10609735846964044,0.8064740204553641
3,10,37,0.07229987833507735,0.22774792587523404,0.15093646898419724,0.5490157268054914
3,10,38,0.16558624909293132,0.24298510791164304,0.19803313785280358,0.393395505142622
3,10,39,0.008167481978253878,0.027102465513417606,0.11411127542818668,0.8506187770801419
3,10,40,0.02383270189579671,0.37160493443608955,0.027400578988200665,0.5771617846799131
3,10,41,0.33140656664633134,0.45864429681934377,0.05839696410692251,0.15155217242740263
3,10,42,0.32637847720244956,0.5036081525879469,0.04190566307324306,0.12810770713636047
3,10,43,0.33806234955197223,0.37939921260801795,0.12755833868635114,0.15498009915365857
3,10,44,0.19913083388808908,0.2501913120706282,0.23215859894375246,0.3185192550975302
3,10,45,0.0009780704996810924,0.1506015875088881,0.07658994340628285,0.771830398585148
3,10,46,0.4485194448947954,0.5049681875192525,0.022288746108664933,0.02422362147728707
3,10,47,0.02168600389891382,0.25916117247903325,0.2426682713811259,0.47648455224092695
3,10,48,0.12630190281041273,0.5374125585514529,0.12331459260496434,0.2129709460331701
3,10,49,0.013894092561806315,0.4060602436980837,0.25031137593869035,0.3297342878014198
3,10,50,0.18169131491676924,0.4828303152428475,0.003845169957985442,0.3316331998823978
3,10,51,0.10601427722105052,0.36461170069849697,0.14490394548232977,0.3844700765981228
3,10,52,0.02429338081480537,0.03533473031100319,0.0008284632161303981,0.9395434256580609
3,10,53,0.01646169499333411,0.42155818269242185,0.252273881204472,0.3097062411097721
3,10,54,0.1707474104411044,0.421283311633848,0.023306727527327476,0.38466255039772
3,10,55,0.0023079260666013807,0.3633350755866328,0.004284504121182045,0.6300724942255838
3,10,56,0.006952902441369015,0.5084566901588002,0.1945298599370821,0.2900605474627485
3,10,57,0.37312205759875,0.4946006432549372,0.06036496837053392,0.07191233077577877
3,10,58,0.02755473028034957,0.35357655079973793,0.20787443173278955,0.41099428718712294
3,10,59,0.22015513148998567,0.3054880109407612,0.183542387526148,0.2908144700431051
3,10,60,0.001852317385515581,0.13845818600498144,0.013738389229083764,0.8459511073804192
3,10,61,0.3610240639717561,0.4928829018339714,0.024558320616375518,0.121534713577897
3,10,62,0.03023781842564982,0.6024729782390082,0.13520942334761524,0.23207977998772672
3,10,63,0.2978896543546794,0.4726109717351103,0.043202200212884116,0.18629717369732612
3,10,64,0.19409317127736833,0.24816278248375903,0.26247321920888583,0.2952708270299868
3,10,65,0.0682618177886959,0.26063840965626994,0.2617678170647344,0.40933195549029966
3,10,66,0.031957375809496036,0.33413629213566154,0.06256792033017652,0.571338411724666
3,10,67,0.17381841284115393,0.4829665205924878,0.051590439435171,0.29162462713118725
3,10,68,0.16130624225026027,0.35654368022232696,0.16356834173634924,0.31858173579106347
3,10,69,0.10415699198810684,0.2354073040459312,0.16592521883443426,0.4945104851315278
3,10,70,0.028780155140229736,0.12820058726566474,0.019246255721459736,0.8237730018726458
3,10,71,0.03548346479602569,0.06425572710613235,0.10411578813915504,0.7961450199586869
3,10,72,0.004694430708882781,0.49450219202735446,0.0461871038690135,0.4546162733947493
3,10,73,0.10968110610640808,0.21879029817335416,0.3127504928444935,0.3587781028757443
3,10,74,0.13192758193599055,0.21841780756537796,0.1319942468805359,0.5176603636180956
3,10,75,0.16289384761136771,0.17847426119048146,0.004589008968652528,0.6540428822294984
3,10,76,0.1976657468947487,0.5244744224934563,0.04092435813540509,0.23693547247639
3,10,77,0.0873749237984835,0.1734751860079024,0.18487415289804549,0.5542757372955686
3,10,78,0.01186488794849964,0.16524447000003686,0.2910490297163946,0.531841612335069
3,10,79,0.10745425247044058,0.37137154732588634,0.22049780107940967,0.3006763991242634
3,10,80,0.06669111993351318,0.3238669611633486,0.07654762205779761,0.5328942968453407
3,10,81,0.041865027231302865,0.1567409200928672,0.2351973624504751,0.5661966902253547
3,10,82,0.1934649713980717,0.2680524317049684,0.005300884598791161,0.5331817122981688
3,10,83,0.11268302194107892,0.1330346321605042,0.27219605797562213,0.4820862879227946
3,10,84,0.0001912328795235423,0.35304602343553954,0.20469501641477655,0.4420677272701605
3,10,85,0.16344840068711913,0.42902550695174924,0.13371352532889166,0.27381256703223983
3,10,86,0.002516225597940999,0.10064872043409825,0.21445433662912747,0.6823807173388332
3,10,87,0.0827630077451255,0.49898765333144857,0.05413803792058714,0.3641113010028387
3,10,88,0.07615038422036899,0.1995481174542587,0.0018758888415457405,0.7224256094838266
3,10,89,0.10118057132476371,0.10283591498065481,0.34887534704779594,0.4471081666467855
3,10,90,0.15073456247918102,0.44003611509800084,0.11773936860123625,0.291489953821582
3,10,91,0.08109232013538457,0.1930122109462058,0.17822531399169653,0.547670154926713
3,10,92,0.13707253890442203,0.15373813822808907,0.25234393524249715,0.4568453876249918
3,10,93,0.04404672472699345,0.2897447765057188,0.18871235491090912,0.4774961438563786
3,10,94,0.04630223760816197,0.11310581937193369,0.418291578315765,0.4223003647041394
3,10,95,0.16515228766028342,0.18511988422215295,0.06325894653456729,0.5864688815829964
3,10,96,0.1586860817163356,0.26182224030048484,0.05781509279227079,0.5216765851909088
3,10,97,0.07798407438666147,0.15595004289378303,0.19396439866480442,0.572101484054751
3,10,98,0.2303942062627501,0.41738753367410597,0.056340757697266104,0.29587750236587773
3,10,99,0.12854890999053434,0.13644736791099718,0.29157022288653717,0.44343349921193137
3,10,100,0.024185744798909694,0.05365234122150543,0.29299149271329816,0.6291704212662866
3,10,101,0.00210584042572266,0.027149406082003544,0.41762764293448273,0.5531171105577911
3,10,102,0.06901583145425395,0.5083359737338035,0.10636295799795495,0.3162852368139876
3,10,103,0.25284684689573544,0.37908246388601924,0.044873275957045225,0.3231974132612002
3,10,104,0.22237247566931445,0.3786941250473417,0.14516933338431903,0.2537640658990248
3,10,105,0.4313120724159028,0.46809078269875964,0.04253187467080471,0.058065270214532734
3,10,106,0.049603486151151926,0.13738050690231382,0.20510501261278746,0.6079109943337467
3,10,107,0.00784255401303491,0.45912426537912643,0.04831873700124261,0.48471444360659605
3,10,108,0.10596185715841955,0.2787084954775909,0.0017734514207865836,0.613556195943203
3,10,109,0.0003323587675892234,0.012260737286789643,0.36203983119446237,0.6253670727511588
3,10,110,0.2953765118422034,0.30395544670709856,0.19391464054690588,0.20675340090379227
3,10,111,0.28738687048803274,0.28757855057251575,0.03543137386501928,0.38960320507443214
3,10,112,0.007433428637188901,0.062362589346600404,0.24309604846718139,0.6871079335490293
3,10,113,0.07339161419259893,0.4958314392035792,0.0011291264970507762,0.42964782010677105
3,10,114,0.025683908776998696,0.2917453806106406,0.07658179300352018,0.6059889176088405
3,10,115,0.03576603979379185,0.6126131200321355,0.1510115971459186,0.20060924302815386
3,10,116,0.024628646516859583,0.15083360540946872,0.07402950487032352,0.7505082432033482
3,10,117,0.07614461694218094,0.1686313783009151,0.20709108114329117,0.5481329236136128
3,10,118,0.003431940961827935,0.40369612468637645,0.2712536789930583,0.3216182553587373
3,10,119,0.08387595282256684,0.3767034655460264,0.13165390076110342,0.4077666808703033
3,10,120,0.18076624029148117,0.3407477152030926,0.053812670041067094,0.42467337446435904
3,10,121,0.05004475394727794,0.07194929723114536,0.09369951552524672,0.7843064332963299
3,10,122,0.10354585698515094,0.16766643189951935,0.022956799530309015,0.7058309115850206
3,10,123,0.3078064605553725,0.35315098580782234,0.1144374232754005,0.22460513036140473
3,10,124,0.12294842014708447,0.4169798182084711,0.1876753525377466,0.27239640910669793
3,10,125,0.00033189233804615295,0.5867131874754828,0.10883426605331291,0.30412065413315814
3,10,126,0.08063983886294361,0.10060074735605916,0.04584188694765706,0.7729175268333401
3,10,127,0.16681147076325264,0.42243163636054115,0.012789939910535689,0.3979669529656704
3,10,128,0.005740787760739088,0.009323055234266906,0.019330830060396258,0.9656053269445977
3,10,129,0.27396032156051286,0.42395441583282417,0.07913591881677047,0.2229493437898924
3,10,130,0.007887366798678706,0.2769028540446125,0.10511628853691053,0.6100934906197982
3,10,131,0.07678438773392803,0.12065331891502283,0.052839752647664676,0.7497225407033845
3,10,132,0.014440048084055555,0.07130570784855808,0.026258099227233902,0.8879961448401524
3,10,133,0.09732483451439661,0.28113556135554213,0.09003941588178428,0.5315001882482769
3,10,134,0.05739469266941811,0.14385784376303354,0.046140648537978654,0.7526068150295697
3,10,135,0.019946199557887005,0.08769561124074841,0.1417735600349444,0.75058462916642
3,10,136,0.15757750701136947,0.40892968636860966,0.020680736700774815,0.4128120699192461
3,10,137,0.04259861274167906,0.26200634299133735,0.08713957874366843,0.6082554655233152
3,10,138,0.18623040917409378,0.18721797713805588,0.09395115171846768,0.5326004619693827
3,10,139,0.030504422503887126,0.1960494165142834,0.023060207202351746,0.7503859537794776
3,10,140,0.16579378415450383,0.3374331088242765,0.032887483642329775,0.46388562337888967
3,10,141,0.052078834413392915,0.4020445110277047,0.1387422429294705,0.4071344116294319
3,10,142,0.12393526573127531,0.5162508176051934,0.032994728917068096,0.3268191877464632
3,10,143,0.10287575996849335,0.18906738253406472,0.21811367389252226,0.4899431836049197
3,10,144,0.02192674348289988,0.2499365700593395,0.31071131531302565,0.417425371144735
3,10,145,0.07849317255701267,0.14044585095517995,0.09382764443017275,0.6872333320576347
3,10,146,0.059286014273591085,0.25830084133421355,0.30860094765586077,0.37381219673633465
3,10,147,0.3016921675238094,0.39174560101451245,0.018006333377110516,0.28855589808456766
3,10,148,0.09906902703042803,0.2684364046342971,0.12563294346412743,0.5068616248711475
3,10,149,0.3303872287895291,0.43114302561120355,0.10883659280797359,0.12963315279129384
3,10,150,0.04151970502491747,0.335018255464236,0.18617644308490955,0.43728559642593695
3,10,151,0.05805215271228058,0.2886265945386672,0.12160316985335591,0.5317180828956963
3,10,152,0.12665226229498944,0.4643483262727508,0.037072350625236394,0.37192706080702354
3,10,153,0.2737801461274785,0.3936805781556182,0.011742938092167194,0.3207963376247361
3,10,154,0.18841475685526712,0.19575751818312967,0.01542355600044762,0.6004041689611557
3,10,155,0.20158720897346447,0.37254972821469984,0.16309883808442416,0.2627642247274116
3,10,156,6.713713558624768e-05,0.14406999623990685,0.05986336627453193,0.7959995003499751
3,10,157,0.008509957735821588,0.186855167062475,0.09269528826845042,0.711939586933253
3,10,158,0.1523554315109722,0.5780199153493218,0.13277221389740074,0.13685243924230506
3,10,159,0.11232525890609246,0.12790700477987202,0.025478636790090808,0.7342890995239447
3,10,160,0.00015230518501989875,0.1461901852960989,0.2693905861995959,0.5842669233192852
3,10,161,0.3002825276348736,0.41610495602487163,0.0664516773386685,0.21716083900158625
3,10,162,0.05826727093081766,0.259332826394785,0.19291477054243472,0.4894851321319626
3,10,163,0.26021757295852505,0.31030932824822877,0.17267712773038413,0.2567959710628622
3,10,164,0.006342799000228444,0.2830789541382422,0.20004804036910084,0.5105302064924286
3,10,165,0.1614624277224305,0.4715159350445702,0.14745674564005995,0.21956489159293935
3,10,166,0.0424382205860249,0.31259603584568113,0.23302518467997257,0.4119405588883213
3,10,167,0.007468726822601275,0.4114169203103463,0.005704844107872895,0.5754095087591796
3,10,168,0.08218168336390234,0.11977246362690545,0.021905307308356266,0.7761405457008359
3,10,169,0.2605218734441597,0.5390315875294936,0.07654512810011004,0.12390141092623656
3,10,170,0.1515853955737308,0.2345360741888282,0.22262072209233782,0.3912578081451032
3,10,171,0.054171825319996786,0.07529983904106595,0.054030534537398714,0.8164978011015386
3,10,172,0.07606585706646384,0.17239996106048713,0.3575590778852777,0.3939751039877713
3,10,173,0.009660940276331487,0.025295226609824716,0.03372642118661327,0.9313174119272305
3,10,174,0.24968156969946553,0.25553911298459053,0.1205922214774744,0.37418709583846965
3,10,175,0.05751443709841259,0.18873788804745145,0.3157725246438614,0.43797515021027444
3,10,176,2.129392350328089e-06,0.23260176629539733,0.12018615370521062,0.6472099506070417
3,10,177,0.024242833112920473,0.06705483515133868,0.12625134422580092,0.7824509875099399
3,10,178,0.06545157325839679,0.39113505150868405,0.18455803394429302,0.35885534128862606
3,10,179,0.12826000829376719,0.2681840055933956,0.19083847523178993,0.41271751088104724
3,10,180,0.24429821673019356,0.5241996206049704,0.06695456309277943,0.1645475995720565
3,10,181,0.013070779773955899,0.16091508488401393,0.15962359564508524,0.666390539696945
3,10,182,0.005479170054441617,0.4822922361330833,0.22005732148176657,0.2921712723307086
3,10,183,0.004916725014933558,0.6279004128768817,0.1576361271350641,0.20954673497312065
3,10,184,0.353830092535257,0.40113040664579963,0.0960895507912789,0.1489499500276645
3,10,185,0.20605818732635625,0.42035779842031334,0.010932583543900004,0.36265143070943034
3,10,186,0.02994390667128229,0.29401228039995214,0.2533649831460484,0.4226788297827172
3,10,187,0.1479907552616675,0.22420241169592917,0.1693806395260146,0.45842619351638875
3,10,188,0.04378790567308131,0.508588970328467,0.16618770950355316,0.2814354144948987
3,10,189,0.3326117734277058,0.3530631748562893,0.03046722018106908,0.28385783153493577
3,10,190,0.05276591238661013,0.132479321243698,0.12234327811770553,0.6924114882519865
3,10,191,0.037918361367673466,0.316089664272261,0.15651081898990954,0.489481155370156
3,10,192,0.06606201228716443,0.4466668718722783,0.07065451646941893,0.4166165993711382
3,10,193,0.07889532513631353,0.09137243711840193,0.3828033636370829,0.4469288741082017
3,10,194,0.11083685929733025,0.1439214968802235,0.1857648263743486,0.5594768174480975
3,10,195,0.21436995365960385,0.22647476239350908,0.01710754597792731,0.5420477379689596
3,10,196,0.07373114020801542,0.4055709982746406,0.02019674385239918,0.5005011176649448
3,10,197,0.2714254004667087,0.4143989125174179,0.00837243779162007,0.30580324922425317
3,10,198,0.0375904719466392,0.04961433188466518,0.13308423276649603,0.7797109634021995
3,10,199,0.2926727203526801,0.29516306287936955,0.11834837032718128,0.2938158464407692
3,10,200,0.15927336165805434,0.3854534205303105,0.052592622231232136,0.4026805955804031
3,10,201,0.006667531602813764,0.03223558462650768,0.35218928726157184,0.6089075965091068
3,10,202,0.04723535452673828,0.45768210454253583,0.003948354435128241,0.4911341864955977
3,10,203,0.006348356997995909,0.012502086304570262,0.2933840893101212,0.6877654673873127
3,10,204,0.051759346783885066,0.4297648391827186,0.0698795362096442,0.4485962778237521
3,10,205,0.15180819480605146,0.1821849939458808,0.010014656386248771,0.6559921548618189
3,10,206,0.0032959580126927404,0.04311255305549464,0.2977704225375838,0.6558210663942289
3,10,207,0.12207021461199814,0.27693437667029547,0.09382819390641531,0.5071672148112911
3,10,208,0.04504243782860745,0.4184877063244182,0.12583796875248532,0.410631887094489
3,10,209,0.18283135741225975,0.42211437842112465,0.0937064199334971,0.30134784423311856
3,10,210,0.24562046774413557,0.29960326049674324,0.18393204298058735,0.2708442287785338
3,10,211,0.10519009939149936,0.44665273718263343,0.007614170570280537,0.4405429928555868
3,10,212,0.30398722541366147,0.400841304181456,0.06272140053577356,0.23245006986910896
3,10,213,0.015940414966557532,0.03983222253047586,0.1418235190201116,0.802403843482855
3,10,214,0.20649017210805354,0.5012252471313574,0.04566793819836721,0.24661664256222188
3,10,215,0.017879220196391665,0.13243616215486478,0.11339617552224315,0.7362884421265002
3,10,216,0.036921704328899,0.3091754944096902,0.03298186476852431,0.6209209364928866
3,10,217,0.3130300340395755,0.4655989821442053,0.056187391795646316,0.16518359202057278
3,10,218,0.09686378182497146,0.3684114273733818,0.041719258878137766,0.4930055319235091
3,10,219,0.39294256183867227,0.4590554785169249,0.00025966572451624514,0.14774229391988664
3,10,220,0.09616345599528037,0.3188525583032041,0.10813949822624822,0.4768444874752673
3,10,221,0.03433987364122822,0.3941578285038795,0.0014735659182081925,0.5700287319366841
3,10,222,0.002844071309972387,0.17484085039116617,0.28571734374536406,0.5365977345534975
3,10,223,0.10207152851187642,0.16940177867304893,0.02065366765094017,0.7078730251641344
3,10,224,0.0758592792737553,0.08331813064528694,0.1596858902558361,0.6811366998251217
3,10,225,0.26805749590895955,0.30954487558362237,0.15504333290936395,0.26735429559805407
3,10,226,0.0009216091807100964,0.18986222825235546,0.09909896745460177,0.7101171951123326
3,10,227,0.13368752406560286,0.3872036311874521,0.03354624708458073,0.4455625976623644
3,10,228,0.2076266491251268,0.47944347704991414,0.05386114172212246,0.2590687321028365
3,10,229,0.08839074067901025,0.12574881152446785,0.0822331846245388,0.7036272631719831
3,10,230,0.13214681433748615,0.18463966226261566,0.0022545358733129434,0.6809589875265853
3,10,231,0.18396255286820012,0.42055982810139875,0.119088136002958,0.2763894830274432
3,10,232,0.21198766705081054,0.5409638325977615,0.09090385701110325,0.15614464334032488
3,10,233,0.01893066987205429,0.28515260627858985,0.3435784592663087,0.35233826458304707
3,10,234,0.27555791422621434,0.3062999794071597,0.08215085747669365,0.3359912488899324
3,10,235,0.038853567614777824,0.04524404059364721,0.053310468874194564,0.8625919229173804
3,10,236,0.012659614904973976,0.47890929855800196,0.12687827293117823,0.381552813605846
3,10,237,0.03477247553155865,0.1452095419793024,0.1767329644445022,0.643285018044637
3,10,238,0.03068769467988438,0.0441933443452855,0.20050207411770124,0.724616886857129
3,10,239,0.0442625444682052,0.5196761732875239,0.08188553292174053,0.35417574932253043
3,10,240,0.058971443604526406,0.11884401075868757,0.05105583964568719,0.771128705991099
3,10,241,0.1787805943959084,0.2583613513635842,0.03222136887165559,0.5306366853688519
3,10,242,0.15086112275731015,0.3816350478350005,0.09856744677196333,0.3689363826357261
3,10,243,0.07477166291164435,0.14056561405945875,0.0750278171410425,0.7096349058878546
3,10,244,0.03754852560219457,0.42473016541611197,0.22384070947125995,0.31388059951043357
3,10,245,0.3867855379855282,0.5091631411364218,0.016680083167387186,0.08737123771066278
3,10,246,0.052376974036727336,0.3058883315471202,0.09457627104002718,0.5471584233761254
3,10,247,0.07375704126967568,0.13293308449233052,0.12071526174195489,0.6725946124960388
3,10,248,0.18665726948113953,0.20248831317560712,0.0649870823146886,0.5458673350285648
3,10,249,0.05140783487511693,0.19141040540934917,0.008430325465547511,0.7487514342499864
3,10,250,0.22730512027654956,0.32255787008919423,0.1367571020336278,0.3133799076006284
3,10,251,0.04657980325331729,0.27852900701573774,0.04668501659874604,0.628206173132199
3,10,252,0.0682740031486164,0.3131216180451419,0.19294337459998948,0.42566100420625214
3,10,253,0.1091374033272389,0.39421322018214894,0.21839599502252183,0.2782533814680902
3,10,254,0.22662849410768773,0.5052721700170447,0.07253927895474344,0.19556005692052414
3,10,255,0.05766591355578314,0.3841145099829871,0.1886547384343605,0.3695648380268694
3,10,256,0.012772608053233972,0.024833451846727864,0.03230145377654665,0.9300924863234915
3,10,257,0.034392726396717616,0.053367377075688845,0.37568577967936195,0.5365541168482317
3,10,258,0.017217259043182387,0.0642769330009281,0.26128599473013026,0.6572198132257592
3,10,259,0.35645808944767354,0.3921171318554645,8.073273286348508e-05,0.25134404596399856
3,10,260,0.26868729282475595,0.43936057968162956,0.059516141517263185,0.2324359859763513
3,10,261,0.027526821282136762,0.3373578862237654,0.05887298607666849,0.5762423064174295
3,10,262,0.001932546090719745,0.5150942516055688,0.14957421290769538,0.3333989893960161
3,10,263,0.028832676546348187,0.5417125078489528,0.09532898900489603,0.33412582659980317
3,10,264,0.024870609356380084,0.5161414251183322,0.14883377781142218,0.3101541877138656
3,10,265,0.1932777554327675,0.30103272653825325,0.08003484669919818,0.4256546713297811
3,10,266,0.013168393645406463,0.10064873222953795,0.27202754280381286,0.6141553313212427
3,10,267,0.09364337612871461,0.42139558157763063,0.13742908645258006,0.3475319558410749
3,10,268,0.0019707585142004725,0.4088754144321073,0.2069767976595974,0.3821770293940949
3,10,269,0.060045128977923086,0.46872025151483476,0.010487465808782273,0.46074715369845987
3,10,270,0.001079092683653911,0.354437912844763,0.06181495864162379,0.5826680358299593
3,10,271,0.21835613819419025,0.26700603349503155,0.020459148376794682,0.4941786799339835
3,10,272,0.4235293184310322,0.4910178723884316,0.019098169934269545,0.06635463924626679
3,10,273,0.03808821804383435,0.237550387561379,0.22700473430310358,0.4973566600916832
3,10,274,0.03709196567249808,0.6111869673014945,0.17024670916837248,0.18147435785763508
3,10,275,0.11097165548954913,0.13148290915270042,0.14159717251079745,0.6159482628469529
3,10,276,0.06309501310572414,0.32734435263336015,0.06357417784955333,0.5459864564113622
3,10,277,0.04591224320313678,0.05593287876550453,0.3090580713415222,0.5890968066898364
3,10,278,0.01852242382839635,0.5397650901255695,0.19532425024262562,0.24638823580340846
3,10,279,0.10973095003596788,0.12921969690569454,0.00018400990921623673,0.7608653431491212
3,10,280,0.02152968416346067,0.19551257135644096,0.23127207584671908,0.5516856686333793
3,10,281,0.0019130771959073277,0.14300446350032925,0.3893194045449759,0.4657630547587875
3,10,282,0.0005950993120451818,0.0007805773757482855,0.23831332379174022,0.7603109995204663
3,10,283,0.09775408244114983,0.2941183252601597,0.06321179331494478,0.5449157989837456
3,10,284,0.08166655788550575,0.30809950926748403,0.2340265814744091,0.3762073513726011
3,10,285,0.11246394582888632,0.5393569787029255,0.08110944593922705,0.2670696295289613
3,10,286,0.18896226571281943,0.38962032136749825,0.18252543661408238,0.23889197630559988
3,10,287,0.10916536434150517,0.5490972889119687,0.1057541760278042,0.23598317071872194
3,10,288,0.051554081414124,0.4277777671145996,0.0005599133926524182,0.5201082380786238
3,10,289,0.013707339637916694,0.2554037789373793,0.17003395169848795,0.560854929726216
3,10,290,0.1699011316277454,0.34152771949619704,0.16042246644211686,0.32814868243394085
3,10,291,0.06468656888386563,0.42409509804061674,0.14253178849386527,0.36868654458165234
3,10,292,0.08168913179664264,0.419964858796448,0.2377481997531522,0.26059780965375723
3,10,293,0.03214643696791151,0.10185568363462291,0.14247977075075127,0.7235181086467143
3,10,294,0.004643700018697998,0.23570547762841368,0.08218774338086628,0.677463078972022
3,10,295,0.2947906676068048,0.3936121645477497,0.07665360784732718,0.23494355999811828
3,10,296,0.4363185099259341,0.4987352999687356,0.0037904911061667234,0.06115569899916357
3,10,297,0.07720336018005448,0.12945008298793886,0.006159921586890611,0.787186635245116
3,10,298,0.44559950499020784,0.48502568824366743,0.012667391540776323,0.0567074152253484
3,10,299,0.1334502033238363,0.39318637516563815,0.0018241110925846168,0.4715393104179411
3,10,300,0.17941427260828305,0.30632568278314726,0.008192719142954462,0.5060673254656152
3,10,301,0.37283826619917226,0.4403064079073211,0.05911136376031957,0.12774396213318695
3,10,302,0.070051883352854,0.48000260903898817,0.1687035887225117,0.28124191888564604
3,10,303,0.051008609347935795,0.3707219025122432,0.04846085912338929,0.5298086290164318
3,10,304,0.24551462913361266,0.3689504285479665,0.0004949743182609876,0.38503996800015977
3,10,305,0.12580883810052318,0.25738622814869044,0.25683731565534873,0.35996761809543754
3,10,306,0.16351093897445113,0.1841461914868029,0.12239282395718976,0.5299500455815562
3,10,307,0.28154533051401615,0.5294651193503772,0.06761212643656761,0.12137742369903903
3,10,308,0.182266905963768,0.3949804494595934,0.17385253097464257,0.2489001136019961
3,10,309,0.2872097435329987,0.2988321822664364,0.07637650229102422,0.3375815719095408
3,10,310,0.002159228704837742,0.06087909779934117,0.3444541751311181,0.5925074983647028
3,10,311,0.3293601458366984,0.49927062996085186,0.020425445588187558,0.15094377861426214
3,10,312,0.0025719540415242194,0.0389136005854119,0.2820722653261265,0.6764421800469373
3,10,313,0.3615672782705674,0.463888615664532,0.08704222529258387,0.08750188077231676
3,10,314,0.04672948193233266,0.15828001944309086,0.23005104509071972,0.5649394535338567
3,10,315,0.11743660733722823,0.13117136328278825,0.3114227207979304,0.43996930858205324
3,10,316,0.14247193403049857,0.3797073083814063,0.17126691570266606,0.306553841885429
3,10,317,0.10386627455405857,0.18200066758755423,0.00019316373212183656,0.7139398941262655
3,10,318,0.15470534235603076,0.2948634214391779,0.2597307878098928,0.29070044839489856
3,10,319,0.10430150747613574,0.35828232260988174,0.07475736519636941,0.4626588047176132
3,10,320,0.01926925351026173,0.0740680777872908,0.1694750380050154,0.7371876306974321
3,10,321,0.09606176654397001,0.3908144548181569,0.05002579445854209,0.46309798417933096
3,10,322,0.05768074321778147,0.31480827241902865,0.15747106852239193,0.47003991584079796
3,10,323,0.10794445264649948,0.1559603859661659,0.019530360622274683,0.71656480076506
3,10,324,0.1747106374351712,0.560712505439876,0.09964962644167638,0.16492723068327628
3,10,325,0.13496518637180152,0.332316034799271,0.2646882243566294,0.2680305544722981
3,10,326,0.11760843885990405,0.13752740741322425,0.04252846064605194,0.7023356930808198
3,10,327,0.017806757659767632,0.08178838004947968,0.18551146756626816,0.7148933947244845
3,10,328,0.2919725509066391,0.3409064278061234,0.01867381225718122,0.3484472090300563
3,10,329,0.042269522631758705,0.04531214842298,0.28757186543492885,0.6248464635103325
3,10,330,0.12827517341362474,0.41031830149508197,0.009599142288371665,0.45180738280292154
3,10,331,0.04749708449542794,0.3243454840210003,0.059317221474728295,0.5688402100088434
3,10,332,0.0504146419651011,0.2576175308112107,0.05772295390888812,0.6342448733148001
3,10,333,0.07736619745243999,0.4829221348854022,0.057055452322959915,0.38265621533919786
3,10,334,0.01136270239899109,0.02070820736337185,0.040968813997379894,0.926960276240257
3,10,335,0.20618023064707125,0.41661620422962714,0.17276439174384925,0.20443917337945244
3,10,336,0.06761889268768072,0.07702310364944678,0.1411765829561838,0.7141814207066888
3,10,337,0.2374595920137982,0.29899243905152045,0.02025337906260811,0.44329458987207326
3,10,338,0.21225092783142235,0.30719159568866344,0.002291023728027171,0.47826645275188695
3,10,339,0.33395511700349806,0.35578516015240247,0.08795583570023069,0.22230388714386878
3,10,340,0.06528873522791104,0.22372736337738724,0.09595186346653624,0.6150320379281654
3,10,341,0.188495321801201,0.2826733404398374,0.0539332005866757,0.474898137172286
3,10,342,0.011987830876640624,0.11423265390593614,0.07729291384731611,0.7964866013701072
3,10,343,0.0036063437089563595,0.16286417266668757,0.33598027679036824,0.4975492068339878
3,10,344,0.30667416414874504,0.4546134497600246,0.0024082547130013306,0.23630413137822895
3,10,345,0.2648706998247309,0.33513893672383777,0.18240911752979766,0.21758124592163366
3,10,346,0.12600757578278432,0.4556611997522959,0.11197985895960288,0.30635136550531705
3,10,347,0.2911399493705264,0.39165648562902433,0.15213057063532906,0.1650729943651203
3,10,348,0.11495888263705793,0.177630014349346,0.27509624200682964,0.4323148610067664
3,10,349,0.3133540334702475,0.5423142680127211,0.04569285465851705,0.09863884385851446
3,10,350,0.023427907655184065,0.11557592191363888,0.0001654270079274569,0.8608307434232496
3,10,351,0.3561882187620335,0.39077440248671974,0.08716183812396118,0.16587554062728563
3,10,352,0.01374167036206639,0.39672209376511564,0.05620176506265761,0.5333344708101604
3,10,353,0.07663362577939273,0.1869935990268793,0.061807721801617095,0.6745650533921108
3,10,354,0.003720854708815919,0.5994785635039552,0.16290546641839285,0.23389511536883592
3,10,355,0.028871423233522556,0.4983519061225757,0.1346277537537395,0.33814891689016213
3,10,356,0.10861146443281175,0.2892318494459862,0.2948372518153766,0.3073194343058254
3,10,357,0.0856805923876554,0.3652628911694785,0.20516009980176148,0.34389641664110465
3,10,358,0.13097318766092506,0.2405943136561368,0.07150702885487345,0.5569254698280648
3,10,359,0.11922309590107795,0.2798137620004168,0.014667398810983383,0.5862957432875219
3,10,360,0.020885017720313096,0.5996710971898862,0.11900553690617989,0.2604383481836208
3,10,361,0.02095251120467586,0.19683591411626494,0.06833747470384127,0.713874099975218
3,10,362,0.03756941209867516,0.3042896798370499,0.08294570518833361,0.5751952028759412
3,10,363,0.13805725617895087,0.3656931598880631,0.01740692220547491,0.4788426617275113
3,10,364,4.325572520912854e-05,0.09872364919203731,0.07579605714123976,0.8254370379415138
3,10,365,0.016500340154507204,0.508566338040008,0.043231840094493074,0.43170148171099176
3,10,366,0.10620913996136291,0.14822966890724962,0.0005144348196652739,0.7450467563117221
3,10,367,0.2852818488215787,0.3389274075882828,0.03370482367066206,0.3420859199194764
3,10,368,0.05453945248855603,0.22290181494659064,0.004940913280347664,0.7176178192845056
3,10,369,0.09895215904156045,0.2810427218429143,0.21932004647229875,0.40068507264322645
3,10,370,0.2222903508593718,0.3898197970115388,0.07668875987232446,0.3112010922567649
3,10,371,0.09194006112546088,0.35282144882218786,0.24502661551024799,0.3102118745421033
3,10,372,0.04757571424391501,0.38237211354375955,0.024077872572762515,0.5459742996395628
3,10,373,0.2149925489037792,0.5029684099660274,0.017680956562863042,0.2643580845673303
3,10,374,0.024385436898596895,0.1481658591318125,0.20589227773709218,0.6215564262324985
3,10,375,0.015016111368868134,0.3064181549431706,0.25499657596919867,0.4235691577187626
3,10,376,0.0526214038683186,0.29524058361097116,0.056375602927029346,0.5957624095936809
3,10,377,0.16545280241242225,0.5298015062662088,0.04666784599148286,0.2580778453298861
3,10,378,0.2874068948536657,0.3193490443917794,0.00736720323052231,0.3858768575240327
3,10,379,0.13967043083504285,0.14536689800644245,0.0013989126935887695,0.7135637584649259
3,10,380,0.017056608366742224,0.3840972052000553,0.1372306912011064,0.4616154952320961
3,10,381,0.31669096658998463,0.3683980456485718,0.06459228528333383,0.2503187024781098
3,10,382,0.14233196673186616,0.3999409113688541,0.0077266274561106855,0.4500004944431691
3,10,383,0.43472653614959417,0.5033016882091065,0.022123984434536188,0.03984779120676324
3,10,384,0.08934590168949934,0.3163313006832602,0.027758251525723438,0.5665645461015171
3,10,385,0.0066554115707334015,0.5004723393700841,0.10897184670163608,0.38390040235754647
3,10,386,0.055767114833995705,0.5412232386524809,0.1835016059645246,0.21950804054899883
3,10,387,0.2324954647916306,0.515427779719863,0.0974496596999086,0.15462709578859782
3,10,388,0.05801358563270094,0.10414127071348274,0.1271203135711152,0.710724830082701
3,10,389,0.005443522813276897,0.14944595844282596,0.21430509219694927,0.6308054265469479
3,10,390,0.12142165783076479,0.23050144596508834,0.13648700486318746,0.5115898913409594
3,10,391,0.10945052028770631,0.29529805685359656,0.23052223314627496,0.36472918971242213
3,10,392,0.16370512731867398,0.41427752962100456,0.15809331276873964,0.2639240302915817
3,10,393,0.15044709785859856,0.3081517490320217,0.12085842343877118,0.42054272967060874
3,10,394,0.07046971439550578,0.08207388544578803,0.34045778252144554,0.5069986176372605
3,10,395,0.07774377858858053,0.44026711279275643,0.08058746474052704,0.40140164387813604
3,10,396,0.07130068195836259,0.08312411161358783,0.08551347837730346,0.7600617280507461
3,10,397,0.005704671182355019,0.380762860544891,0.0886730137760526,0.5248594544967013
3,10,398,0.002741510616880466,0.5377175271057925,0.07765754861964703,0.38188341365768025
3,10,399,0.028469048688728012,0.12154414664223445,0.2109421560060749,0.6390446486629627
3,10,400,0.08120477926195209,0.3430388897820946,0.012977990264181762,0.5627783406917716
3,10,401,0.2374840985194446,0.39750988709757157,0.003931724114059306,0.3610742902689245
3,10,402,0.22137029107705733,0.4091709717732077,0.08424451737024767,0.2852142197794873
3,10,403,0.09068976895762096,0.4416586412100976,0.030613093081232248,0.43703849675104933
3,10,404,0.1746105799972056,0.1831072589018574,0.010449333190925345,0.6318328279100115
3,10,405,0.301370000246612,0.4727897913012338,0.05283811454043091,0.17300209391172322
3,10,406,0.11529327618776433,0.21934980447145527,0.03957421630294378,0.6257827030378366
3,10,407,0.32347954616871083,0.41031022131187406,0.023907434452918323,0.2423027980664967
3,10,408,0.11404217623683857,0.3513785342262727,0.04407905921476698,0.4905002303221218
3,10,409,0.10246190893485912,0.2817113873842454,0.16608802563859515,0.4497386780423004
3,10,410,0.18227418171339876,0.20539948367380845,0.07245713242464016,0.5398692021881526
3,10,411,0.021750122508974713,0.14346973462942902,0.04718267296717188,0.7875974698944243
3,10,412,0.1031267308565485,0.3679725531715027,0.11685858872794282,0.41204212724400585
3,10,413,0.014298445285422292,0.4375351263911434,0.1956861179399309,0.3524803103835033
3,10,414,0.1694950963215642,0.3274776231657746,0.005040112638560412,0.4979871678741007
3,10,415,0.011471650281738691,0.2747792776944319,0.3328338942451272,0.3809151777787021
3,10,416,0.03732227761476539,0.30112816576082335,0.24227502326808267,0.4192745333563285
3,10,417,0.01074190842128371,0.397970897480596,0.04656942169085916,0.5447177724072612
3,10,418,0.07703348346477137,0.1714975489090082,0.19816435538493613,0.5533046122412844
3,10,419,0.06293688855508846,0.4204798332477932,0.14326794200493478,0.37331533619218354
3,10,420,0.016527943649958,0.08704051156046383,0.335533529695091,0.5608980150944871
3,10,421,0.4352334380795884,0.4355539266790639,0.011622685171298951,0.11758995007004884
3,10,422,0.002667216915911102,0.08277304699103157,0.2892725889394423,0.625287147153615
3,10,423,0.02191221066799264,0.14293767238509897,0.1768392273808879,0.6583108895660206
3,10,424,0.029992286396216393,0.5744952326583184,0.17941479803749105,0.21609768290797424
3,10,425,0.004248180227761258,0.22819502722659105,0.011280202825803422,0.7562765897198443
3,10,426,0.21560937561298832,0.33189890950481166,0.008488899424477357,0.44400281545772263
3,10,427,0.02911034717877252,0.07708721035157277,0.05972413849249832,0.8340783039771564
3,10,428,0.17384135797217734,0.3746741192830295,0.18532404523694385,0.2661604775078492
3,10,429,0.05594990093240242,0.10598759097176406,0.13528412305725737,0.7027783850385761
3,10,430,0.18364662632169446,0.46232446497430696,0.1680862272221137,0.1859426814818849
3,10,431,0.0263724716223569,0.25419126850077145,0.3364064827260011,0.3830297771508705
3,10,432,0.1000209906839201,0.11638679434186275,0.2206420106013169,0.5629502043729003
3,10,433,0.11651520225582762,0.4947156604843067,0.05904147747105796,0.32972765978880786
3,10,434,0.030676473193874152,0.09542782657489039,0.027434039095608185,0.8464616611356273
3,10,435,0.005894472474103296,0.10337203248632126,0.17954157909826207,0.7111919159413134
3,10,436,0.019674667694633084,0.021585163368723615,0.4788885724524244,0.47985159648421893
3,10,437,0.012866523819448415,0.19927767214250477,0.11304959498060185,0.6748062090574449
3,10,438,0.077031070671873,0.3598012891733555,0.07013795771377168,0.49302968244099976
3,10,439,0.011479841487265547,0.3982103762497617,0.027726899669086397,0.5625828825938864
3,10,440,0.020144816048886575,0.3398138569039642,0.17324502831144492,0.4667962987357042
3,10,441,0.35100289664828493,0.4728012078359312,0.04999355643866513,0.1262023390771186
3,10,442,0.03275061983209654,0.26399493292422577,0.20772878283437812,0.4955256644092995
3,10,443,0.13216457382107347,0.2550319391083543,0.1758232158562595,0.43698027121431277
3,10,444,0.10145189712658298,0.3785686645591519,0.04450314711702477,0.47547629119724044
3,10,445,0.0993752977551497,0.4049697789818476,0.1906431855421912,0.30501173772081147
3,10,446,0.006687719791121685,0.40639201939668995,0.11553510812684609,0.4713851526853421
3,10,447,0.06909289569073472,0.214586753399727,0.019162510715185353,0.6971578401943529
3,10,448,0.3295351036545798,0.3559314021601357,0.13639104236681457,0.17814245181846997
3,10,449,0.2915198037207488,0.31139628255201884,0.1680729010781637,0.22901101264906853
3,10,450,0.22728279942343707,0.41337263013647035,0.10294176905949046,0.2564028013806022
3,10,451,0.08962320698103798,0.2133374436347321,0.0691585847910628,0.627880764593167
3,10,452,0.12602894093075137,0.19583652629670295,0.00030716902384634394,0.6778273637486993
3,10,453,0.047950103718572244,0.24515897795006647,0.0010088495759986717,0.7058820687553626
3,10,454,0.0005312769331851658,0.4676435044352092,0.03910016578110094,0.49272505285050483
3,10,455,0.2081892147923044,0.5131227783914394,0.06938819799197064,0.2092998088242855
3,10,456,0.18414265697522317,0.49546248750790095,0.022409208557464113,0.2979856469594117
3,10,457,0.03430802583175727,0.07426251422623703,0.07412925889771607,0.8173002010442898
3,10,458,0.06579770222936183,0.21628052861339334,0.32492651379498483,0.39299525536225993
3,10,459,0.0030197181139361524,0.2799890421074147,0.019020025722855362,0.6979712140557938
3,10,460,0.21701469686325697,0.4835321557586257,0.0755496447533671,0.22390350262475034
3,10,461,0.13631166055538008,0.2948323800916199,0.22867546087170687,0.34018049848129317
3,10,462,0.1685122110426613,0.22113100365995011,0.20505836572487213,0.4052984195725165
3,10,463,0.005162270558668864,0.2695930992088568,0.1992029825902494,0.5260416476422249
3,10,464,0.04546796149459839,0.4195261375379801,0.21866973031514383,0.31633617065227754
3,10,465,0.01614074915840525,0.2973058914046854,0.23174385219385,0.45480950724305946
3,10,466,0.2570517913349052,0.35235764618015575,0.013113771444968253,0.37747679103997084
3,10,467,0.09557147586025032,0.2910931796114275,0.13368029022280248,0.47965505430551947
3,10,468,0.05694156404743917,0.2904930338225439,0.048763777073066,0.6038016250569509
3,10,469,0.3447546152591629,0.3617760623227603,0.0470597278709195,0.24640959454715747
3,10,470,0.18996435217536237,0.5046934269689383,0.10892954156883672,0.19641267928686257
3,10,471,0.09260158347258239,0.3763069122060568,0.010570960657526862,0.5205205436638338
3,10,472,0.015625237410322852,0.16257533312973477,0.13267147978923352,0.6891279496707089
3,10,473,0.1004982941038063,0.22059281656398813,0.12297630773808747,0.5559325815941182
3,10,474,0.09011308426646567,0.15325669290230257,0.03800556258347343,0.7186246602477584
3,10,475,0.07533427355332782,0.1414827118191125,0.34652593120694974,0.43665708342060994
3,10,476,0.13219928398140016,0.32498120947741044,0.0890988720551216,0.45372063448606775
3,10,477,0.062301542986429544,0.27084720180105626,0.1619393169780482,0.504911938234466
3,10,478,0.02020804275211111,0.05077942752556837,0.1210104280840695,0.8080021016382511
3,10,479,0.27319406414158104,0.4374111485401878,0.1319973943922775,0.15739739292595364
3,10,480,0.1625032458766784,0.3661979437940818,0.053372689315713394,0.4179261210135263
3,10,481,0.03615832530947092,0.32094634151646073,0.11579177831607837,0.52710355485799
3,10,482,0.006243013927903722,0.10663115122942544,0.0629915458588306,0.8241342889838403
3,10,483,0.0629918609547127,0.13956381617303043,0.09310051129786256,0.7043438115743942
3,10,484,0.13128810047525916,0.5776211467001472,0.11645613440795947,0.17463461841663414
3,10,485,0.10192092684495213,0.26905905102194966,0.10543688245217946,0.5235831396809189
3,10,486,0.18569506173281508,0.3337546380169305,0.08988348142502925,0.3906668188252251
3,10,487,0.348287137102766,0.38859647099472766,0.023517257283476922,0.23959913461902946
3,10,488,0.1693285019412784,0.36903000041070133,0.1564564940394828,0.30518500360853745
3,10,489,0.026920568757861953,0.45969938707091973,0.2508984379699819,0.26248160620123634
3,10,490,0.17027126145892574,0.17708491758954256,0.08117782487938953,0.5714659960721421
3,10,491,0.07291890758267715,0.38705083932628337,0.11772517333797486,0.4223050797530647
3,10,492,0.00017876855525569092,0.24926435923200477,0.21025983221146732,0.5402970400012723
3,10,493,0.039090408510278195,0.4707182520672727,0.09312875607699547,0.39706258334545363
3,10,494,0.2741829579279282,0.29973700911211626,0.09745755588502253,0.3286224770749329
3,10,495,0.10676051070019074,0.133235893913791,0.28989104629590673,0.4701125490901115
3,10,496,0.1853850929022486,0.37861573626380474,0.18552190751411737,0.25047726331982934
3,10,497,0.033197335426721764,0.2385716149298092,0.22825150126705676,0.4999795483764121
3,10,498,0.08260122031092913,0.16029644760727182,0.06106333342468781,0.6960389986571114
3,10,499,0.04592845233591462,0.14269286272291337,0.25935115377253326,0.5520275311686386
3,10,500,0.035041326006570686,0.47621134671417903,0.005251678069501633,0.48349564920974863
3,10,501,0.0518844553417276,0.07261818176764041,0.41029878401239406,0.46519857887823785
3,10,502,0.05856207048888246,0.09035259576424833,0.037229027891776754,0.8138563058550925
3,10,503,0.3590287616549665,0.42549753066551727,0.09979451817965307,0.1156791894998633
3,10,504,0.1387429643052875,0.18370766365442867,0.09166980990911408,0.5858795621311699
3,10,505,0.06923778929509815,0.1283957196734262,0.06622684608402768,0.7361396449474481
3,10,506,0.017021200984651007,0.32210508116464914,0.03934503235413738,0.6215286854965625
3,10,507,0.020500609110934247,0.4837538171869489,0.22216873929194061,0.27357683441017633
3,10,508,0.12236984703902984,0.2146549156789891,0.11339572446176863,0.5495795128202124
3,10,509,0.006534663677476505,0.04206356741212832,0.07166506693137256,0.8797367019790227
3,10,510,0.12271924436109698,0.3111695846086389,0.07353429103649056,0.4925768799937735
3,10,511,0.06224262246013654,0.362499039205614,0.19277861055982037,0.38247972777442907
3,10,512,0.3294466343095736,0.3321622627515343,0.02060694047660676,0.31778416246228536
3,10,513,0.19418675131801802,0.47201874385418247,0.07108172893032276,0.26271277589747677
3,10,514,0.19202875439937298,0.4532209991664653,0.08278577949130514,0.27196446694285664
3,10,515,0.17681966815463132,0.3394178771978621,0.0377757336708669,0.44598672097663955
3,10,516,0.07013310617269905,0.35150145414205164,0.1771194037576844,0.40124603592756486
3,10,517,0.27403548697511565,0.3671732024748907,0.012564408516916176,0.3462269020330773
3,10,518,0.22942256877528047,0.5628327250404912,0.08781453613044081,0.1199301700537876
3,10,519,0.286777831289619,0.49035787260595814,0.06761903604099859,0.15524526006342446
3,10,520,0.18531500904622794,0.5136850341976542,0.07802248798733688,0.22297746876878108
3,10,521,0.290232114206568,0.362278753667926,0.0654675117812992,0.28202162034420675
3,10,522,0.04639959776142409,0.30088243374152673,0.22369244458671134,0.42902552391033777
3,10,523,0.05980130564486295,0.21077301918695338,0.28097924842679384,0.4484464267413897
3,10,524,0.0013669168395145802,0.3381108917043055,0.1133984612786242,0.5471237301775558
3,10,525,0.02029218323628459,0.31566178476866247,0.01757607723091041,0.6464699547641426
3,10,526,0.006295055947378427,0.536831254808772,0.12912318821847882,0.3277505010253708
3,10,527,0.0019179590128069457,0.023906009543837762,0.338689942081972,0.6354860893613833
3,10,528,0.004284942192587889,0.26763419495703494,0.045621704616899524,0.6824591582334777
3,10,529,0.011818519676029303,0.015327465049791947,0.24337750534951405,0.7294765099246647
3,10,530,0.03887762329771041,0.6187463320981444,0.13816831699410045,0.20420772761004474
3,10,531,0.16907325751581587,0.20397135773412237,0.19533627603369436,0.4316191087163674
3,10,532,0.07462397254071024,0.371692367472807,0.14782344632038796,0.4058602136660949
3,10,533,0.08530753133534395,0.39618044812485953,0.24410485732172885,0.27440716321806763
3,10,534,0.09112122040268379,0.27629267604656227,0.009554868346381197,0.6230312352043728
3,10,535,0.09842631195153438,0.4277025915683711,0.0426081861895453,0.43126291029054914
3,10,536,0.19428999418425935,0.2886025332968762,0.2329496577320449,0.28415781478681956
3,10,537,0.29532203332427875,0.3094652043665308,0.027865284011222295,0.36734747829796816
3,10,538,0.05421398606020732,0.5551151102172374,0.1761749782697828,0.21449592545277266
3,10,539,0.16713507520278756,0.29117250456400623,0.13331294619579756,0.40837947403740876
3,10,540,0.019134027677034638,0.15238980237156347,0.31699940713291247,0.5114767628184893
3,10,541,0.032284366875707224,0.1991736545489112,0.33821003942645234,0.4303319391489293
3,10,542,0.07351205814249287,0.09842331259857906,0.30139913441679816,0.52666549484213
3,10,543,0.07806027395752928,0.21976571828795588,0.0662060078184453,0.6359679999360695
3,10,544,0.15020318330117116,0.25203731570834365,0.29885587527332047,0.29890362571716494
3,10,545,0.3024572323510259,0.3099546755734256,0.043674425326148826,0.34391366674939977
3,10,546,0.00042543170775945883,0.19643506451216838,0.0955685641777678,0.7075709396023042
3,10,547,0.059261250976039334,0.3429607472041644,0.21385178037505928,0.383926221444737
3,10,548,0.026462234724837524,0.09919986657598828,0.314161615159021,0.5601762835401531
3,10,549,0.005693317293743759,0.10943870935977805,0.299136999413539,0.5857309739329393
3,10,550,0.25036449684680484,0.5472710936526579,0.09707982366043294,0.10528458584010417
3,10,551,0.2896706760004195,0.505409475528385,0.07781123308575787,0.1271086153854376
3,10,552,0.01908825211625211,0.09645922932592571,0.1176432574417541,0.7668092611160681
3,10,553,0.1116859550614728,0.15114891312568896,0.13639572779264858,0.6007694040201896
3,10,554,0.10825941428304169,0.3820015121016456,0.23875517198307475,0.2709839016322378
3,10,555,0.02867577049932555,0.11564558312407637,0.285839428412628,0.5698392179639701
3,10,556,0.03362292740792602,0.33341764333511953,0.2855984653337069,0.34736096392324767
3,10,557,0.06866467710367614,0.20778183899950006,0.010569617701804484,0.7129838661950192
3,10,558,0.04172541976608098,0.3096311451671941,0.05574681264990543,0.5928966224168194
3,10,559,0.06480766686567666,0.42183622059954295,0.020061020463300164,0.49329509207148015
3,10,560,0.00026219517851264776,0.06549626298219167,0.01311365728351725,0.9211278845557783
3,10,561,0.04400075855587653,0.48973662102039145,0.03524087982962783,0.4310217405941042
3,10,562,0.10790612604855161,0.6115368379983741,0.11718831836403804,0.16336871758903615
3,10,563,0.18267236886497257,0.5171202634653609,0.09090643713382432,0.20930093053584228
3,10,564,0.0007009299911891399,0.08734323155315364,0.058507639016098616,0.8534481994395587
3,10,565,0.03548299299766863,0.34531298940356325,0.1334835866148021,0.485720430983966
3,10,566,0.2115292541294718,0.5054779811534567,0.12423145053772965,0.15876131417934178
3,10,567,0.037261419999293555,0.05652511521073217,0.028207169888250127,0.8780062949017242
3,10,568,0.10663012905743822,0.133473232857133,0.1937243008772959,0.5661723372081329
3,10,569,0.031555652886887095,0.13612415258252028,0.3589442592283192,0.4733759353022734
3,10,570,0.02257883776722942,0.18629264472785506,0.3254398969558666,0.46568862054904886
3,10,571,0.04569810611973676,0.13008893969397098,0.3803418227197108,0.4438711314665816
3,10,572,0.014328880997294936,0.16175076804936914,0.11434579539728687,0.7095745555560489
3,10,573,0.11355843341364288,0.4454377339515668,0.02542533614834155,0.41557849648644885
3,10,574,0.06449811458221133,0.4817877800546926,0.20435261839611388,0.2493614869669822
3,10,575,0.047663235166019,0.05975891620056527,0.2739077644455385,0.6186700841878772
3,10,576,0.25961070808445924,0.4963175836519442,0.07149940579006912,0.17257230247352742
3,10,577,0.07902017435959964,0.13851226197393135,0.3137405313105529,0.4687270323559162
3,10,578,0.3884061871931914,0.47192885387451405,0.0031872726891517,0.13647768624314294
3,10,579,0.008470893508479668,0.17911190172159758,0.1296085136960654,0.6828086910738573
3,10,580,0.06659527249390375,0.13371640970268509,0.3453894780950329,0.4542988397083783
3,10,581,0.25280106291586746,0.3354999112247158,0.08637411788254375,0.32532490797687297
3,10,582,0.08430878407310657,0.2046913980394479,0.09817293114020784,0.6128268867472377
3,10,583,0.2266805308578398,0.23414294103644323,0.1136335238922438,0.425543004213473
3,10,584,0.021573621770820176,0.19604846064777515,0.2692260723619801,0.5131518452194247
3,10,585,0.010719877299573875,0.17947262430711491,0.010746586151201075,0.7990609122421101
3,10,586,0.002918954747515988,0.24950033696149396,0.18984143935644737,0.5577392689345427
3,10,587,0.04552813716732114,0.20648257194231934,0.0030889333198110725,0.7449003575705484
3,10,588,0.02194721383920501,0.02904688252685177,0.0012055029524594872,0.9478004006814839
3,10,589,0.05690293192759272,0.5226248315961626,0.17189101966345965,0.24858121681278503
3,10,590,0.041674148158721516,0.5380791021437799,0.1372986385238621,0.2829481111736365
3,10,591,0.09131321284365665,0.33221851463127977,0.046916859196509515,0.5295514133285543
3,10,592,0.22085411165761798,0.30013753678598426,0.03818089379060368,0.4408274577657941
3,10,593,0.011318989971545903,0.16270014430449836,0.029506050989055104,0.7964748147349007
3,10,594,0.09604126950627416,0.09672213485069542,0.2792775652108705,0.5279590304321601
3,10,595,0.03087953633091728,0.04596213876487349,0.23160340737017102,0.6915549175340382
3,10,596,0.048712609193787754,0.3510664924289552,0.10473169128808843,0.49548920708916844
3,10,597,0.14856867117054157,0.481881283730115,0.06414632558035221,0.30540371951899126
3,10,598,0.06471854340027276,0.3455523955555776,0.15999848557131557,0.4297305754728341
3,10,599,0.3131632669719317,0.316715952432338,0.016730658626011842,0.3533901219697184
3,10,600,0.08490253159407174,0.3165484201664337,0.23865384133869322,0.3598952069008014
3,10,601,0.08522229574363521,0.5575723059198233,0.13713727783638802,0.22006812050015345
3,10,602,0.12355863397548307,0.17391883639735214,0.2767210607323278,0.42580146889483683
3,10,603,0.01879728292565703,0.39639197520895225,0.11027154183057399,0.4745392000348169
3,10,604,0.0077992411324556265,0.21076457737665222,0.014150942045646387,0.7672852394452458
3,10,605,0.06527337114990646,0.3573883922522479,0.13715883379721439,0.44017940280063117
3,10,606,0.16968240532490395,0.19912655289371137,0.01075547598255263,0.6204355657988322
3,10,607,0.006100643942238225,0.3674036595855985,0.09608358704098885,0.5304121094311744
3,10,608,0.129038142024146,0.1853900030761952,0.09662783518808969,0.5889440197115691
3,10,609,0.017250248199617315,0.0879487524415,0.05942031290679152,0.8353806864520911
3,10,610,0.06204716676947793,0.17899488752522974,0.038072518556662015,0.7208854271486304
3,10,611,0.1627690838079843,0.5486754622799299,0.08065548278584435,0.20789997112624134
3,10,612,0.24304499273524188,0.24916702324324352,0.13150705059770532,0.3762809334238092
3,10,613,0.18727036420761278,0.2760023321676345,0.10410762775427443,0.4326196758704783
3,10,614,0.06650473676475661,0.4475770796363458,0.05403231273823035,0.4318858708606671
3,10,615,0.24805163067336333,0.4789515620625827,0.032927161079181706,0.24006964618487228
3,10,616,0.08226250368688917,0.17504450860709736,0.16371803657209186,0.5789749511339216
3,10,617,0.058091098920219526,0.42631958711552936,0.18622331083388638,0.3293660031303648
3,10,618,0.06023439264365653,0.12002888192937386,0.16823529129258413,0.6515014341343854
3,10,619,0.3415994397631084,0.44272603075541966,0.011318842247054177,0.20435568723441785
3,10,620,0.033223632097714985,0.06370829503422251,0.21523481969672228,0.6878332531713401
3,10,621,0.05728415716219115,0.2464120738546344,0.21863563377915685,0.4776681352040176
3,10,622,0.012321645931522164,0.44575014802494156,0.23439720108564396,0.3075310049578923
3,10,623,0.3064101496070899,0.33633845800429335,0.08185420282570119,0.27539718956291565
3,10,624,0.12601370877413934,0.40275350221417927,0.08061346826671507,0.3906193207449662
3,10,625,0.009324622480094623,0.23593256086497238,0.15326147587169112,0.601481340783242
3,10,626,0.08474378574651428,0.12042328504534756,0.07334964366998928,0.7214832855381489
3,10,627,0.005114107459289863,0.09001400682056802,0.1863009621935686,0.7185709235265736
3,10,628,0.1693310750690466,0.3147284259297273,0.0024803203924045184,0.5134601786088216
3,10,629,0.0768836806016887,0.5171224633537407,0.057228993547332845,0.34876486249723765
3,10,630,0.0835006787876695,0.3051144609145323,0.021181017471119928,0.5902038428266784
3,10,631,0.10579247843766766,0.23484110030793,0.059881723711768156,0.5994846975426342
3,10,632,0.09751574339448368,0.23883953209334544,0.17940587629510701,0.48423884821706403
3,10,633,0.47668915983979876,0.4818230496071498,0.0094425753592718,0.03204521519377962
3,10,634,0.2777475385861092,0.32799905400336227,0.020773218968052416,0.3734801884424762
3,10,635,0.3023642220601593,0.34055387941587617,0.0057024930993741065,0.3513794054245904
3,10,636,0.1578670460555912,0.41977912330103734,0.19953420421369436,0.22281962642967723
3,10,637,0.4129198010506795,0.49837665823510285,0.033156622463295246,0.055546918250922346
3,10,638,0.38694489839265195,0.44389442371530546,0.0032846432764330117,0.16587603461560949
3,10,639,0.010509778945547438,0.19108691798926988,0.016734069770951467,0.7816692332942312
3,10,640,0.10638815463053093,0.5252770103228034,0.04701655731039761,0.321318277736268
3,10,641,0.14280547929484544,0.375705910485408,0.1435979716556578,0.3378906385640888
3,10,642,0.26662387179592945,0.2916256587225519,0.09028252126301696,0.3514679482185017
3,10,643,0.11220479387963482,0.24115964601794956,0.08880293064283619,0.5578326294595795
3,10,644,0.0062330966125014285,0.3620846199395666,0.1537431126330896,0.4779391708148423
3,10,645,0.0025549565716232628,0.15242958361352257,0.2443864888424913,0.6006289709723627
3,10,646,0.03427374613171114,0.3730130634014079,0.021784534547134922,0.5709286559197462
3,10,647,0.14247861568647982,0.29187034720293015,0.013463735731147094,0.5521873013794429
3,10,648,0.20451815079861563,0.5551555163893843,0.07453156451764163,0.16579476829435838
3,10,649,0.144614240225398,0.22974727473888878,0.17864943566602323,0.44698904936968986
3,10,650,0.04793372158613229,0.35822015198552837,0.03368879505522349,0.560157331373116
3,10,651,0.019894012493084007,0.40708434618318373,0.2152987378352616,0.35772290348847063
3,10,652,0.022563859398068615,0.19185529488142178,0.13931412177111324,0.6462667239493962
3,10,653,0.0013315893645766009,0.017225279900015423,0.2888417364865529,0.6926013942488553
3,10,654,0.12151946968735775,0.37223495307586485,0.004597240607444663,0.5016483366293327
3,10,655,0.42293311640883097,0.5068868982925815,0.012323420702248969,0.05785656459633854
3,10,656,0.41297956844035083,0.4240963896727364,0.06755517242777422,0.09536886945913868
3,10,657,0.2050873190299023,0.49522083973022374,0.000645970381943214,0.29904587085793055
3,10,658,0.04163960208119412,0.27315768635717835,0.14267646776202392,0.5425262437996036
3,10,659,0.0557983770557306,0.08147885951381176,0.293627290744894,0.5690954726855637
3,10,660,0.010011485219690388,0.3639680874805443,0.06648670772345708,0.5595337195763082
3,10,661,0.12914653764632927,0.16865845534445853,0.08320656407800871,0.6189884429312034
3,10,662,0.3775224742007029,0.4142205767833591,0.009246862794462142,0.19901008622147587
3,10,663,0.2830730098488323,0.36342015104136854,0.04336324392208113,0.31014359518771806
3,10,664,0.1057402519514473,0.21735656245297613,0.0023693033093992754,0.6745338822861774
3,10,665,0.07052348767139986,0.34638274407567565,0.08633424938805785,0.4967595188648665
3,10,666,0.018788971895946777,0.09370507456812865,0.010831046648019359,0.8766749068879052
3,10,667,0.03572621889510275,0.18423771165143704,0.055312614654773475,0.7247234547986869
3,10,668,0.3101248374487668,0.41089298083198983,0.0005541275124147666,0.2784280542068285
3,10,669,0.2002420114465694,0.46826850065912057,0.0763817101948112,0.2551077776994987
3,10,670,0.24436010057169197,0.45611493857182395,0.0056152384926715345,0.2939097223638125
3,10,671,0.08511562837687155,0.15054906042611116,0.02536577984609303,0.7389695313509242
3,10,672,0.30617423664120724,0.4957290929304214,0.0046226386558903,0.1934740317724811
3,10,673,0.04400653275200112,0.044675355707457946,0.3228987736533716,0.5884193378871693
3,10,674,0.28780970233945535,0.29850339171113405,0.06050982867815752,0.353177077271253
3,10,675,0.06758106954780671,0.4001434948239609,0.1029481485782548,0.4293272870499775
3,10,676,0.06668995931254634,0.17749804445002,0.007119359966075846,0.7486926362713577
3,10,677,0.1161544598295045,0.19111297200851482,0.3388618592360557,0.353870708925925
3,10,678,0.062409086002898455,0.2202150889881156,0.15702773496009023,0.5603480900488956
3,10,679,0.08174901271200999,0.10907521941985826,0.26330063954363164,0.5458751283245001
3,10,680,0.19744194380438596,0.4386249610670152,0.12850596579574752,0.2354271293328511
3,10,681,0.09075658557688392,0.20892167454464353,0.21429641672828986,0.48602532315018265
3,10,682,0.017945447749325674,0.08438687924866659,0.19163915933846853,0.7060285136635392
3,10,683,0.008272922393066248,0.14009220610784004,0.06662562250665327,0.7850092489924405
3,10,684,0.03774884814983421,0.10276482775449006,0.054556896694022944,0.8049294274016529
3,10,685,0.03395414451396599,0.3667538351391309,0.11392065553849043,0.48537136480841264
3,10,686,0.061790924454446554,0.4394636972105631,0.07488139356469821,0.42386398477029213
3,10,687,0.08169938485347704,0.19254680829549461,0.018347982705417803,0.7074058241456104
3,10,688,0.16727465625511725,0.18348682776303513,0.07147992783860885,0.5777585881432388
3,10,689,0.3086105613508359,0.3792558346961908,0.02333277382400541,0.28880083012896784
3,10,690,0.11348350598303739,0.2840809078006914,0.16665096812561436,0.43578461809065683
3,10,691,0.1827553009848054,0.2912635432345101,0.1519851681144494,0.3739959876662351
3,10,692,0.08579465087007357,0.15671415030327923,0.050449150076706174,0.7070420487499409
3,10,693,0.2500747848745344,0.335722346591721,0.1838622774933153,0.23034059104042937
3,10,694,0.00781217803799353,0.023454275848150512,0.0030316246927897268,0.9657019214210664
3,10,695,0.05437774623616412,0.3496656448521173,0.12900187239424946,0.466954736517469
3,10,696,0.07267563585320784,0.40794549696439286,0.001737867540663581,0.5176409996417357
3,10,697,0.09855984707306797,0.6071885720168287,0.10743471717401874,0.18681686373608442
3,10,698,0.07793284094572916,0.38068207384198877,0.12241918156566953,0.41896590364661257
3,10,699,0.18528263530129083,0.5887186151040571,0.10826434523558873,0.11773440435906334
3,10,700,0.0008364261060855171,0.4467443985097286,0.1668156356599287,0.38560353972425715
3,10,701,0.3010672780063547,0.3120531674811494,0.07746108407875793,0.3094184704337381
3,10,702,0.15650588558162573,0.4420759892563849,0.015408930057534945,0.38600919510445436
3,10,703,0.03290875018261498,0.224338226587334,0.09084015369068449,0.6519128695393666
3,10,704,0.12655641309659696,0.22086475409665737,0.03855809480727254,0.6140207379994732
3,10,705,0.007374977002216369,0.1944156645622601,0.3265966776414791,0.4716126807940444
3,10,706,0.08243734139836395,0.32803116302689844,0.08033715125940663,0.509194344315331
3,10,707,0.05862031997180571,0.11378244693760586,0.18173346217033165,0.6458637709202567
3,10,708,0.1590613825668596,0.2948348087708784,0.20064668606322247,0.34545712259903943
3,10,709,0.039438816613024764,0.12969324465565185,0.033519613340839124,0.7973483253904843
3,10,710,0.3062934601765415,0.40579286775966417,0.019466401549958247,0.268447270513836
3,10,711,0.16376592746979804,0.40507767434279446,0.1974265393332537,0.23372985885415387
3,10,712,0.0634990858212669,0.2569896416523875,0.018344923771851856,0.6611663487544938
3,10,713,0.23573700902434103,0.33775561096259143,0.20000953318570724,0.2264978468273604
3,10,714,0.03450519389205246,0.48890434572946395,0.0989612474646266,0.3776292129138571
3,10,715,0.0667937386510156,0.23256661401893408,0.10361427874705542,0.5970253685829948
3,10,716,0.06929958351286544,0.1754811107643745,0.017601564734273437,0.7376177409884866
3,10,717,0.028636982662487726,0.11326200349053762,0.22241370018881018,0.6356873136581644
3,10,718,0.042721870567629154,0.05951327227177646,0.3440329007504215,0.5537319564101728
3,10,719,0.01430407080913466,0.48095071314375454,0.05504427470189013,0.4497009413452206
3,10,720,0.02949364931149619,0.47468138265063453,0.0046708119148653185,0.4911541561230039
3,10,721,0.10254547381022894,0.24247981722759937,0.09339525146694787,0.561579457495224
3,10,722,0.2584311152711501,0.3993499428406753,0.015520447715149587,0.32669849417302504
3,10,723,0.3338774752708902,0.45617653283992876,0.012259778052334108,0.197686213836847
3,10,724,0.09882407480443865,0.20685182939348562,0.1767726556507785,0.5175514401512972
3,10,725,0.0022049554230822487,0.0992496786051367,0.3893486140369405,0.5091967519348405
3,10,726,0.4350292226949364,0.47372051470011084,0.02784626010248609,0.06340400250246656
3,10,727,0.09130486764702347,0.38590298436062787,0.08786121962907852,0.4349309283632702
3,10,728,0.23159985075976997,0.4678229059276039,0.07752219334173707,0.2230550499708891
3,10,729,0.07592447104087645,0.22582923186682288,0.1611319878630318,0.537114309229269
3,10,730,0.0709812411308982,0.18160964762589968,0.11065354772015283,0.6367555635230493
3,10,731,0.055737115978241304,0.23232086532952745,0.016846990836979214,0.695095027855252
3,10,732,0.12200131984922981,0.2083728786721787,0.034895893942970865,0.6347299075356208
3,10,733,0.020243790140755683,0.36740810870251417,0.06510807195248264,0.5472400292042475
3,10,734,0.06490695013567306,0.5656122086634687,0.16662535930603845,0.20285548189481972
3,10,735,0.04756955128353858,0.12458222708627373,0.0004954636216356055,0.8273527580085521
3,10,736,0.05070454893658865,0.061170244620425474,0.24072388545133752,0.6474013209916483
3,10,737,0.017895432625473814,0.08661958616076346,0.09661102512157865,0.7988739560921841
3,10,738,0.09222757999503532,0.14742217175555392,0.1355926775061547,0.624757570743256
3,10,739,0.09256229384996768,0.36841257986413817,0.09070560335888646,0.4483195229270076
3,10,740,0.22174515197373945,0.27299877465087696,0.03405750555196972,0.4711985678234139
3,10,741,0.1098245299667155,0.16526356565518885,0.30752880675928107,0.41738309761881454
3,10,742,0.21167419456785289,0.36220164694066087,0.1767844775981532,0.2493396808933331
3,10,743,0.07485184861039096,0.45396330173220656,0.1609204127637495,0.3102644368936531
3,10,744,0.05690511977286606,0.3490245306749209,0.23447957157680596,0.359590777975407
3,10,745,0.03953977207502525,0.06634885018344744,0.02070287358847341,0.8734085041530539
3,10,746,0.046765903640268905,0.25845487353405827,0.2721229091256535,0.4226563137000194
3,10,747,0.04963507729946154,0.5821180772534894,0.1839842000736427,0.1842626453734063
3,10,748,0.0053079291522646465,0.487471828982086,0.13099813390408757,0.37622210796156186
3,10,749,0.16208222059426897,0.3543566066514996,0.06959960206748855,0.4139615706867429
3,10,750,0.2515157268302059,0.49859964253369826,0.09456959871896442,0.15531503191713159
3,10,751,0.042255186352856,0.3589230870643704,0.01981132141152276,0.5790104051712508
3,10,752,0.2349459832742847,0.2646851960508236,0.005144886762871569,0.49522393391202
3,10,753,0.28614206150465804,0.3231404546462441,0.13056697526730832,0.2601505085817896
3,10,754,0.18157574545588787,0.5184408305244739,0.14316522127302134,0.15681820274661668
3,10,755,0.1393962297508545,0.2764799335972161,0.22542347516351116,0.3587003614884183
3,10,756,0.11274408990685768,0.28256781219539273,0.041418794031061905,0.5632693038666877
3,10,757,0.014016948497458949,0.33295996883787815,0.029446263388501346,0.6235768192761615
3,10,758,0.008805247439434697,0.10790326284911612,0.402045434343765,0.4812460553676842
3,10,759,0.15842996216212346,0.2184689173117497,0.21515864695671877,0.40794247356940816
3,10,760,0.08039195927078388,0.15469487183750338,0.12473892837280787,0.6401742405189049
3,10,761,0.01037956411073273,0.4342943207050339,0.2246862932527055,0.33063982193152774
3,10,762,0.0035657486721587996,0.1843402957537907,0.1603970502059646,0.6516969053680859
3,10,763,0.023849455892997837,0.2999849250859078,0.23312349349259193,0.4430421255285023
3,10,764,0.024747525491090397,0.2591620072941776,0.017893531825328324,0.6981969353894036
3,10,765,0.0650336360090316,0.08416772760240081,0.34408092187890515,0.5067177145096624
3,10,766,0.0008493455532206148,0.5021379942348752,0.02165289093392359,0.4753597692779807
3,10,767,0.021332868456237202,0.15253004806773918,0.11910406421744461,0.707033019258579
3,10,768,0.06719496608231068,0.21535033509462323,0.0236482201565635,0.6938064786665025
3,10,769,0.19782575438333078,0.21108265406601343,0.19464034013724207,0.3964512514134137
3,10,770,0.38027860209687736,0.38147144209465783,0.07909700482892616,0.15915295097953872
3,10,771,0.031601453354885484,0.11296456974824494,0.2640495619280068,0.5913844149688627
3,10,772,0.08989680550615317,0.32337632215547674,0.00013770446436066355,0.5865891678740095
3,10,773,0.2337573066963596,0.5324532035843903,0.09577470388159763,0.13801478583765256
3,10,774,0.007483640198006483,0.17890816163962692,0.07786042991197607,0.7357477682503906
3,10,775,0.0021039777905159287,0.011482580912341627,0.10940301904992468,0.8770104222472178
3,10,776,0.18505843284829168,0.1879971084133057,0.19750319781250814,0.42944126092589446
3,10,777,0.061327868910582124,0.4127233328506066,0.24336798235775653,0.2825808158810549
3,10,778,0.05333582921498263,0.35282705787088914,0.04036865093844819,0.5534684619756799
3,10,779,0.1417358310141896,0.17760049762396468,0.3030485035485668,0.37761516781327903
3,10,780,0.08518251513759884,0.2866916882975851,0.10417761961832607,0.5239481769464901
3,10,781,0.16612883468435496,0.45301625557107916,0.131425968767879,0.24942894097668689
3,10,782,0.06424868181606111,0.15941675087981788,0.02676168719936003,0.749572880104761
3,10,783,0.015215176181790024,0.2782491882551873,0.017252857107738308,0.6892827784552844
3,10,784,0.010030685125491238,0.24784864135426513,0.045060422392018844,0.6970602511282248
3,10,785,0.008488249567966866,0.008989202208364137,0.3435241978359455,0.6389983503877233
3,10,786,0.005752479387871611,0.008690780981898483,0.25245081536169967,0.7331059242685303
3,10,787,0.13497686131701164,0.1594679690373148,0.12530813422970152,0.5802470354159722
3,10,788,0.034784986103621574,0.29705469316847194,0.01284997680358653,0.65531034392432
3,10,789,0.002060689105566994,0.55445992572025,0.16035899147750712,0.2831203936966759
3,10,790,0.06308011084593779,0.22092874399676915,0.10237386144938666,0.6136172837079064
3,10,791,0.0648279457781062,0.44441891471971995,0.010831102963753038,0.47992203653842086
3,10,792,0.11277753017395825,0.551344919301236,0.0595520603163056,0.27632549020849995
3,10,793,0.06493117555124318,0.12325125497677078,0.3361572549464709,0.4756603145255151
3,10,794,0.3345735911547044,0.4051143277387609,0.03956665406551149,0.2207454270410232
3,10,795,0.013036897130116312,0.4336055708081177,0.06584156104647583,0.4875159710152902
3,10,796,0.08319775951711475,0.38824704427172796,0.009853818751083212,0.5187013774600742
3,10,797,0.002411618291970818,0.1374339346188158,0.25342594321117734,0.6067285038780361
3,10,798,0.16570048566717463,0.33024373459838446,0.0019937569890344712,0.5020620227454063
3,10,799,0.04998407900844126,0.12449190580703393,0.1391240007348312,0.6864000144496937
3,10,800,0.01472936366610135,0.5521852533237369,0.18263956172417659,0.25044582128598514
3,10,801,0.12579568049610887,0.18646596915586525,0.11995732887279333,0.5677810214752325
3,10,802,0.10201618601977995,0.3922650780672391,0.11303555544611388,0.392683180466867
3,10,803,0.06434303423631343,0.0981416959395445,0.1638256602479004,0.6736896095762415
3,10,804,0.0721585386152377,0.09509933847477677,0.22643781085665574,0.6063043120533299
3,10,805,0.04717631792863197,0.10178818513106906,0.3415232850611712,0.5095122118791278
3,10,806,0.1757883567535336,0.27987078410329813,0.20278769785807832,0.34155316128509006
3,10,807,0.1428860935281778,0.34284783154249987,0.20982553619560013,0.30444053873372223
3,10,808,0.25265077023898935,0.38725827409676794,0.17092156281734214,0.1891693928469005
3,10,809,0.13835588737606114,0.4264666630747157,0.21298276998052823,0.222194679568695
3,10,810,0.021423569674599373,0.07411290915285337,0.010488993432613244,0.893974527739934
3,10,811,0.01565640484310598,0.40082210420130915,0.06495123355149074,0.518570257404094
3,10,812,0.007591603643093744,0.10483915110233318,0.24499189169644262,0.6425773535581305
3,10,813,0.251017012470213,0.37018918830535413,0.014124718541347885,0.36466908068308507
3,10,814,0.03309755822767613,0.3127834974667823,0.019757903512816033,0.6343610407927255
3,10,815,0.3344710673012814,0.35910712011616647,0.10982034671581534,0.19660146586673685
3,10,816,0.22113076104367207,0.36166373130452995,0.1454489169421822,0.2717565907096157
3,10,817,0.07665550732592602,0.604994076986157,0.15736367584678937,0.16098673984112752
3,10,818,0.08982293455914873,0.4124733883915512,0.04545841628674267,0.45224526076255733
3,10,819,0.01790800677659904,0.33998998990672674,0.11571943162409822,0.5263825716925761
3,10,820,0.1391163174668053,0.5105252141649151,0.05521949638931393,0.29513897197896566
3,10,821,0.08487449595134304,0.4704899240719103,0.034456904557842685,0.41017867541890396
3,10,822,0.013517629041919884,0.6021856460781769,0.13522140966370536,0.2490753152161977
3,10,823,0.19473275187539008,0.20940831267793766,0.06507953335468945,0.5307794020919828
3,10,824,0.2858663476711321,0.45248139448306246,0.006190181858751136,0.2554620759870542
3,10,825,0.24310707065476858,0.3027964190964587,0.1660457835263309,0.28805072672244164
3,10,826,0.15307840350133065,0.5677353088403005,0.13877884179127306,0.14040744586709578
3,10,827,0.3563606654492606,0.38628811992498874,0.038914669682055036,0.21843654494369555
3,10,828,0.08161456662949827,0.2124069442175917,0.05180483623714475,0.6541736529157652
3,10,829,0.001224673140625062,0.051376637368048705,0.26301217532230203,0.6843865141690241
3,10,830,0.09626126544949969,0.3955276996224108,0.025903773919830664,0.4823072610082589
3,10,831,0.15364405488937147,0.15555341458426453,0.01731858365037182,0.6734839468759922
3,10,832,0.16549281240533087,0.17104908239195574,0.23634445244710056,0.4271136527556128
3,10,833,0.2578607226004084,0.41208378014044594,0.056240589356507505,0.2738149079026382
3,10,834,0.06820975504004577,0.357596358820016,0.211237425562404,0.36295646057753417
3,10,835,0.03326972678500147,0.1047050824773899,0.3902443017591371,0.4717808889784716
3,10,836,0.22827507796646077,0.4192303342583939,0.004809602104084747,0.34768498567106054
3,10,837,0.2866319000443658,0.3124080435955436,0.02422998052989767,0.3767300758301929
3,10,838,0.00017956580213286208,0.42125985118324105,0.2797276106544313,0.2988329723601948
3,10,839,0.11271027761955449,0.4398120130280396,0.08602921275673708,0.3614484965956688
3,10,840,0.06024509184365137,0.06199415624140917,0.01436636640571001,0.8633943855092293
3,10,841,0.1715388436211674,0.24071260060802377,0.20551032021342253,0.3822382355573864
3,10,842,0.04706351200467178,0.3976664376633565,0.14491086582021828,0.41035918451175335
3,10,843,0.06697751369185036,0.47543046850058307,0.026110983115856523,0.43148103469171006
3,10,844,0.029249964186437973,0.10006966465398028,0.27937930861731347,0.5913010625422682
3,10,845,0.030481918251780257,0.13262429023554684,0.04991861646678863,0.7869751750458844
3,10,846,0.28965082218113836,0.4683255103233553,0.009256906247550064,0.23276676124795634
3,10,847,0.11815713771498673,0.18904812643397986,0.012359783589301716,0.6804349522617317
3,10,848,0.01274322348504633,0.039339045902835656,0.0019510875828445985,0.9459666430292735
3,10,849,0.0620527235205288,0.2556174300188087,0.017122735285413852,0.6652071111752488
3,10,850,0.0019445436975169387,0.003012630328506329,0.18638543970476898,0.8086573862692077
3,10,851,0.20733125924321444,0.34210241928064206,0.017394323631439782,0.43317199784470367
3,10,852,0.2327430114253584,0.3149099455540994,0.10314692228820012,0.349200120732342
3,10,853,0.047469278503461415,0.4636008020317199,0.0859780607231682,0.4029518587416504
3,10,854,0.38273339060713707,0.4594470965919643,0.003888245108508358,0.1539312676923901
3,10,855,0.34190854860436876,0.499460985374578,0.017147082751890256,0.14148338326916307
3,10,856,0.010502641953724771,0.541459945334951,0.16273823234911797,0.28529918036220625
3,10,857,0.024963098095818908,0.121164904824119,0.2294769791118963,0.624395017968166
3,10,858,0.41399621581268015,0.5233262418882391,0.024498976744160707,0.03817856555492018
3,10,859,0.12496557605590082,0.19640977721707162,0.11130867988273736,0.5673159668442903
3,10,860,0.21157414311181105,0.5946057755646343,0.09570210048490502,0.0981179808386495
3,10,861,0.0016080524049392649,0.35025532918150465,0.045002788669142285,0.6031338297444138
3,10,862,0.04161912873519895,0.06920730737508266,0.3325590171622751,0.5566145467274434
3,10,863,0.0018080056909140483,0.13855834001909753,0.06634709406230445,0.7932865602276838
3,10,864,0.21593967716518114,0.28737726148604026,0.014456585996560377,0.48222647535221813
3,10,865,0.11003508313917777,0.11926169023200493,0.2790417482144705,0.4916614784143468
3,10,866,0.278330213458363,0.36907568879918573,0.10367781650326613,0.248916281239185
3,10,867,0.20089187593841476,0.398331983808378,0.11950114977778327,0.281274990475424
3,10,868,0.08197349571600533,0.25933667074754807,0.14018067621745087,0.5185091573189957
3,10,869,0.06489881937593239,0.18565816029747803,0.21591429863105757,0.5335287216955321
3,10,870,0.03176528104377658,0.20040008949051966,0.3490462604540873,0.4187883690116166
3,10,871,0.17878821119626465,0.25420232316628033,0.2653669136469615,0.30164255199049345
3,10,872,0.1354824992032218,0.31424054175656313,0.028630582967129746,0.5216463760730853
3,10,873,0.2875359827718239,0.415410678590431,0.001141580312328872,0.29591175832541616
3,10,874,0.030470096358586655,0.037572822487568755,0.09806277783613213,0.8338943033177125
3,10,875,0.16515557036082415,0.3465528738317357,0.061757973072205805,0.4265335827352344
3,10,876,0.04312028351678175,0.4199377650063857,0.011826016422687843,0.5251159350541447
3,10,877,0.02026262041860325,0.3809850320436638,0.008870575329416699,0.5898817722083163
3,10,878,0.11742256299307954,0.33640974452378763,0.2589917412471215,0.28717595123601114
3,10,879,0.22029712622739123,0.4836969475985131,0.011229698174169477,0.2847762279999262
3,10,880,0.24266175042972266,0.31277462034548303,0.16250765671915196,0.28205597250564224
3,10,881,0.14838510717951975,0.16245492918465756,0.03019585576191497,0.6589641078739078
3,10,882,0.19054399672409078,0.19135752774862172,0.14135080373297237,0.47674767179431515
3,10,883,0.11018202615252351,0.3260586600673877,0.009112831097844982,0.5546464826822437
3,10,884,0.055843198770323635,0.3141571745828108,0.2584730344940067,0.3715265921528588
3,10,885,0.027473278230558985,0.39083662562252314,0.22621863833407568,0.3554714578128421
3,10,886,0.16385000829042562,0.46179798140638234,0.004928996079826817,0.36942301422336515
3,10,887,0.10818317084836873,0.42487225712339594,0.010706598043924856,0.45623797398431026
3,10,888,0.2673297338976975,0.3633738672499423,0.0013040178220480472,0.3679923810303121
3,10,889,0.03911154398796339,0.24112688026183743,0.152990694119517,0.5667708816306821
3,10,890,0.20568370657216356,0.3834501980550062,0.19158977239104807,0.21927632298178226
3,10,891,0.037832444335869846,0.5008015448609635,0.10468363064126977,0.35668238016189685
3,10,892,0.061595957507321046,0.2676068965059244,0.14825118862234024,0.5225459573644142
3,10,893,0.08629447516346503,0.3193629672882463,0.0434931044667187,0.5508494530815701
3,10,894,0.08622383512108171,0.1835936514603461,0.04954919987349474,0.6806333135450775
3,10,895,0.01763340298349382,0.15860291710472577,0.19150445154668697,0.6322592283650934
3,10,896,0.05078880308606918,0.25193854392218673,0.200546608088351,0.49672604490339295
3,10,897,0.0418347769792933,0.3733685802726427,0.06851663331635956,0.5162800094317044
3,10,898,0.015623625160238538,0.27451898370487104,0.27030313045466386,0.4395542606802265
3,10,899,0.2849238463824937,0.3334850007854559,0.037411045623780434,0.34418010720827
3,10,900,0.041845034745746607,0.2707260515072145,0.053631015058332496,0.6337978986887064
3,10,901,0.0009997243069054431,0.5246282206215637,0.16389900822102776,0.31047304685050314
3,10,902,0.33704987632898414,0.39042237980337346,0.023414142091478116,0.24911360177616423
3,10,903,0.25951390577696254,0.3169812953329912,0.16448098558015886,0.2590238133098874
3,10,904,0.22413761643117897,0.4135187404385748,0.08825023564420542,0.27409340748604083
3,10,905,0.006937450694792864,0.04647491123384784,0.2615612843671569,0.6850263537042023
3,10,906,0.0033678721902212,0.009056131324620078,0.41680916929965534,0.5707668271855034
3,10,907,0.048625557909721825,0.5314354474749311,0.11263155588585956,0.3073074387294874
3,10,908,0.0029222986859570826,0.32761664969882065,0.15085487572087541,0.5186061758943468
3,10,909,0.0030729539201438745,0.3954784986205784,0.007722138708484044,0.5937264087507936
3,10,910,0.18135436409818223,0.5037118699670011,0.025466792228360964,0.2894669737064556
3,10,911,0.08397906973865221,0.2474932867908796,0.0015577229105972472,0.6669699205598708
3,10,912,0.021079455807828034,0.5395658205705213,0.16389025047701056,0.27546447314464
3,10,913,0.020034797360626088,0.05743353167745405,0.1087976407283137,0.8137340302336062
3,10,914,0.002912766538492394,0.007249648078964584,0.04186525397637478,0.9479723314061682
3,10,915,0.1289418643492715,0.32336557137372185,0.23078620467213293,0.31690635960487384
3,10,916,0.01219710252107876,0.5086730178483495,0.10007378057627184,0.3790560990542999
3,10,917,0.0031202916894025588,0.5081894376175887,0.015075090767668603,0.47361517992534
3,10,918,0.017259536669355455,0.5812741234498926,0.089330213579041,0.3121361263017109
3,10,919,0.21740940486187682,0.3627393245536712,0.004829292070963758,0.4150219785134883
3,10,920,0.10717402926260848,0.3959934590050588,0.009934156811508263,0.48689835492082456
3,10,921,0.17593317495193023,0.5895460659398782,0.10487917274968162,0.1296415863585099
3,10,922,0.01821183095081907,0.031673328272419365,0.04063185100260971,0.9094829897741519
3,10,923,0.11810024971986925,0.3083930804900964,0.1073334499300811,0.4661732198599534
3,10,924,0.18993849884131797,0.42622042451671155,0.08021750601318592,0.30362357062878464
3,10,925,0.1666943121923737,0.5382899480317264,0.10550660537870919,0.18950913439719086
3,10,926,0.03140576672233172,0.51050482147002,0.14090076296435297,0.3171886488432955
3,10,927,0.1826266634513576,0.2775468043828734,0.13102582035747048,0.4088007118082985
3,10,928,0.05934548772216733,0.12493038979929716,0.33081789934689254,0.48490622313164305
3,10,929,0.3138401564582107,0.4408208364746159,0.0943009061884117,0.15103810087876168
3,10,930,0.08708764995245488,0.2314823963441825,0.07397842084934912,0.6074515328540134
3,10,931,0.027086835278193725,0.11616074925526847,0.00018211561955401836,0.8565702998469839
3,10,932,0.25298724965187974,0.347725088841439,0.04572193520002608,0.3535657263066552
3,10,933,0.07624161255254733,0.10374716878089618,0.0032467462344541874,0.8167644724321022
3,10,934,0.04590685228023768,0.14900020287089488,0.3309583612998972,0.47413458354897015
3,10,935,0.1023978480710753,0.1741078354225371,0.16558315536866594,0.5579111611377215
3,10,936,0.13294006648242324,0.36917685662637056,0.1463628037124082,0.35152027317879786
3,10,937,0.11221214646365243,0.16729695215095766,0.1212885071585303,0.5992023942268594
3,10,938,0.028537714904735025,0.23028356823967086,0.11081776798757147,0.6303609488680227
3,10,939,0.01395034186609314,0.3127429954137042,0.19441658553562594,0.4788900771845768
3,10,940,0.12536595357029084,0.3727398822548565,0.0531379138085067,0.448756250366346
3,10,941,0.08826326353984229,0.24212594006065527,0.31302937531009384,0.35658142108940866
3,10,942,0.005995522740270628,0.19633483702211887,0.1936286347766423,0.6040410054609682
3,10,943,0.2883824545884841,0.3583512567655649,0.011718039047737841,0.3415482495982133
3,10,944,0.12532329891227217,0.29119685272968976,0.003134198300641141,0.580345650057397
3,10,945,0.0455412555627366,0.19843425615705945,0.1977922751680743,0.5582322131121298
3,10,946,0.01677747111977503,0.06972249186927341,0.06916745992332221,0.8443325770876294
3,10,947,0.1806753959897924,0.46847805236596196,0.09609406889756934,0.2547524827466762
3,10,948,0.1764957317556777,0.3487583249040196,0.1317969639370719,0.34294897940323077
3,10,949,0.0025355312429806744,0.025222731814392402,0.06234647204386856,0.9098952648987585
3,10,950,0.07629974595822236,0.1429679335366242,0.10399279584532617,0.6767395246598273
3,10,951,0.006781830238954182,0.025252885777337655,0.014327769620745848,0.9536375143629623
3,10,952,0.018223775108870067,0.5604144023610289,0.10103845396891886,0.32032336856118204
3,10,953,0.032024187930066714,0.1899508708223619,0.1546655781637371,0.6233593630838342
3,10,954,0.04586108530475965,0.5125058659466052,0.020176507252503674,0.4214565414961315
3,10,955,0.119124901605281,0.18334280746063886,0.2481188648316954,0.4494134261023846
3,10,956,0.11426597319696932,0.41780988165862987,0.13116345628142145,0.3367606888629795
3,10,957,0.03195453252283717,0.4808999092590325,0.17276717887123486,0.3143783793468955
3,10,958,0.22994762735720445,0.3055277502869905,0.12401247575088663,0.3405121466049184
3,10,959,0.007572733039360325,0.015128200821219314,0.2668435846255668,0.7104554815138535
3,10,960,0.053388074143365175,0.3708423323701943,0.11830642616021421,0.4574631673262263
3,10,961,0.008328923248614095,0.03070221100644817,0.2194374901128566,0.7415313756320812
3,10,962,0.05606839203963349,0.10606530012233349,0.4088649222820695,0.4290013855559636
3,10,963,0.023405881318071062,0.1713309063551817,0.27111845091336617,0.5341447614133812
3,10,964,0.16466673326756565,0.37170150190144435,0.06344414762752654,0.40018761720346346
3,10,965,0.05240999878776761,0.25995900918145837,0.09407555608774638,0.5935554359430278
3,10,966,0.17279696145051895,0.505605365246495,0.020214254137824312,0.30138341916516165
3,10,967,0.020563432346494787,0.15518172222705937,0.03470742053853841,0.7895474248879074
3,10,968,0.006044299412080845,0.44794793134268746,0.22496938948798587,0.321038379757246
3,10,969,0.24874579554186171,0.32647018570378844,0.21177347979616268,0.21301053895818717
3,10,970,0.05760196345501496,0.41982008723328595,0.24821912191632473,0.2743588273953744
3,10,971,0.22215164035257762,0.4516252285376286,0.04829223455527722,0.2779308965545167
3,10,972,0.08826428395023495,0.4269709005353388,0.023570034864525462,0.46119478064990094
3,10,973,0.16420207783763702,0.4158927044864611,0.09859829410688946,0.32130692356901236
3,10,974,0.020253752908361376,0.23390293458787953,0.15885089086146817,0.586992421642291
3,10,975,0.05786318265422281,0.3205698210427297,0.23027634755347443,0.39129064874957303
3,10,976,0.014901363747398592,0.1506387348850402,0.17708641412027373,0.6573734872472876
3,10,977,0.025989661108673102,0.3168626689922873,0.012814608285280547,0.6443330616137591
3,10,978,0.2973226615338733,0.4341748143562776,0.04929295002545209,0.21920957408439687
3,10,979,0.054573645968419834,0.5440823621321703,0.10157013424422273,0.2997738576551871
3,10,980,0.062046576110098686,0.11337740551318826,0.038407116583619005,0.7861689017930941
3,10,981,0.009012185960317835,0.01616131346084535,0.28503821578843896,0.6897882847903979
3,10,982,0.25540042704461513,0.5107185463398234,0.02410451713052595,0.20977650948503554
3,10,983,0.33559387432754245,0.5382255671714075,0.04863364468795143,0.07754691381309857
3,10,984,0.047945747287448624,0.3678538535144072,0.18147380114498501,0.4027265980531592
3,10,985,0.21436433212187678,0.47496949429101115,0.055059500209382765,0.2556066733777293
3,10,986,0.24188054842448634,0.5470528409790227,0.07803064409139017,0.13303596650510066
3,10,987,0.10057610948709958,0.4310393794755398,0.0606722490475004,0.4077122619898602
3,10,988,0.362233196594397,0.5104574695360632,0.018367483810490845,0.108941850059049
3,10,989,0.15269072056822425,0.1966837216085503,0.23778474689119034,0.41284081093203495
3,10,990,0.01229738184192765,0.04346066559076528,0.038592989272137695,0.9056489632951694
3,10,991,0.2009608825889553,0.38218399799325603,0.07141386712132315,0.3454412522964654
3,10,992,0.30072715278383944,0.34194235177623555,0.15476406664581477,0.2025664287941102
3,10,993,0.11961769359235168,0.37268329160808755,0.14158954708774718,0.3661094677118137
3,10,994,0.009172803919075358,0.19591313628525506,0.2617495559856267,0.5331645038100428
3,10,995,0.07010878023171858,0.23996259751960758,0.1800781334725514,0.5098504887761225
3,10,996,0.012055164446582538,0.4400679287592392,0.26960934002672415,0.278267566767454
3,10,997,0.0031108741213319874,0.25322947536645807,0.30348276358041576,0.4401768869317941
3,10,998,0.15820894527395318,0.5099483361300543,0.13042349202847575,0.20141922656751685
3,10,999,0.24545180755228807,0.25665394394573643,0.2023100030046665,0.2955842454973091
3,10,1000,0.20908946697405734,0.3852318650683928,0.19285001313155534,0.21282865482599458
3,10,1001,0.05167054173749022,0.1947516024458903,0.06247468058614346,0.6911031752304762
3,10,1002,0.020941032156390288,0.13445702135976037,0.11866654601477405,0.7259354004690752
3,10,1003,0.04124502101225181,0.2363869012580354,0.18887483665164767,0.5334932410780652
3,10,1004,0.08848672902693513,0.4878005435688311,0.1176624077467741,0.3060503196574595
3,10,1005,0.3201468528465747,0.43327901082505993,0.02869199845126989,0.21788213787709548
3,10,1006,0.014219030177639196,0.03797607362039909,0.0007274426073562392,0.9470774535946055
3,10,1007,0.0016076812964293844,0.04525775958705544,0.27701771024090877,0.6761168488756064
3,10,1008,0.03451034979159482,0.05714531791200892,0.010963877382624752,0.8973804549137715
3,10,1009,0.08569516178909109,0.1405912332549691,1.9043086638551938e-05,0.7736945618693013
3,10,1010,0.08980330034177354,0.4735845640766142,0.047121592603021706,0.38949054297859054
3,10,1011,0.015685260423890863,0.40859212233714615,0.10269329963896251,0.47302931760000033
3,10,1012,0.060944915279344,0.41365241314717677,0.18047335550568547,0.34492931606779365
3,10,1013,0.3351840865410496,0.43415618990924837,0.018150324934476315,0.2125093986152258
3,10,1014,0.20431473406376566,0.38526064665912324,0.1439982136474745,0.2664264056296366
3,10,1015,0.1278344078514643,0.19868622441983147,0.288429635471087,0.3850497322576172
3,10,1016,0.040594866698608414,0.18188205429694587,0.36654454037092266,0.41097853863352324
3,10,1017,0.06490503197860441,0.16620540479163812,0.23854642197972334,0.5303431412500342
3,10,1018,0.0296066615230958,0.2210249943174839,0.25061814348407846,0.4987502006753419
3,10,1019,0.06342255498674992,0.37061082074499824,0.018166218420552643,0.5478004058476992
3,10,1020,0.11693215518939183,0.2078085207966155,0.10048455565722487,0.5747747683567678
3,10,1021,0.05419274089882268,0.17989980731458297,0.3702086340970523,0.39569881768954224
3,10,1022,0.20720681951863884,0.2322470296715025,0.25860165815158276,0.3019444926582759
3,10,1023,0.010515259799470308,0.18287429751035356,0.19185578273550766,0.6147546599546684
3,10,1024,0.08603113900094587,0.3003709989680783,0.18119135000799302,0.43240651202298286
3,10,1025,0.014620181179144098,0.026338808530550865,0.06708203233593311,0.8919589779543718
3,10,1026,0.06244445745372728,0.10053097675749369,0.04108416071040402,0.795940405078375
3,10,1027,0.17210047671556433,0.2629417511542857,0.18251917762513342,0.38243859450501644
3,10,1028,0.05183799865337353,0.22236195218269833,0.2981941332322407,0.4276059159316875
3,10,1029,0.00031399988468975724,0.11227503576360914,0.33561920569323794,0.5517917586584632
3,10,1030,0.07157388755652414,0.5081369794268078,0.09158502666859507,0.3287041063480731
3,10,1031,0.024705294203517553,0.42852315496086707,0.12315954338880848,0.4236120074468068
3,10,1032,0.021187336865755593,0.06375772696079963,0.0036262545285103897,0.9114286816449343
3,10,1033,0.2827707052094748,0.291211145155166,0.020551755869498443,0.4054663937658607
3,10,1034,0.348685915731082,0.35821787842077724,0.009006020007039605,0.28409018584110113
3,10,1035,0.020403212241583243,0.5078450638620629,0.14612909174536767,0.32562263215098625
3,10,1036,0.05692064615196546,0.08380946483129496,0.04245524245301008,0.8168146465637295
3,10,1037,0.15219662279604218,0.37603272086317413,0.15861938242287285,0.31315127391791076
3,10,1038,0.11574141422166404,0.3752337054798256,0.019202750158736313,0.48982213013977394
3,10,1039,0.02490057845633838,0.4912871953738131,0.08411115399160259,0.3997010721782458
3,10,1040,0.018284947865767478,0.43453303126839765,0.140758813116779,0.4064232077490557
3,10,1041,0.25614196720761406,0.2776871764190459,0.14017749883417563,0.3259933575391645
3,10,1042,0.27826178056924855,0.31109688963101173,0.10190410113465011,0.3087372286650894
3,10,1043,0.3225232467616481,0.3872326078804011,0.1293517659946175,0.16089237936333328
3,10,1044,0.010563869685791077,0.24272547755026797,0.32507676721055134,0.4216338855533897
3,10,1045,0.012732858099868514,0.0885128464372087,0.12152788290033503,0.7772264125625878
3,10,1046,0.027716247823921354,0.23646763310857408,0.06578805510968154,0.6700280639578231
3,10,1047,0.0271649673568153,0.027718942607098288,0.010492147805052537,0.9346239422310338
3,10,1048,0.047458817164451085,0.12370957988323013,0.25033992458997034,0.5784916783623485
3,10,1049,0.013953147385316849,0.32116097436427865,0.2820415810302508,0.3828442972201538
3,10,1050,0.2814130579708988,0.3812780272712121,0.12308246008661132,0.21422645467127777
3,10,1051,0.13686135770900734,0.22258279339414838,0.2681331613904178,0.37242268750642643
3,10,1052,0.10567738719469749,0.2147728895783991,0.268685239616062,0.4108644836108415
3,10,1053,0.00813684488498549,0.08525762955016469,0.22895900641420622,0.6776465191506436
3,10,1054,0.19809651615468407,0.3423679015721712,0.018188856566008386,0.44134672570713646
3,10,1055,0.023782512581525916,0.10022417190902519,0.42001101991823725,0.45598229559121173
3,10,1056,0.13283669753360847,0.25389391026019875,0.007549096431652399,0.6057202957745405
3,10,1057,0.13314736024150428,0.4639281245441084,0.001279010784749194,0.40164550442963814
3,10,1058,0.15912178422773185,0.27754234851520193,0.007265455219215487,0.5560704120378507
3,10,1059,0.047825296972496434,0.19293410487096785,0.19187917819775585,0.5673614199587798
3,10,1060,0.26548274361878055,0.44461701527993164,0.09957512242706437,0.19032511867422355
3,10,1061,0.007482479144279142,0.22759510171732122,0.14805096299165943,0.6168714561467402
3,10,1062,0.17160948783038873,0.21085476313578583,0.24853067092377454,0.36900507811005095
3,10,1063,0.08434998335140834,0.16491273504989504,0.3662382513174492,0.3844990302812473
3,10,1064,0.07209754140669598,0.35730300528364173,0.15925920521245304,0.41134024809720915
3,10,1065,0.0004841159031779668,0.3179571525053183,0.03816086948681383,0.6433978621046899
3,10,1066,0.025977658713936317,0.1638802383445053,0.04886295037275326,0.7612791525688051
3,10,1067,0.3071478626074556,0.40247211022566737,0.060744887520335834,0.22963513964654106
3,10,1068,0.002498850980770139,0.20942903219723993,0.3465722955809078,0.44149982124108206
3,10,1069,0.03898229419872037,0.27691101347718444,0.10817559421798298,0.5759310981061123
3,10,1070,0.10196954555467393,0.4924758369039936,0.04547240539104979,0.36008221215028274
3,10,1071,0.13573108604234366,0.20311710284463863,0.26729572323287093,0.39385608788014664
3,10,1072,0.18288671511927812,0.2605564466819547,0.20770690103164946,0.3488499371671178
3,10,1073,0.01002710256559386,0.27884400745386656,0.1541217505174234,0.5570071394631161
3,10,1074,0.2943892975526393,0.3859667423007245,0.004424359909453597,0.31521960023718265
3,10,1075,0.06391398012427096,0.3706915401808304,0.2745785684264029,0.29081591126849593
3,10,1076,0.10685809065067765,0.2835527309620276,0.199008824283541,0.41058035410375376
3,10,1077,0.0674429876590825,0.30292508316005057,0.023351118924411347,0.6062808102564555
3,10,1078,0.03163952272391094,0.03325752176772341,0.2969647207521435,0.6381382347562222
3,10,1079,0.058550442343251935,0.07222533025185471,0.06654611889077057,0.8026781085141227
3,10,1080,0.08721107208574107,0.5076616558159874,0.16161473156219197,0.24351254053607957
3,10,1081,0.0006738820241286505,0.5857859029669746,0.19267700693287604,0.22086320807602064
3,10,1082,0.2823327201247108,0.36846674681424807,0.09943735923299041,0.24976317382805055
3,10,1083,0.003559904206335756,0.07096246975536967,0.1979457746935587,0.7275318513447359
3,10,1084,0.1674421154609543,0.3291661147129784,0.0504995670046496,0.45289220282141773
3,10,1085,0.08370288893075722,0.1419557177672142,0.07593695505327881,0.6984044382487499
3,10,1086,0.002056519624173938,0.2067832476144653,0.017554313099395053,0.7736059196619657
3,10,1087,0.08740703115631089,0.29417222303258495,0.2554022615125132,0.3630184842985908
3,10,1088,0.008712044673104135,0.267263625370293,0.09802034870347778,0.6260039812531251
3,10,1089,0.08387207810320407,0.27038670750903293,0.23721261343453048,0.40852860095323246
3,10,1090,0.009552829068331721,0.4997650323339907,0.17284926777008675,0.31783287082759076
3,10,1091,0.05110068134954023,0.154148689912249,0.2544158048424438,0.5403348238957669
3,10,1092,0.15087821763129203,0.2593494021615359,0.11409940127193184,0.47567297893524024
3,10,1093,0.04288845636206281,0.31909888797949565,0.06960791273171066,0.5684047429267309
3,10,1094,0.016578050081479796,0.5352243176074641,0.0395211261245737,0.4086765061864823
3,10,1095,0.003735290953241938,0.022263532657656664,0.3590238252429392,0.6149773511461623
3,10,1096,0.25108666385520534,0.39922519263633544,0.13826866685011285,0.2114194766583464
3,10,1097,0.02200599898760049,0.0687205569845029,0.1137712584292424,0.7955021855986542
3,10,1098,0.17188389067724058,0.5641382808375505,0.0997611359330659,0.16421669255214302
3,10,1099,0.041054032517217606,0.1279198357993568,0.06757512812932044,0.7634510035541051
3,10,1100,0.11843053523950611,0.46228599267948145,0.02241676622217113,0.3968667058588413
3,10,1101,0.013381273883512314,0.046263531668483134,0.37698181037969974,0.563373384068305
3,10,1102,0.05563471293118446,0.4017610759818217,0.03048205865830402,0.5121221524286896
3,10,1103,0.13629966578626523,0.37573187175980677,0.15858845246703157,0.3293800099868965
3,10,1104,0.33679362465282264,0.4431256987749575,0.014790421498355345,0.2052902550738646
3,10,1105,0.14595765985713452,0.26541057399634105,0.05724110527716936,0.531390660869355
3,10,1106,0.20577476474957784,0.23866127174911622,1.7214825520073478e-05,0.5555467486757859
3,10,1107,0.009932481789216222,0.3851320866710791,0.27977757403829157,0.32515785750141324
3,10,1108,0.1240527155107521,0.3847916660183385,0.08534691441197848,0.40580870405893094
3,10,1109,0.2031352434020441,0.4842622019091815,0.10854523830338667,0.20405731638538777
3,10,1110,0.006713024789705072,0.07615693134058049,0.014433335792066548,0.9026967080776479
3,10,1111,0.11247492344079102,0.1599395394693814,0.05531179439523434,0.6722737426945932
3,10,1112,0.0019009798382552624,0.01585272713644445,0.23579689787068897,0.7464493951546113
3,10,1113,0.0023091606374031812,0.13941769172024743,0.2716518283086319,0.5866213193337176
3,10,1114,0.011987064956735941,0.2913779983660224,0.058023544146379835,0.6386113925308619
3,10,1115,0.1716258560444438,0.17259579034675948,0.19665428814473718,0.45912406546405976
3,10,1116,0.11089472594810765,0.19726129646796925,0.0070388911406583645,0.6848050864432647
3,10,1117,0.0976035316862609,0.20953783275480917,0.26120279449980804,0.43165584105912175
3,10,1118,0.046369633952803906,0.3351599513922763,0.06772360632765546,0.5507468083272644
3,10,1119,0.12810174065859212,0.3464627870943765,0.01871211106378809,0.5067233611832432
3,10,1120,0.016849420336222002,0.07930337609202774,0.31130092455589664,0.5925462790158537
3,10,1121,0.033574934333984695,0.3258348316601055,0.05066791081606356,0.5899223231898462
3,10,1122,0.1047170863418255,0.2958675662176666,0.02087205680707241,0.5785432906334353
3,10,1123,0.006441259935729646,0.06286485474334391,0.38189533506100054,0.5487985502599261
3,10,1124,0.06095070609307922,0.37158702556126694,0.16999655113363363,0.39746571721202023
3,10,1125,0.02560274055900571,0.4698044472110017,0.2278476459301404,0.2767451662998522
3,10,1126,0.08375983624979637,0.090584832379081,0.29654426480939644,0.5291110665617261
3,10,1127,0.0935785785122025,0.14393182989774742,0.3255003631357419,0.43698922845430804
3,10,1128,0.034482933171757546,0.5308986604259713,0.11799019876027078,0.31662820764200056
3,10,1129,0.343190572049173,0.4871695528566287,0.007226256503296815,0.1624136185909014
3,10,1130,0.038622457138521006,0.17351223277473948,0.31608861938748195,0.4717766906992576
3,10,1131,0.12213408482539902,0.3184166104702962,0.003902459315980485,0.5555468453883243
3,10,1132,0.06772919776495924,0.3212785933608205,0.18266658142752354,0.4283256274466966
3,10,1133,0.11011303096763875,0.3008079468519717,0.037504078185175864,0.5515749439952137
3,10,1134,0.037298693506667806,0.09632764264035497,0.42123091820550407,0.445142745647473
3,10,1135,0.2293941832764664,0.24266649197027818,0.07193630698688348,0.456003017766372
3,10,1136,0.02429146486550478,0.37785242550871356,0.1348569717910634,0.46299913783471836
3,10,1137,0.07248387962301951,0.2563154864225015,0.09335307526470253,0.5778475586897764
3,10,1138,0.00677558697043942,0.3053493917534294,0.025306416760505615,0.6625686045156255
3,10,1139,0.1390330948083757,0.3532040768823123,0.2315683429520778,0.27619448535723434
3,10,1140,0.3640274424738969,0.4756122718399868,0.07101552666716027,0.08934475901895612
3,10,1141,0.130428889794282,0.5593124891697454,0.07607501674534448,0.23418360429062807
3,10,1142,0.023757884488209337,0.028146129978303853,0.3486153619772225,0.5994806235562643
3,10,1143,0.2170927503136525,0.5385725914422609,0.10707282756257641,0.13726183068151018
3,10,1144,0.017468194387919325,0.30800834719472403,0.045795851571365676,0.628727606845991
3,10,1145,0.24413111522855718,0.3503142569053259,0.1178720585747741,0.2876825692913429
3,10,1146,0.023191099412777975,0.39710159546615065,0.07163461746952213,0.5080726876515493
3,10,1147,0.23934761266645035,0.4870186138599363,0.12132510526726155,0.15230866820635194
3,10,1148,0.045496534406638194,0.17709778422452566,0.029566718885926255,0.7478389624829097
3,10,1149,0.01704257200337978,0.11490386535498971,0.1320173847331834,0.736036177908447
3,10,1150,0.03572429655978229,0.5929777127797672,0.12739055941320543,0.24390743124724518
3,10,1151,0.017854347871178747,0.2503418346576227,0.2417569184616114,0.49004689900958714
3,10,1152,0.01500128798824963,0.06302738375577746,0.42430610411885206,0.4976652241371209
3,10,1153,0.09637719414437222,0.255289475710714,0.032830466436903724,0.61550286370801
3,10,1154,0.05408725859391785,0.5002549698325175,0.042326581874257814,0.4033311896993068
3,10,1155,0.014402979801762951,0.023339667460550967,0.04716146591756758,0.9150958868201184
3,10,1156,0.006422433354820947,0.380869786744145,0.0030882228943991774,0.6096195570066347
3,10,1157,0.19618471233689794,0.4232575289098141,0.13428664804812399,0.24627111070516391
3,10,1158,0.018956997179046694,0.40786432711189463,0.21132351801460342,0.36185515769445536
3,10,1159,0.20677198633598895,0.4038414628957388,0.15093655442295523,0.23844999634531708
3,10,1160,0.27184430312024543,0.4011672461879565,0.11822503796602621,0.20876341272577187
3,10,1161,0.006500439738371135,0.04181167877001096,0.24617177718055086,0.705516104311067
3,10,1162,0.08896060197682017,0.37431518441344575,0.014272482061575904,0.5224517315481582
3,10,1163,0.2257869334764538,0.36080853362148657,0.011264566598617593,0.40213996630344206
3,10,1164,0.12135797807560263,0.17705351673500513,0.15314905241205506,0.5484394527773373
3,10,1165,0.20941815324475177,0.37283659152055687,0.055784727789060844,0.36196052744563045
3,10,1166,0.06286479340047679,0.12010439420193063,0.0061171183839956785,0.8109136940135969
3,10,1167,0.21424516566123492,0.23066322058741107,0.09018039502506399,0.46491121872628993
3,10,1168,0.05847960185186875,0.16400935678626613,0.09417347385381983,0.6833375675080453
3,10,1169,0.10567954486747942,0.2743107223626632,0.10873309399392361,0.5112766387759337
3,10,1170,0.20028329008435947,0.3137101340605713,0.005290742613937619,0.48071583324113165
3,10,1171,0.4022303764809698,0.5114145357194522,0.0290905375355893,0.0572645502639886
3,10,1172,0.16002749457830512,0.34370226884637556,0.1474556828201127,0.34881455375520654
3,10,1173,0.2066077336334012,0.22106162599489557,0.14582391238417108,0.42650672798753214
3,10,1174,0.0028999439323112194,0.013041983437242471,0.2733994610147601,0.7106586116156862
3,10,1175,0.07308394900813817,0.1072750393228563,0.05391695571588307,0.7657240559531224
3,10,1176,0.004193182614422966,0.6460607796235692,0.1583540144165236,0.19139202334548414
3,10,1177,0.09909901767645451,0.2709984651452286,0.14973606791215954,0.4801664492661574
3,10,1178,0.32570132936045326,0.36800164809946223,0.11620997044136352,0.19008705209872098
3,10,1179,0.15099369951491087,0.2356333320358219,0.006645927296849971,0.6067270411524172
3,10,1180,0.02304873590736748,0.28900243771620165,0.19629213483337724,0.49165669154305364
3,10,1181,0.11075399014703216,0.15681837339506552,0.11998600031217925,0.6124416361457231
3,10,1182,0.18442758616911822,0.5882642398106526,0.09166047176855241,0.1356477022516769
3,10,1183,0.031365122961208636,0.32198152438376787,0.09299259954716912,0.5536607531078545
3,10,1184,0.10810957368856966,0.17674366247955695,0.28319593743427157,0.4319508263976017
3,10,1185,0.07593477363197584,0.262984091968206,0.3204991881797663,0.3405819462200518
3,10,1186,0.15167573431112968,0.6011042841066431,0.12010331368281268,0.12711666789941437
3,10,1187,0.17158399086832266,0.21804374074920896,0.24157333380491885,0.3687989345775496
3,10,1188,0.12878340213201905,0.4060712535166496,0.1705352146217164,0.2946101297296151
3,10,1189,0.022115692429635094,0.23418488154878936,0.009934564434447991,0.7337648615871276
3,10,1190,0.02057333083225858,0.38995778737291925,0.2297864078114889,0.3596824739833333
3,10,1191,0.020466641145491012,0.2137881017989142,0.1076956126884148,0.6580496443671799
3,10,1192,0.18992340670988248,0.577713157925268,0.10312716631851251,0.1292362690463371
3,10,1193,0.021069115108329053,0.5569266548140785,0.18222970973468466,0.23977452034290772
3,10,1194,0.2290644493282116,0.30099910523403994,0.22247869743510248,0.24745774800264614
3,10,1195,0.36860501487727826,0.37044356298932113,0.027024526926750232,0.23392689520665033
3,10,1196,0.09848367902796909,0.3526249475042655,0.15555534291933576,0.39333603054842964
3,10,1197,0.10186635608612668,0.32788201391191396,0.1016748049298985,0.468576825072061
3,10,1198,0.14261791660450054,0.5161840696945434,0.1621805961060674,0.17901741759488857
3,10,1199,0.3960929812608517,0.40072831666508335,0.06411049560808348,0.13906820646598134
3,10,1200,0.183566066522454,0.33566498917291027,0.15664319194015122,0.32412575236448443
3,10,1201,0.044642096292090865,0.3030269752227373,0.19488371174495883,0.4574472167402129
3,10,1202,0.10364010764790926,0.11772694831573516,0.02402489071309566,0.75460805332326
3,10,1203,0.1889079606775356,0.24933462969593068,0.24728073574199497,0.3144766738845389
3,10,1204,0.2143463277557034,0.2262011635792768,0.008228025951596926,0.5512244827134228
3,10,1205,0.1691166630370377,0.31156087830901996,0.22337689676772463,0.29594556188621784
3,10,1206,0.1643489242918688,0.3892691335569497,0.05638019242870171,0.39000174972247975
3,10,1207,0.14124439507104958,0.31049376002869755,0.1383994969154152,0.4098623479848375
3,10,1208,0.07619231725894314,0.4768769720573148,0.1527479783833924,0.2941827323003498
3,10,1209,0.20130544158690536,0.38519604317517286,0.203284321193359,0.21021419404456274
3,10,1210,0.004064525549579641,0.05627620528520007,0.0432580910610553,0.896401178104165
3,10,1211,0.21899161657258512,0.4259318120761314,0.017452556174564118,0.33762401517671936
3,10,1212,0.38609321817247216,0.5204253417092929,0.03077644346349014,0.0627049966547447
3,10,1213,0.0056221304148303146,0.33036380827263767,0.17873484597510345,0.4852792153374286
3,10,1214,0.001513521264836771,0.3416347567036414,0.11149852676045234,0.5453531952710695
3,10,1215,0.013104743907342587,0.02039678304818735,0.14899888185215882,0.8174995911923113
3,10,1216,0.08530625371837716,0.24030494792421103,0.02281029358914942,0.6515785047682624
3,10,1217,0.2376716635162908,0.3655395814439223,0.1308858539529129,0.26590290108687403
3,10,1218,0.10215771184234741,0.3850677383340892,0.23516206251466587,0.2776124873088975
3,10,1219,0.013848609535383962,0.5074256720180805,0.1358363152137575,0.342889403232778
3,10,1220,0.0022180879202506405,0.10779845988741604,0.08202780434612598,0.8079556478462073
3,10,1221,0.08605999962013161,0.4536909366463695,0.20366364434571033,0.2565854193877886
3,10,1222,0.42596798285505916,0.46513018068337547,0.025608236157681725,0.08329360030388369
3,10,1223,0.016974275059560066,0.20780743634254917,0.3819438116211887,0.39327447697670226
3,10,1224,0.0009907333527351453,0.35031986603922893,0.05201047851990899,0.596678922088127
3,10,1225,0.08821184441307942,0.38329892231063406,0.17104990084891464,0.35743933242737175
3,10,1226,0.004935147901370712,0.012466417118412806,0.09210190549423218,0.8904965294859842
3,10,1227,0.124537295784852,0.4514517147100063,0.021514785603079657,0.402496203902062
3,10,1228,0.01751230823287079,0.22677728377737602,0.02769279118983099,0.7280176167999222
3,10,1229,0.038157991121912836,0.04025740810932418,0.2028588683620226,0.7187257324067404
3,10,1230,0.04480190048038045,0.08354941843863954,0.06715025339902843,0.8044984276819516
3,10,1231,0.03959989969043705,0.2638990530217347,0.019146297963960057,0.6773547493238682
3,10,1232,0.05031774948793242,0.055291794123897765,0.16106408703641578,0.7333263693517539
3,10,1233,0.02022552061966339,0.06926263652002673,0.4516849824197553,0.4588268604405545
3,10,1234,0.017299498395779885,0.1924946170438164,0.2100241280210051,0.5801817565393986
3,10,1235,0.28368311975193705,0.41530908536543637,0.06387350908943086,0.2371342857931957
3,10,1236,0.12175326564640906,0.33216278944089234,0.251734508862882,0.2943494360498167
3,10,1237,0.3160900842182731,0.3385279334785204,0.15355157864968283,0.19183040365352355
3,10,1238,0.019942375147620022,0.48104715219872435,0.018569310274765872,0.48044116237888984
3,10,1239,0.15945339091119207,0.49957874868313984,0.03053239194530477,0.3104354684603633
3,10,1240,0.15761406352751553,0.18767935136341427,0.05215412821022786,0.6025524568988423
3,10,1241,0.01300921466989479,0.07166705452406376,0.3668051648642428,0.5485185659417986
3,10,1242,0.2119325904409823,0.22009723569213144,0.262464561416118,0.3055056124507683
3,10,1243,0.1921442414023443,0.2177883793402429,0.04785574901295462,0.5422116302444583
3,10,1244,0.32820786951633574,0.46330196272813834,0.028975284120189543,0.1795148836353364
3,10,1245,0.05227696854772765,0.282907487470793,0.06937276706409172,0.5954427769173877
3,10,1246,0.02569149245358284,0.09718192808456856,0.03480530552645472,0.8423212739353938
3,10,1247,0.0033320149999094177,0.124781135499642,0.16959939647216932,0.7022874530282792
3,10,1248,0.08916550122338336,0.33909390676169376,0.18599225145737863,0.38574834055754437
3,10,1249,0.022132055434884137,0.14240082916827296,0.32210257425137234,0.5133645411454705
3,10,1250,0.0017854226943964228,0.052138407169142635,0.027023180722158015,0.9190529894143029
3,10,1251,0.10042102601181713,0.5397247163732313,0.08133177470208988,0.2785224829128618
3,10,1252,0.015435406540866625,0.2615859521940542,0.034493135757540025,0.6884855055075391
3,10,1253,0.0630591472913465,0.38295406675238497,0.0945270617154075,0.45945972424086107
3,10,1254,0.0328316230349193,0.3868702006952126,0.28018647058312596,0.3001117056867422
3,10,1255,0.0584927023792853,0.16802870485949503,0.06254006359871989,0.7109385291624997
3,10,1256,0.45002116074609405,0.4918352366673234,0.00018548625416543548,0.057958116332417174
3,10,1257,0.17620164377439773,0.2884684472624149,0.16242532317287606,0.3729045857903115
3,10,1258,0.16112102050510602,0.3887959259287767,0.03740205969045584,0.4126809938756615
3,10,1259,0.13297780770821302,0.3660599115329016,0.19885779263184972,0.3021044881270356
3,10,1260,0.01820041504962165,0.01886975260387603,0.25430418274587213,0.7086256496006302
3,10,1261,0.02291176869453625,0.0382573194228672,0.14877399461452667,0.7900569172680699
3,10,1262,0.04013360839257071,0.3293055510391361,0.041211964057018616,0.5893488765112744
3,10,1263,0.007287395156999205,0.3166066427688266,0.052729370891968816,0.6233765911822053
3,10,1264,0.008081467691347396,0.17213795712092902,0.08403015814426129,0.7357504170434622
3,10,1265,0.35023553876016417,0.43757781808600643,0.012446357328216433,0.19974028582561307
3,10,1266,0.06604692485864778,0.11710590062316566,0.35568652762861924,0.4611606468895673
3,10,1267,0.03559328579877833,0.4687073120656858,0.018822875398677094,0.4768765267368587
3,10,1268,0.026819273103068222,0.4072007234164575,3.4049416980770156e-05,0.5659459540634934
3,10,1269,0.15066822399085067,0.41782869775040177,0.12200254800527706,0.3095005302534705
3,10,1270,0.05452646218909563,0.3156703640604876,0.0024230945539880063,0.6273800791964288
3,10,1271,0.13680561144015055,0.35784239568675635,0.14051370123723497,0.3648382916358582
3,10,1272,0.281843616048706,0.4714376806986189,0.09406223776971748,0.15265646548295764
3,10,1273,0.006458308409787514,0.29177814674216696,0.2122620959147987,0.4895014489332467
3,10,1274,0.007867099113065264,0.2233929225927118,0.3243183428142456,0.4444216354799773
3,10,1275,0.023882708316627872,0.6482878963980018,0.16374412880645797,0.16408526647891244
3,10,1276,0.0011320007132504875,0.3975088058383611,0.0742851705930164,0.527074022855372
3,10,1277,0.06195214830796382,0.15455715279694696,0.010852227141433768,0.7726384717536554
3,10,1278,0.13619900702614854,0.23654945714972522,0.03196015904260686,0.5952913767815193
3,10,1279,0.10717096387544638,0.21608997136612404,0.023996850404769163,0.6527422143536603
3,10,1280,0.036394342510165954,0.5725541197217155,0.1553964949752853,0.23565504279283322
3,10,1281,0.007086329424414124,0.25327085458263543,0.015770615721933993,0.7238722002710164
3,10,1282,0.3931468196590547,0.41894603705811234,0.04879335973810624,0.13911378354472667
3,10,1283,0.007230980618823014,0.48400001760361316,0.15124958739189878,0.35751941438566504
3,10,1284,0.2867102860054329,0.2980809160868654,0.02818280371395751,0.38702599419374406
3,10,1285,0.3576694065895355,0.4906461761667482,0.0007146316022365145,0.1509697856414799
3,10,1286,0.07909750502215022,0.35909989346016724,0.22123953546051997,0.34056306605716247
3,10,1287,0.1073575105223032,0.13023185725501438,0.3398854839788575,0.4225251482438249
3,10,1288,0.012162255942482884,0.226998629682254,0.2716192457876076,0.48921986858765554
3,10,1289,0.2845139847773691,0.47467647650503275,0.06969685553673331,0.1711126831808648
3,10,1290,0.003209278215359866,0.2770250829317785,0.2796911655618575,0.440074473291004
3,10,1291,0.021256001130102196,0.06943194078752933,0.10083390038263043,0.8084781576997381
3,10,1292,0.019397928806031778,0.36801555485531856,0.27762100271137485,0.3349655136272747
3,10,1293,0.07087341338058735,0.6034876101634502,0.11349899192410645,0.21213998453185606
3,10,1294,0.24728509125496825,0.29257787573296024,0.17941600293570617,0.2807210300763655
3,10,1295,0.03938038154484768,0.12922067531864853,0.06244191462891113,0.7689570285075926
3,10,1296,0.3340715899040777,0.37902737076525944,0.011333061865051763,0.27556797746561107
3,10,1297,0.16212586114412392,0.16268307491389336,0.24531099095477138,0.42988007298721137
3,10,1298,0.003937826158041116,0.2155297073661586,0.21788011688961215,0.5626523495861883
3,10,1299,0.02585208347240509,0.3570690500445126,0.022854422662400977,0.5942244438206813
3,10,1300,0.02820593810173747,0.22408951830254287,0.014671364755034156,0.7330331788406854
3,10,1301,0.00695749213980838,0.1892351756067952,0.3462730999309146,0.45753423232248164
3,10,1302,0.05885166381946115,0.06822991011305693,0.2013760437100914,0.6715423823573906
3,10,1303,0.022085075216334554,0.46324000219967904,0.20824042955651897,0.30643449302746745
3,10,1304,0.22891794988666125,0.45058584613313934,0.06420453331195236,0.2562916706682471
3,10,1305,0.010676513386043229,0.2936839501594989,0.12344050949904366,0.5721990269554141
3,10,1306,0.0002274169820226977,0.2868716163618341,0.06748985000028006,0.6454111166558631
3,10,1307,0.050418706488398114,0.5412806576334093,0.1844717283381995,0.223828907539993
3,10,1308,0.035154956508328006,0.11463760871864262,0.06546119966728393,0.7847462351057456
3,10,1309,0.19918030973832698,0.3253410348492292,0.13320065464513656,0.3422780007673073
3,10,1310,0.07891866230563911,0.44393276304474066,0.17645693646418753,0.30069163818543276
3,10,1311,0.016386569509802155,0.41670469696326384,0.14039658557219187,0.4265121479547421
3,10,1312,0.055669442026218555,0.2785228636348508,0.2589908987609601,0.40681679557797046
3,10,1313,0.0008301916246386999,0.06692510812604836,0.2845077393282886,0.6477369609210243
3,10,1314,0.03495061859866648,0.1587000274805635,0.11308944264041274,0.6932599112803574
3,10,1315,0.015719524543909638,0.027164230339151527,0.36730991625040615,0.5898063288665326
3,10,1316,0.0340378599493759,0.05499147328616238,0.2202074201289681,0.6907632466354937
3,10,1317,0.16746298217326047,0.28793358005831654,0.21907506960169382,0.3255283681667291
3,10,1318,0.2828668966961842,0.5439277755313144,0.07619714334232146,0.09700818443017989
3,10,1319,0.34064095732570127,0.48548224614370233,0.08437252450218605,0.08950427202841024
3,10,1320,0.09805079655194308,0.426788170433345,0.00928831053664394,0.465872722478068
3,10,1321,0.023594800566131023,0.35782684668649506,0.06142581093980599,0.5571525418075679
3,10,1322,0.2465468542380884,0.4193811121788269,0.0415051722557206,0.29256686132736404
3,10,1323,0.09108131331875217,0.5418351749442791,0.13734925469422385,0.22973425704274497
3,10,1324,0.1667742934341978,0.1909316852416575,0.18615611476137875,0.4561379065627659
3,10,1325,0.039222179963158285,0.5467760870459386,0.1038767454281177,0.31012498756278534
3,10,1326,0.07995314869522138,0.48066262805405585,0.021555875879374346,0.4178283473713485
3,10,1327,0.11144246519525985,0.49390048362582634,0.13097966444137482,0.2636773867375391
3,10,1328,0.0004844002755459221,0.2888937473620781,0.05670815060628348,0.6539137017560924
3,10,1329,0.2325110361938855,0.2621846145638412,0.07447033496326955,0.4308340142790038
3,10,1330,0.010138543324193078,0.2228071079174917,0.277548720198735,0.4895056285595802
3,10,1331,0.0002513870924885449,0.3628939925776043,0.2293708294871495,0.40748379084275765
3,10,1332,0.09940701836355945,0.5330399542120436,0.08608844597523176,0.28146458144916525
3,10,1333,0.00221671452598839,0.12020551139093834,0.013071847386821149,0.864505926696252
3,10,1334,0.3388719418540049,0.49107792362174946,0.0688169486711391,0.10123318585310653
3,10,1335,0.047826953970289486,0.39083819835254313,0.2314071556424087,0.32992769203475864
3,10,1336,0.003972949167196397,0.21267389295267783,0.3497932274021506,0.4335599304779752
3,10,1337,0.071288462385794,0.34261864249136736,0.13691436014956923,0.4491785349732694
3,10,1338,0.06929947701106355,0.17213617102624953,0.09671272025004383,0.661851631712643
3,10,1339,0.0022412456095404175,0.49925591071581954,0.0012978199363566562,0.49720502373828324
3,10,1340,0.1519428368730288,0.18663266206375653,0.1739875436147634,0.48743695744845117
3,10,1341,4.643467651424407e-05,0.015425713138161002,0.36143567644814484,0.6230921757371799
3,10,1342,0.1383546776722219,0.1507472659690749,0.14435581232882774,0.5665422440298754
3,10,1343,0.16570605596349428,0.38308254502129674,0.10454719285606888,0.34666420615914023
3,10,1344,0.008694261492554305,0.571533353575108,0.13362950582686012,0.2861428791054776
3,10,1345,0.2627505204936002,0.3899049689324482,0.07517916810131021,0.27216534247264124
3,10,1346,0.04937116742037089,0.18770386594747354,0.008667072229591073,0.7542578944025645
3,10,1347,0.020280293629359587,0.38019380723197505,0.0539221727399845,0.5456037263986808
3,10,1348,0.012287427759547402,0.2646287052873484,0.029708288356144433,0.6933755785969598
3,10,1349,0.0706659537467514,0.42657347931206424,0.17349455719427814,0.32926600974690623
3,10,1350,0.20361604829622076,0.37959660812362417,0.020773783870004413,0.39601355971015073
3,10,1351,0.1309572611027977,0.22705595482234875,0.18996442531259183,0.45202235876226177
3,10,1352,0.004461853939907519,0.15596500053463402,0.17294786166736245,0.666625283858096
3,10,1353,0.1251503059680706,0.17749279306548976,0.2992252484297136,0.39813165253672594
3,10,1354,0.25454210790635806,0.30396161827131224,0.012419324300813075,0.4290769495215166
3,10,1355,0.03940097164517484,0.2582258836061473,0.05764425779788714,0.6447288869507909
3,10,1356,0.00415312866107387,0.19389056948147498,0.08294408408870509,0.7190122177687461
3,10,1357,0.011772609588603851,0.49521456681130105,0.2089788031358103,0.2840340204642847
3,10,1358,0.07760716497553422,0.08566682733379678,0.25016407606934443,0.5865619316213246
3,10,1359,0.19593400981524942,0.3337547892206741,0.10861466402066161,0.3616965369434149
3,10,1360,0.0065232822276993,0.61147586160865,0.17696613710257383,0.20503471906107698
3,10,1361,0.14862644215673518,0.3397828271274749,0.017998171423108812,0.49359255929268114
3,10,1362,0.01508029276997612,0.21981205189064676,0.054972267832678744,0.7101353875066985
3,10,1363,0.0327252117315989,0.43740586613515314,0.14738581777656343,0.3824831043566846
3,10,1364,0.020322514875132137,0.42127701223109254,0.23349826167064286,0.3249022112231325
3,10,1365,0.4175183061659023,0.5171137839230188,0.02828491159310181,0.03708299831797711
3,10,1366,0.1812480365652843,0.1888155884403021,0.08364097957577321,0.5462953954186404
3,10,1367,0.14706790727983027,0.37871031390439713,0.10966362680766874,0.36455815200810376
3,10,1368,0.445177108841326,0.5095644329216614,0.011145887067215858,0.03411257116979654
3,10,1369,0.11541994644973655,0.36340106096031255,0.08597348284524674,0.4352055097447041
3,10,1370,0.07145287009515783,0.27120648475642756,0.025625276222811348,0.6317153689256032
3,10,1371,0.12341282733473102,0.1667101882275775,0.26861884869852637,0.44125813573916517
3,10,1372,0.1817000427384799,0.4023959563459383,0.01481377150020938,0.4010902294153725
3,10,1373,0.02173101814202659,0.16307714332908532,0.03241456260633841,0.7827772759225496
3,10,1374,0.0008613229700841627,0.12042822126895733,0.34843944131088567,0.5302710144500727
3,10,1375,0.208918242622622,0.29002847814076266,0.15931208645880188,0.3417411927778136
3,10,1376,0.2105627334935268,0.21669520681310858,0.005501519708972771,0.5672405399843917
3,10,1377,0.032370673414331655,0.2580640139130314,0.3350577372073838,0.3745075754652531
3,10,1378,0.22944639159881747,0.5349100536054552,0.06455751877762701,0.1710860360181004
3,10,1379,0.23382790465982523,0.3380576873466824,0.1480577589415394,0.280056649051953
3,10,1380,0.07606144458051566,0.09652933784036535,0.07814803620933519,0.7492611813697837
3,10,1381,0.06937615481057235,0.27582589218763415,0.2458753219435265,0.40892263105826687
3,10,1382,0.049091092681034856,0.3122151342912543,0.18423962986392245,0.4544541431637884
3,10,1383,0.012536678362563758,0.08267256663432487,0.02145137724011848,0.883339377762993
3,10,1384,0.25805277087906875,0.35082742261273897,0.04794814074461803,0.3431716657635743
3,10,1385,0.024886877215685856,0.054644154526741616,0.0016477619015706816,0.9188212063560018
3,10,1386,0.0002219136849246527,0.16588093354096461,0.0029032738863987344,0.830993878887712
3,10,1387,0.11980643053936545,0.19181240540611674,0.1163249913424376,0.5720561727120803
3,10,1388,0.0009227284276864103,0.05167554014364401,0.1633677523466776,0.7840339790819919
3,10,1389,0.01016449145692093,0.1545811068749658,0.010933089900489109,0.8243213117676241
3,10,1390,0.06886152770192655,0.1448093229312332,0.007919647125413593,0.7784095022414266
3,10,1391,0.09654524360735493,0.26778140442073284,0.01301299547677289,0.6226603564951394
3,10,1392,0.0010291216797044267,0.00474015954701666,0.08845834603346141,0.9057723727398175
3,10,1393,0.011408168482482701,0.3366952395018228,0.10779264855787549,0.5441039434578191
3,10,1394,0.003981202425494775,0.1354618681180805,0.3164361238339354,0.5441208056224892
3,10,1395,0.17582804747431585,0.4436494834737836,0.16543578698965236,0.21508668206224818
3,10,1396,0.04905032162247222,0.30703785393762456,0.31855941478415734,0.3253524096557459
3,10,1397,0.15323310883886965,0.3479860729530801,0.07425534248318058,0.42452547572486954
3,10,1398,0.3027261880980178,0.38466509588607983,0.030825939172099248,0.281782776843803
3,10,1399,0.05285223423830156,0.5743686836379391,0.11130440138519042,0.2614746807385688
3,10,1400,0.029839483989742725,0.14884983672620747,0.13018271904743633,0.6911279602366136
3,10,1401,0.08878602647924791,0.5245479024670354,0.0534497731431702,0.3332162979105465
3,10,1402,0.094518782837218,0.280783191241612,0.26667225663490607,0.35802576928626395
3,10,1403,0.07971674974293416,0.3988828390237576,0.010566529200330408,0.5108338820329779
3,10,1404,0.010317220651730814,0.3403754989669386,0.017524049441083656,0.631783230940247
3,10,1405,0.060447035662100065,0.10032194813257778,0.025010432932370926,0.8142205832729513
3,10,1406,0.09469959106048796,0.15333237011241893,0.15452886705793265,0.5974391717691605
3,10,1407,0.06245822081207133,0.09317413471211138,0.2605316784500101,0.5838359660258072
3,10,1408,0.03858567522741328,0.1043487329423603,0.03430171542146611,0.8227638764087604
3,10,1409,0.05655865292164474,0.6180428838610452,0.15481220194171127,0.17058626127559884
3,10,1410,0.05847678163662734,0.38193923766386323,0.10150943742161068,0.45807454327789876
3,10,1411,0.3766662879157445,0.4402801740776766,0.06391053545952512,0.11914300254705369
3,10,1412,0.09281332460392502,0.13462230044516102,0.19286053271813186,0.579703842232782
3,10,1413,0.00028422111528897783,0.29554721465168254,0.17400613923589894,0.5301624249971295
3,10,1414,0.29862170889723694,0.45495308795899964,0.049302400552138304,0.1971228025916251
3,10,1415,0.026372450173889384,0.348652562314942,0.3053655439275049,0.31960944358366367
3,10,1416,0.05520531055728022,0.14601724353093315,0.07170701985824662,0.72707042605354
3,10,1417,0.06452998615941548,0.17303768960631968,0.36383266587443236,0.39859965835983246
3,10,1418,0.45219662908665165,0.45242240538431155,0.04544630522770975,0.04993466030132722
3,10,1419,0.1193277709486,0.2165024796765069,0.23335923018164767,0.4308105191932455
3,10,1420,0.005135309603409778,0.24666383324309699,0.17858878543227857,0.5696120717212146
3,10,1421,0.1475659359105413,0.30714995753677765,0.1794865491773354,0.36579755737534564
3,10,1422,0.26281294383698944,0.4482533901942667,0.12487280716161361,0.16406085880713034
3,10,1423,0.012656562151714566,0.23065648265928634,0.025574662258546193,0.7311122929304529
3,10,1424,0.2366653331114743,0.4603758228785637,0.15089857086779646,0.15206027314216553
3,10,1425,0.06085832356467001,0.44011545837159716,0.2333408696745297,0.2656853483892031
3,10,1426,0.006872938975488369,0.5121556885008546,0.22839057541102423,0.25258079711263287
3,10,1427,0.0686381905361754,0.40397250424969683,0.07585734163278884,0.45153196358133896
3,10,1428,0.2597574546045237,0.2880581051627353,0.08718047433189799,0.365003965900843
3,10,1429,0.034329945562456596,0.5534008795434316,0.1861467817198731,0.22612239317423863
3,10,1430,0.1416061994941346,0.21589323018164158,0.0534072919588757,0.589093278365348
3,10,1431,0.02856924358770896,0.14789706189738852,0.16151052162038906,0.6620231728945135
3,10,1432,0.04738577408885395,0.17843672312140504,0.07618489398891484,0.6979926088008263
3,10,1433,0.06658385211464447,0.45743160460514437,0.05764830205061276,0.4183362412295985
3,10,1434,0.06834863894610994,0.4834991314983169,0.0044880628961895186,0.4436641666593836
3,10,1435,0.18765112700890563,0.39299598046795015,0.1566869018057564,0.2626659907173879
3,10,1436,0.11009134871488684,0.4316267062787045,0.08165676982137705,0.37662517518503164
3,10,1437,0.211950730407591,0.41508698057442145,0.035929609571213494,0.3370326794467742
3,10,1438,0.0952644140613964,0.34044611934472296,0.019917535857279248,0.5443719307366014
3,10,1439,2.6413206702998447e-05,0.18323392818768547,0.024241024036367492,0.792498634569244
3,10,1440,0.248915872034348,0.5197401711632074,0.045434247566515165,0.18590970923592942
3,10,1441,0.25922662413421654,0.47050138981602946,0.00142334794318517,0.268848638106569
3,10,1442,0.0027933822896804798,0.08619143247343214,0.4216673517203362,0.48934783351655126
3,10,1443,0.2591069018263637,0.5111422764208182,0.04661746813364585,0.18313335361917224
3,10,1444,0.20111755606031914,0.4181706052035435,3.285113997659499e-05,0.38067898759616065
3,10,1445,0.0523495222982311,0.5772721971606996,0.18031583059614248,0.19006244994492688
3,10,1446,0.2626465061536389,0.2744238053872529,0.019862919844577814,0.4430667686145302
3,10,1447,0.32542139341807963,0.42872180999753895,0.058257000914482465,0.18759979566989898
3,10,1448,0.06998771449933029,0.39804659061544295,0.20189428988621624,0.33007140499901044
3,10,1449,0.043140438424819294,0.10644606040716058,0.3235251145732551,0.526888386594765
3,10,1450,0.015151278606974785,0.36903463837402156,0.21971780641597313,0.39609627660303054
3,10,1451,0.026546894308468655,0.39451669022619834,0.20593619626592669,0.3730002191994063
3,10,1452,0.14245702161453913,0.3360214032486839,0.06622245421787819,0.4552991209188989
3,10,1453,0.04431128289207938,0.4472156239980069,0.0027822497427267808,0.5056908433671871
3,10,1454,0.07734643157399507,0.45190077985800725,0.10369979612581967,0.36705299244217793
3,10,1455,0.040240609168351975,0.3631863344360674,0.21810705076996953,0.378466005625611
3,10,1456,0.13154841421693103,0.4164088649308202,0.20821752635656593,0.24382519449568288
3,10,1457,0.011275047916740714,0.1814404973601124,0.1859659336731139,0.6213185210500329
3,10,1458,0.12304404806384873,0.513301136022827,0.08139449382554238,0.2822603220877819
3,10,1459,0.0864966440766401,0.4494232920211928,0.006860272388159525,0.45721979151400777
3,10,1460,0.27138615968537205,0.29882279741199425,0.13729418859839781,0.29249685430423567
3,10,1461,0.09763801884203069,0.28329261751071527,0.25109812775969026,0.36797123588756386
3,10,1462,0.07519292038862996,0.3989586783219227,0.2142920113154173,0.31155638997403007
3,10,1463,0.19161910755199854,0.1964019410852834,0.25573261800794733,0.3562463333547708
3,10,1464,0.35308888399971455,0.38299363628621264,0.015392487382915519,0.2485249923311573
3,10,1465,0.31912249339492527,0.4897346045891616,0.07704714452949671,0.11409575748641633
3,10,1466,0.08559043921618253,0.36806530617599026,0.2699761627233418,0.2763680918844856
3,10,1467,0.02270074159152429,0.0273745234100793,0.10327075313832619,0.8466539818600703
3,10,1468,0.20355437952847327,0.20815328863808055,0.15986575382592058,0.4284265780075255
3,10,1469,0.02728565359836218,0.3085297650732817,0.29550235649372386,0.368682224834632
3,10,1470,0.07494301405966951,0.24074749176969784,0.26856802470409125,0.41574146946654134
3,10,1471,0.029907465663689244,0.10781091866179952,0.010521450809298487,0.8517601648652128
3,10,1472,0.0035561640956371867,0.4450315489421615,0.1794264408503717,0.37198584611182955
3,10,1473,0.03668398539736933,0.49398020446562807,0.1971636324396816,0.272172177697321
3,10,1474,0.02868337234057287,0.2429708958188814,0.037857178522393044,0.6904885533181527
3,10,1475,0.000122701555657707,0.036075857495596664,0.4435174532767489,0.5202839876719967
3,10,1476,0.06135744641589002,0.06920771797579786,0.22857456377729418,0.6408602718310179
3,10,1477,0.01294642982588196,0.3280983226486738,0.26063818101047487,0.39831706651496945
3,10,1478,0.0925791160517922,0.3989721094035172,0.1689085368457221,0.3395402376989685
3,10,1479,0.010041996117385552,0.27705803135521767,0.17894333801039458,0.5339566345170023
3,10,1480,0.09668087750147707,0.3881735900662646,0.0973232966246534,0.41782223580760497
3,10,1481,0.017816503854122354,0.553353310755522,0.1301122931325889,0.2987178922577667
3,10,1482,0.08669359790361135,0.3118583399825889,0.24349020419853598,0.3579578579152637
3,10,1483,0.01481716819219148,0.10093108848512215,0.1737895646502177,0.7104621786724686
3,10,1484,0.4161389870065785,0.4730498167953515,0.021722132239207156,0.08908906395886276
3,10,1485,0.08420808179154408,0.17258630258645444,0.009544036041965047,0.7336615795800363
3,10,1486,0.04996694271976348,0.40907900744337217,0.10476106196412487,0.4361929878727394
3,10,1487,0.18162727995096398,0.38322920051445014,0.18689621201399206,0.24824730752059396
3,10,1488,0.3255953461152601,0.3465598989414324,0.0753781043766379,0.2524666505666698
3,10,1489,0.14632504711278002,0.45817639112684516,0.061264513321469635,0.3342340484389053
3,10,1490,0.056335229112936196,0.4231396360964067,0.03897890528123246,0.4815462295094246
3,10,1491,0.0009997588642160857,0.3003112201237862,0.33631725239817784,0.36237176861382
3,10,1492,0.24879809602905592,0.35406798583921223,0.09089051961366433,0.30624339851806753
3,10,1493,0.3928325933482894,0.45813097383095014,0.004780122962560811,0.1442563098581997
3,10,1494,0.029215490532734395,0.47944186771749125,0.15526600584561134,0.3360766359041629
3,10,1495,0.21962993208538095,0.3214361395941854,0.02216343438596782,0.4367704939344658
3,10,1496,0.17920538501164032,0.2725086557866928,0.009549578282695132,0.5387363809189718
3,10,1497,0.18029807269442924,0.2543505455771903,0.18978097338412425,0.3755704083442562
3,10,1498,0.18989555318680318,0.22808001767690594,0.09361367300457837,0.4884107561317125
3,10,1499,0.021014729752900186,0.05180406427457614,0.023016804568410907,0.9041644014041127
3,10,1500,0.03309554337848975,0.14996014938266014,0.1350263294589432,0.6819179777799068
3,10,1501,0.005825696529857606,0.18940328040114474,0.1618498227850949,0.6429212002839028
3,10,1502,0.0441555905648167,0.48879118066928956,0.07584236074842107,0.39121086801747257
3,10,1503,0.012101836411114545,0.08316035738868245,0.34633232952509707,0.5584054766751059
3,10,1504,0.11083054620443082,0.41140275318296066,0.0682897453228533,0.40947695528975525
3,10,1505,0.052816821911839805,0.18345200600845618,0.05409293328457103,0.709638238795133
3,10,1506,0.050175795539266765,0.27697698050288067,0.011546422490520148,0.6613008014673325
3,10,1507,0.000459351245382285,0.5840278405180337,0.12445875644676099,0.29105405178982313
3,10,1508,0.007182022330040697,0.3855632317782403,0.09307625539743228,0.5141784904942867
3,10,1509,0.25784475611750945,0.33016167139509384,0.1707073214158974,0.24128625107149929
3,10,1510,0.14049949820530835,0.29513940373508696,0.1266894424310987,0.437671655628506
3,10,1511,0.032365773890246335,0.33546238021256514,0.21287777731737587,0.4192940685798126
3,10,1512,0.0039873083037096045,0.27288693701427363,0.33266251640718314,0.39046323827483365
3,10,1513,0.13879850019360365,0.14339676341163107,0.20444369970546103,0.5133610366893043
3,10,1514,0.10463414369850207,0.49802060370375584,0.14324965960731306,0.25409559299042894
3,10,1515,0.06806126460009672,0.47953381062642253,0.005397720474842609,0.4470072042986381
3,10,1516,0.06541408568347272,0.09243666068961343,0.38225079320018024,0.45989846042673355
3,10,1517,0.004183426162846984,0.1016013530489154,0.11883288420295593,0.7753823365852817
3,10,1518,0.008549848980609792,0.17720664200305944,0.3424543323738414,0.47178917664248937
3,10,1519,0.030528659463611513,0.3748112052388821,0.1689472992491253,0.4257128360483809
3,10,1520,0.012589466338103381,0.30570230104350554,0.139717807779463,0.5419904248389281
3,10,1521,0.01025690325100985,0.4773764737931258,0.03369337025241233,0.47867325270345196
3,10,1522,0.0037477848159985787,0.14971772812114456,0.33521726613653496,0.511317220926322
3,10,1523,0.14422195882717678,0.20028208264121175,0.10841786202495583,0.5470780965066556
3,10,1524,0.017120408882284836,0.07764658117724049,0.06614668577036632,0.8390863241701084
3,10,1525,0.06697450283912923,0.08410802790406702,0.2025579088103547,0.6463595604464492
3,10,1526,0.03535547360221593,0.39033272999084784,0.032299646208950795,0.5420121501979854
3,10,1527,0.018973513100947442,0.15499985379119716,0.24956262209782593,0.5764640110100295
3,10,1528,0.1694263110970891,0.3032170612290742,0.21736849994540178,0.3099881277284349
3,10,1529,0.03718443204138392,0.15837610490289447,0.24634016896693403,0.5580992940887877
3,10,1530,0.0031916036792790604,0.0685154824548785,0.4511426992900142,0.47715021457582824
3,10,1531,0.06455730768420272,0.14335848908663146,0.3387274947079521,0.4533567085212136
3,10,1532,0.01546857172440265,0.11748056048431524,0.19225962410927777,0.6747912436820044
3,10,1533,0.0964709715450136,0.3322340952552509,0.10273063686651202,0.4685642963332235
3,10,1534,0.05561442465018258,0.4867246929050307,0.012461097035633212,0.4451997854091535
3,10,1535,0.37385655036603405,0.38201388302945166,0.043428863871786974,0.20070070273272728
3,10,1536,0.09084341155576792,0.13497551972787292,0.006730982200947178,0.767450086515412
3,10,1537,0.012916037827375663,0.5892347412424032,0.1250856181676108,0.27276360276261036
3,10,1538,0.007457870679207914,0.019936956677034653,0.2167536753692373,0.7558514972745202
3,10,1539,0.21810866046877492,0.36752717216056324,0.20361775965031348,0.21074640772034844
3,10,1540,0.06555354621707737,0.2525815842481821,0.17649641696682278,0.5053684525679178
3,10,1541,0.06386154393697316,0.4666777211339052,0.09018473166997389,0.37927600325914773
3,10,1542,0.04686201743802468,0.4816323089388416,0.0508413991700625,0.4206642744530712
3,10,1543,0.16488466723481124,0.4158302982095919,0.019102257092769335,0.4001827774628275
3,10,1544,0.0011617550431404,0.4804239213811895,0.006145025653486806,0.5122692979221833
3,10,1545,0.01039034107402178,0.0935391077456727,0.1112188090732602,0.7848517421070453
3,10,1546,0.07722481688149924,0.31068204980202113,0.23416403108154216,0.37792910223493736
3,10,1547,0.3240685700125307,0.45284245212794794,0.06643906412721341,0.15664991373230785
3,10,1548,0.028538688852112675,0.3612736893012072,0.05487930381119107,0.555308318035489
3,10,1549,2.5299145702758303e-05,0.19167268677563096,0.21844491189647683,0.5898571021821895
3,10,1550,0.16742915293880994,0.33329704408709443,0.007425160736385492,0.4918486422377101
3,10,1551,0.12045378884142542,0.2994526923235454,0.1625090692810119,0.4175844495540174
3,10,1552,0.035830759785667084,0.5596205296281126,0.13693490871300898,0.2676138018732112
3,10,1553,0.24826287123051563,0.3943373263105664,0.008896903536476717,0.3485028989224412
3,10,1554,0.17077639578387888,0.4757404111553432,0.16061919264114427,0.1928640004196337
3,10,1555,0.02206189643147214,0.09550452920929398,0.012419150224190078,0.8700144241350437
3,10,1556,0.034314453618144676,0.5472854995606304,0.15824386779949295,0.26015617902173177
3,10,1557,0.05267973897614661,0.2556932872320937,0.2123275994877917,0.4792993743039681
3,10,1558,0.0839471060483765,0.43053829897173107,0.1635519310419469,0.32196266393794554
3,10,1559,0.14014596078836228,0.28333268393392524,0.128276254129902,0.4482451011478104
3,10,1560,0.029904288358160572,0.2007483786281801,0.2119730306474558,0.5573743023662034
3,10,1561,0.13086167135378077,0.22029149412287433,0.1910409968837235,0.4578058376396214
3,10,1562,0.12458750097067807,0.35982361658821477,0.14158876070224868,0.3740001217388585
3,10,1563,0.14375763367894465,0.19579158495068869,0.08669084079434881,0.5737599405760178
3,10,1564,0.03232758896829411,0.16632541025388944,0.2644931736898105,0.5368538270880061
3,10,1565,0.23079393455997493,0.38203735228255686,0.07084647171449882,0.3163222414429695
3,10,1566,0.042147582220933226,0.1014192902169909,0.24196060836985778,0.6144725191922181
3,10,1567,0.11421233317884827,0.5092108339350478,0.07563269600161054,0.3009441368844933
3,10,1568,0.0348669350227762,0.26414935297736775,0.32430022146117826,0.37668349053867783
3,10,1569,0.21220218594445692,0.28687344550211735,0.04109016202960797,0.45983420652381773
3,10,1570,0.0004645232019835979,0.3505108867446675,0.02041588619929104,0.6286087038540579
3,10,1571,0.029343858693397756,0.6157245787722744,0.1723556530083527,0.1825759095259751
3,10,1572,0.033223147244988455,0.23473975873945682,0.3531088464796882,0.3789282475358666
3,10,1573,0.01096702345039165,0.4773197514703061,0.027433647531952675,0.4842795775473496
3,10,1574,0.0076270667333464374,0.018552352270694298,0.031616803696646045,0.9422037772993133
3,10,1575,0.011056294443307819,0.17930488286129187,0.3701529645000823,0.4394858581953179
3,10,1576,0.01962834766540238,0.4158262556937765,0.16243752893169391,0.4021078677091273
3,10,1577,0.14894716397164956,0.18450194901612,0.2390914867603054,0.42745940025192497
3,10,1578,0.08065225410060584,0.2227138797245,0.2823539774311034,0.4142798887437909
3,10,1579,0.044924802268327735,0.15213426027566565,0.1779461969641469,0.6249947404918595
3,10,1580,0.07234434053823494,0.34074760681376204,0.015112602351719844,0.5717954502962833
3,10,1581,0.0029039594373413873,0.24265689983677924,0.24639174855881252,0.5080473921670667
3,10,1582,0.10295389231420007,0.5201704301485136,0.1583435295070199,0.2185321480302663
3,10,1583,0.231311485602537,0.5541548951928649,0.05950065254823667,0.15503296665636138
3,10,1584,0.11157479766153633,0.27354326337250134,0.24703985372553897,0.3678420852404234
3,10,1585,0.03343225865648811,0.3807675187849335,0.2722526406665627,0.31354758189201576
3,10,1586,0.06966243210003908,0.2761786036941285,0.20129009310800716,0.4528688710978253
3,10,1587,0.15066161628650934,0.23394606818500216,0.014060562172688904,0.6013317533557996
3,10,1588,0.0757167694326697,0.2964071194123307,0.059964950923917425,0.5679111602310821
3,10,1589,0.07513104340055768,0.26507634394526797,0.19981921295752017,0.4599733996966542
3,10,1590,0.3286732495047049,0.5522033782239192,0.05553990532148885,0.06358346694988705
3,10,1591,0.257137855629062,0.35866988558858914,0.1743328857045106,0.20985937307783842
3,10,1592,0.20477139499164027,0.573833117514302,0.10540106534318136,0.11599442215087628
3,10,1593,0.010198465126830814,0.31613781474068264,0.05225606287428196,0.6214076572582045
3,10,1594,0.04951558233690565,0.07340273704705683,0.19561584865290763,0.6814658319631299
3,10,1595,0.006453250140736077,0.5010393270168494,0.12362323352149528,0.3688841893209193
3,10,1596,0.1636807751612286,0.2426351388622943,0.06014693406433662,0.5335371519121406
3,10,1597,0.07590320323920358,0.5234216687752838,0.04807521817094838,0.35259990981456424
3,10,1598,0.0014153490025823085,0.13210298371549875,0.04418453291942419,0.8222971343624947
3,10,1599,0.2549694231779578,0.35969304056995566,0.00018332100130429848,0.3851542152507822
3,10,1600,0.018714398380793713,0.21551708960329566,0.04132792199929742,0.7244405900166132
3,10,1601,0.000685408962446473,0.17404664873397424,0.05223376317095861,0.7730341791326206
3,10,1602,0.009483183388888075,0.040113918484959016,0.44771033459954734,0.5026925635266056
3,10,1603,0.27979554381722277,0.40843038471497906,0.11607816655954245,0.19569590490825586
3,10,1604,0.006874320361192556,0.011926806007018164,0.02959002698094879,0.9516088466508406
3,10,1605,0.21052135250937812,0.4114608941992218,0.1709914757140662,0.20702627757733372
3,10,1606,0.02003506586927553,0.04043756229781384,0.15228357947145796,0.7872437923614526
3,10,1607,0.20897615727540592,0.2913422632090522,0.23464825358707453,0.26503332592846723
3,10,1608,0.12860960044807987,0.25571042595861754,0.10089477257947058,0.5147852010138321
3,10,1609,0.29427079995562844,0.4698153713718802,0.0875617976869234,0.14835203098556804
3,10,1610,0.055733895208874375,0.18336809405825172,0.2814497850868544,0.4794482256460194
3,10,1611,0.0938290821314068,0.09758184778337509,0.2864575755832486,0.5221314945019696
3,10,1612,0.020870137601512632,0.033254443297439804,0.06137470161318816,0.8845007174878594
3,10,1613,0.006621797388016569,0.16235768093012898,0.31345595761680056,0.5175645640650539
3,10,1614,0.03220912771607689,0.06766501872854738,0.13612599391981342,0.7639998596355624
3,10,1615,0.2230666082347899,0.22423702135320348,0.005516799457258569,0.5471795709547481
3,10,1616,0.05925573905395267,0.5042323337283818,0.1588774250762211,0.2776345021414443
3,10,1617,0.369969087890925,0.4912316919792282,0.03263042969149431,0.10616879043835255
3,10,1618,0.019558513102576558,0.5291241577546751,0.07977031718518497,0.3715470119575634
3,10,1619,5.839875895380743e-05,0.043702303806881435,0.08633000158665957,0.8699092958475051
3,10,1620,0.25607549074533736,0.5156144404809384,0.08666422985497416,0.14164583891875004
3,10,1621,0.048431707672299436,0.07395864604808278,0.023289378342682722,0.8543202679369349
3,10,1622,0.0681766230679613,0.14014930018318847,0.14649127322989486,0.6451828035189553
3,10,1623,0.028581521624505543,0.07265847126088043,0.323436936334322,0.5753230707802921
3,10,1624,0.19090639824018127,0.3688302396136931,0.11229970438053748,0.3279636577655882
3,10,1625,0.01818218852202353,0.5086844238607225,0.05955378113095658,0.41357960648629727
3,10,1626,0.08558849445159963,0.38503457732338453,0.017053960648474854,0.5123229675765408
3,10,1627,0.02411162462781633,0.3645901746585106,0.14537271072747637,0.46592548998619665
3,10,1628,0.03429670620962786,0.4210892450997928,0.05293604260420646,0.49167800608637297
3,10,1629,0.1668025670470551,0.4356863934194519,0.03166952949559834,0.36584151003789467
3,10,1630,0.09850499348981562,0.2600234756280887,0.2807645479659037,0.360706982916192
3,10,1631,0.0007849076548072634,0.5868584042537608,0.09110740546248532,0.32124928262894664
3,10,1632,0.01495509826326464,0.08607129685149323,0.20957991169924345,0.6893936931859987
3,10,1633,0.11442510364743208,0.5030861462022023,0.06886316637096634,0.3136255837793995
3,10,1634,0.01417277929078783,0.36035202191186416,0.04030674154498369,0.5851684572523643
3,10,1635,0.23763062180327485,0.4532978166853017,0.14207431705845375,0.16699724445296962
3,10,1636,0.03919947948386233,0.32152558815090587,0.24416095560556497,0.3951139767596668
3,10,1637,0.03439546742223904,0.40510616371750346,0.028528372112998038,0.5319699967472594
3,10,1638,0.028880638244093395,0.06027830379165125,0.1533981017149443,0.7574429562493111
3,10,1639,0.02109581028605288,0.4860452927224212,0.035410900118977975,0.45744799687254806
3,10,1640,0.02499787709344695,0.3072031475753182,0.003001833421756942,0.664797141909478
3,10,1641,0.02501068391067042,0.23778960019819248,0.26335581921427526,0.4738438966768618
3,10,1642,0.1765403196060465,0.304186067251549,0.009518234149117219,0.5097553789932874
3,10,1643,0.10278678010967943,0.2887896386523431,0.22460729453812542,0.38381628669985207
3,10,1644,0.13256327452808553,0.257130498016473,0.10125016815412312,0.5090560593013183
3,10,1645,0.004071800769461041,0.199354121266403,0.0043863997527279356,0.792187678211408
3,10,1646,0.2712566098789405,0.31643152993661333,0.14941056516209242,0.2629012950223536
3,10,1647,0.1461264860137115,0.3566921250193671,0.17232023825202136,0.3248611507149001
3,10,1648,0.029732012784066657,0.05041422615664484,0.3242111448396838,0.5956426162196047
3,10,1649,0.022978374570979312,0.3074845358345315,0.03363962837652709,0.635897461217962
3,10,1650,0.06438900675914427,0.2278081150161567,0.229890810678459,0.4779120675462401
3,10,1651,0.2764435171417956,0.4365128026116652,0.001264526552479608,0.28577915369405965
3,10,1652,0.2785553876359947,0.28097256082708155,0.1047227245584115,0.33574932697851234
3,10,1653,0.07027557610329768,0.38499328495013646,0.16648126242253036,0.37824987652403563
3,10,1654,0.33132050232270266,0.5186811554170695,0.027352983833717388,0.12264535842651042
3,10,1655,0.1090369672301989,0.2381330438885311,0.08736935295422014,0.5654606359270499
3,10,1656,0.0001383575280232206,0.5727297152533639,0.1615699670159647,0.26556196020264805
3,10,1657,0.12411035942204933,0.21604637626404907,0.059064425993414715,0.600778838320487
3,10,1658,0.12073471030899653,0.2848835581286673,0.24815109807037794,0.34623063349195826
3,10,1659,0.0616039243767657,0.07534896166589258,0.051259029197085894,0.8117880847602557
3,10,1660,0.23149127887486537,0.30241391508589077,0.15636336727944566,0.3097314387597981
3,10,1661,0.07560765815596447,0.3844082562881123,0.11577592334683574,0.4242081622090875
3,10,1662,0.09608861763559695,0.1331928173685669,0.2253848538201035,0.5453337111757325
3,10,1663,0.0205421119244614,0.32295153597120974,0.09766554943530249,0.5588408026690264
3,10,1664,0.11053797124572234,0.42600957961395,0.14518314817029904,0.3182693009700287
3,10,1665,0.20763327723248304,0.33705790201551933,0.028189425107476497,0.4271193956445211
3,10,1666,0.20468374351626764,0.25476967024108477,0.008029679930906999,0.5325169063117406
3,10,1667,0.054757608493997946,0.07574182108670474,0.012155237322161231,0.857345333097136
3,10,1668,0.06647445941766839,0.19262617502216642,0.016795939397414826,0.7241034261627505
3,10,1669,0.004353227075914527,0.18462608920090023,0.03844424006763762,0.7725764436555476
3,10,1670,0.035485588439088035,0.2769843447376044,0.2606621245771738,0.42686794224613384
3,10,1671,0.022010804356367854,0.51873259651846,0.04718607924369773,0.4120705198814743
3,10,1672,0.2856150858116147,0.4064529249529791,0.023310006163924857,0.28462198307148134
3,10,1673,0.026996402326000663,0.11326451429319705,0.18582961987572533,0.673909463505077
3,10,1674,0.0026971918565194056,0.4564883003128317,0.22469643814625154,0.3161180696843974
3,10,1675,0.03162622921355994,0.14038880227947892,0.38818160098284377,0.4398033675241173
3,10,1676,0.00017076678029316023,0.006261968880758176,0.4284152138933224,0.5651520504456262
3,10,1677,0.03929295750035567,0.5043205330724561,0.027789095595914262,0.42859741383127387
3,10,1678,0.07046230712641914,0.49908382099883186,0.022869426300278724,0.40758444557447027
3,10,1679,0.1730533566474239,0.2497882747762648,0.0028022638992412905,0.57435610467707
3,10,1680,0.1344150437286709,0.19437661597718642,0.29532569578832235,0.3758826445058204
3,10,1681,0.1319366431859365,0.13279093868374403,0.30267669302756006,0.43259572510275945
3,10,1682,0.08245713115345416,0.18291197649933646,0.19360493971713086,0.5410259526300785
3,10,1683,0.07913230778318149,0.16616230270315765,0.33154230680968655,0.4231630827039743
3,10,1684,0.04108805424002831,0.38707356826508477,0.2373929677838007,0.3344454097110864
3,10,1685,0.14254828645747653,0.31102206299819735,0.12002653731408888,0.4264031132302373
3,10,1686,0.11523836433886168,0.6090777240866754,0.11673872218158812,0.1589451893928748
3,10,1687,0.1592171883967959,0.4333799950179667,0.18372194452855403,0.2236808720566834
3,10,1688,0.0709387615311836,0.3913506672465324,0.010265978605315338,0.5274445926169686
3,10,1689,0.002163515686189339,0.21417629197333676,0.23467845687455252,0.5489817354659214
3,10,1690,0.11359282585175409,0.14985483530527857,0.021370519130538425,0.7151818197124289
3,10,1691,0.008136378499478313,0.4439503721891233,0.16374453327495336,0.384168716036445
3,10,1692,0.12769260059524706,0.16305376888284062,0.1172114323351495,0.5920421981867628
3,10,1693,0.08230961678612188,0.3709439487475774,0.034705328846723255,0.5120411056195774
3,10,1694,0.1683297485388977,0.23561734900354722,0.06964080099185874,0.5264121014656964
3,10,1695,0.038124168493824946,0.6344537081197003,0.15354195865901502,0.17388016472745962
3,10,1696,0.03690332892560944,0.3803232520164074,0.21780260117771458,0.3649708178802686
3,10,1697,0.04163148793354609,0.16285652709860424,0.02784811477335241,0.7676638701944972
3,10,1698,0.34801625101884687,0.4557631178117405,0.02131257226790281,0.17490805890150976
3,10,1699,0.0001823370546466888,0.0033995025034337903,0.1709958907942727,0.8254222696476469
3,10,1700,0.32536465413493504,0.5390125099069889,0.052957142128353056,0.08266569382972291
3,10,1701,0.38581236871673313,0.40790888062669556,0.06892188776295947,0.1373568628936118
3,10,1702,0.09625016169508377,0.33859990648575383,0.2739046198030616,0.2912453120161007
3,10,1703,0.09625283378028067,0.1485588413714754,0.06607351000345481,0.6891148148447891
3,10,1704,0.03432234339684453,0.1429931346966255,0.1035268881037116,0.7191576338028183
3,10,1705,0.302133735983613,0.41296817822652476,0.009758924050942641,0.2751391617389198
3,10,1706,0.17682425725709827,0.2852457479593089,0.012802193548239707,0.5251278012353532
3,10,1707,0.02574625262271167,0.11960817520414752,0.2745659081532673,0.5800796640198734
3,10,1708,0.3600199339893588,0.3691897745969142,0.08692542160924698,0.18386486980448014
3,10,1709,0.20000807789576205,0.27637912862220043,0.02014572523900565,0.5034670682430318
3,10,1710,0.1368746605320579,0.5106437852695637,0.0195777207173115,0.332903833481067
3,10,1711,0.2513196420152357,0.482372253785322,0.07308062765082303,0.19322747654861921
3,10,1712,0.16281323054800637,0.5365547009712649,0.1046220973987699,0.1960099710819588
3,10,1713,0.03168621216583932,0.5805444757968314,0.13650503267941855,0.2512642793579107
3,10,1714,0.140922542244741,0.4008948317921445,0.20639533445076222,0.2517872915123524
3,10,1715,0.05311217555421173,0.21331028270873612,0.2844397794048239,0.44913776233222824
3,10,1716,0.0674384891240348,0.24646634554425098,0.060332880048628246,0.6257622852830859
3,10,1717,0.36206992244341196,0.41783917552054645,0.03609234733437589,0.1839985547016658
3,10,1718,0.01447365868210473,0.280061706069118,0.024403768230693835,0.6810608670180835
3,10,1719,0.01695692470979671,0.2858930126222364,0.2566248723182443,0.4405251903497226
3,10,1720,0.1915157720429775,0.3640713924176431,0.09496641834634957,0.3494464171930298
3,10,1721,0.07868050312955958,0.4105413185429648,0.09898886591668958,0.4117893124107861
3,10,1722,0.03843507089210155,0.04740330411566146,0.1194791740871873,0.7946824509050497
3,10,1723,0.10441406189918012,0.3627785829375169,0.03019115958242971,0.5026161955808732
3,10,1724,0.13652675689243948,0.21141179343307193,0.1708102251783346,0.48125122449615404
3,10,1725,0.030325102111820892,0.18429469725599262,0.30453686633313204,0.48084333429905446
3,10,1726,0.11337207490616329,0.13702391750283216,0.3697366915989683,0.37986731599203627
3,10,1727,0.12397741963933988,0.3156642436998432,0.02342854261493203,0.5369297940458849
3,10,1728,0.01385959759278078,0.23513167502707985,0.15270355543899544,0.5983051719411439
3,10,1729,0.04997170361529789,0.5832121028377584,0.09189562030866749,0.27492057323827623
3,10,1730,0.049088469525779686,0.1933344472610648,0.040647373179534575,0.716929710033621
3,10,1731,0.006988163325674169,0.10547209831682047,0.053296838233134844,0.8342429001243704
3,10,1732,0.08155563283759962,0.41774415779740914,0.18969616749613166,0.31100404186885944
3,10,1733,0.024645360691097927,0.052767816404426446,0.31884518384708205,0.6037416390573938
3,10,1734,0.0023782723597842665,0.5119649530225434,0.014846853605919193,0.47080992101175323
3,10,1735,0.05920176408289642,0.22790928457576443,0.06716385726142536,0.6457250940799137
3,10,1736,0.11223710301084065,0.3792136841697729,0.01601144905281314,0.49253776376657327
3,10,1737,0.02698266479900775,0.2442878154605317,0.164325804932725,0.5644037148077355
3,10,1738,0.1216034032979107,0.2620231188902888,0.053259498483522225,0.5631139793282783
3,10,1739,0.0070127486015960335,0.26459250060530565,0.21434394319979774,0.5140508075933006
3,10,1740,0.2519162859975182,0.5142224332235477,0.08627275714237531,0.14758852363655894
3,10,1741,0.019961323064624555,0.3357417298276866,0.053942502363989085,0.5903544447436998
3,10,1742,0.012049297867076347,0.29618715200553936,0.1914948426477636,0.5002687074796206
3,10,1743,0.2563985584227105,0.31780438256017157,0.10718078441032507,0.3186162746067929
3,10,1744,0.007728140545166734,0.27522293236692197,0.11703810756989384,0.6000108195180175
3,10,1745,0.05074035856595512,0.5648704414023221,0.12892095595932535,0.2554682440723975
3,10,1746,0.18114634217948916,0.3919279458360926,0.10261103695310053,0.32431467503131767
3,10,1747,0.03079160533656078,0.5396783486728981,0.2008302458052656,0.22869980018527555
3,10,1748,0.23411397924880975,0.36141798315966145,0.16799638668895167,0.23647165090257719
3,10,1749,0.0018569793497123439,0.14520744472438443,0.35145933540106117,0.501476240524842
3,10,1750,8.813090922589467e-05,0.6110838056125977,0.18374404306108494,0.20508402041709142
3,10,1751,0.18960538468051483,0.5313865434353727,0.0879265246159397,0.19108154726817259
3,10,1752,0.12681636314461317,0.17039396582607852,0.0654969367001915,0.6372927343291168
3,10,1753,0.036369533013206626,0.049550854610904006,0.04353548538693138,0.870544126988958
3,10,1754,0.2709470495422839,0.3999558403444164,0.05940530431415729,0.26969180579914226
3,10,1755,0.0035857665606982623,0.3239861607464092,0.287973738431992,0.3844543342609008
3,10,1756,0.21841255458462738,0.5195016286644719,0.12788651101769555,0.13419930573320524
3,10,1757,0.00960687719805229,0.1905857502522077,0.1351451703395947,0.6646622022101453
3,10,1758,0.03973437022545195,0.10530702902371565,0.007028617443908249,0.8479299833069242
3,10,1759,0.010556282734230196,0.03153636606729977,0.3765386942297971,0.5813686569686729
3,10,1760,0.28992918045806454,0.3248966498161136,0.06891939522033659,0.31625477450548517
3,10,1761,0.04495705785045212,0.22143734164284654,0.008828119345182784,0.7247774811615185
3,10,1762,0.013123503845975769,0.3074074436510986,0.22229544254153488,0.45717360996139056
3,10,1763,0.1494895225207942,0.22106997172282655,0.18731940887627965,0.4421210968800997
3,10,1764,0.040321558765609555,0.07738691304741648,0.053422586327702186,0.8288689418592718
3,10,1765,0.04709382034609177,0.42822431379820636,0.23306147355982576,0.2916203922958761
3,10,1766,0.0083174548931124,0.30054748827279665,0.045932512069606406,0.6452025447644845
3,10,1767,0.14972457978082238,0.2589356326204927,0.27516279263718024,0.31617699496150464
3,10,1768,0.02880037075984267,0.2542186557113103,0.01843471511421002,0.698546258414637
3,10,1769,0.008247704265943422,0.3578340906739308,0.08671959390836786,0.5471986111517579
3,10,1770,0.23780291649187782,0.3416197828904189,0.17377131052564104,0.24680599009206222
3,10,1771,0.1279892212495255,0.17057488819068337,0.14333674903917804,0.5580991415206131
3,10,1772,0.2089043046544345,0.3108974785280757,0.04277726396718478,0.43742095285030497
3,10,1773,0.014930326058769101,0.03890139363191308,0.27097821272752726,0.6751900675817906
3,10,1774,0.29744399494660034,0.42727109705499333,0.007168109579598854,0.2681167984188075
3,10,1775,0.03149128230945311,0.3044492008858292,0.2259803797104814,0.4380791370942361
3,10,1776,0.013803450572427664,0.43307300064817694,0.2382652738876769,0.3148582748917185
3,10,1777,0.03650505466991667,0.10657470978933879,0.15722682708716368,0.699693408453581
3,10,1778,0.008058604313709796,0.06468511508051496,0.42891764091263246,0.4983386396931429
3,10,1779,0.1622638002716494,0.3462252618688796,0.049746224139632145,0.4417647137198388
3,10,1780,0.3088727590757937,0.31460614763690914,0.17806809884570993,0.19845299444158723
3,10,1781,0.15119238778228414,0.4718546880324705,0.17996679033760202,0.1969861338476435
3,10,1782,0.029115516312627585,0.38979422692961685,0.11868690075901916,0.4624033559987365
3,10,1783,0.04406221981408474,0.2550670271196901,0.00038661414852143736,0.7004841389177037
3,10,1784,0.1015755029924588,0.1054947249387987,0.07146549973858349,0.7214642723301591
3,10,1785,0.007518012722113878,0.35320513241130536,0.11203556401905013,0.5272412908475307
3,10,1786,6.231897458707675e-05,0.04406219644126808,0.19499130360005498,0.7608841809840898
3,10,1787,0.1653454569121231,0.4742847586087749,0.1704855816481228,0.1898842028309793
3,10,1788,0.0865875972872238,0.42514104064647623,0.11763900208626585,0.37063235998003413
3,10,1789,0.03006938066905099,0.0923454910692817,0.3565307447365641,0.5210543835251032
3,10,1790,0.0008607580718458845,0.09991971732469165,0.3876081067424319,0.5116114178610305
3,10,1791,0.18160693798497127,0.4432915086804392,0.039720108852432566,0.33538144448215684
3,10,1792,0.13368561982675672,0.17794153830856999,0.09984386447632111,0.5885289773883522
3,10,1793,0.1340602848469887,0.23202618578402476,0.17767601230704805,0.45623751706193855
3,10,1794,0.1056363162859617,0.4187581130957461,0.10975648858754389,0.36584908203074823
3,10,1795,0.021065614091345948,0.0871371735887376,0.12932573330132235,0.762471479018594
3,10,1796,0.17694966393459113,0.41885647462783293,0.0008124869705008241,0.4033813744670752
3,10,1797,0.07134419156335915,0.14796084483003433,0.010646965805901593,0.770047997800705
3,10,1798,0.07225380079676255,0.0933696016815342,0.2998788459021609,0.5344977516195423
3,10,1799,0.027491627699312644,0.23995920256110054,0.2183404315760507,0.5142087381635363
3,10,1800,0.10121171765019969,0.24036372026497627,0.20857550132882388,0.4498490607560001
3,10,1801,0.1374180443426192,0.21190105036255955,0.008691953016523491,0.6419889522782979
3,10,1802,0.012849182064628978,0.041171834146037145,0.05021787863453883,0.895761105154795
3,10,1803,0.1244215304712485,0.32238055898825413,0.18978446258751802,0.36341344795297914
3,10,1804,0.13346209016688615,0.4428800177235159,0.013717213196254968,0.40994067891334296
3,10,1805,0.14536453016154377,0.15505409384245925,0.14074082865960313,0.558840547336394
3,10,1806,0.006683924070982753,0.056614305099137244,0.32984389058768565,0.6068578802421943
3,10,1807,0.13000312069141823,0.49600262646925036,0.045307668179136916,0.3286865846601944
3,10,1808,0.37450025596481473,0.4076806895364356,0.00798582974629605,0.20983322475245356
3,10,1809,0.020829702011225092,0.12132446121658,0.13805660294063724,0.7197892338315578
3,10,1810,0.08502348839731368,0.3751286499232712,0.004599976206760498,0.5352478854726544
3,10,1811,0.03110415052577671,0.059145934250751465,0.0001347563131046965,0.909615158910367
3,10,1812,0.005281649234855781,0.01960798410168697,0.0313087452647394,0.9438016213987179
3,10,1813,0.34276554442452206,0.4033011974765346,0.10488882533067301,0.1490444327682703
3,10,1814,0.3099581750485544,0.5028749836773474,0.04526243176532656,0.14190440950877178
3,10,1815,0.002492019655115062,0.4376940048792788,0.007447711275780411,0.5523662641898258
3,10,1816,0.030382114788558696,0.08234620936314416,0.21908997172159714,0.6681817041267001
3,10,1817,0.045038001876097494,0.31144222407206734,0.003785821792167179,0.639733952259668
3,10,1818,0.057744575601937416,0.4037040469415534,0.2313012404044209,0.3072501370520883
3,10,1819,0.001323878652254775,0.18976810891700666,0.0007546875252487233,0.8081533249054897
3,10,1820,0.09206758592706259,0.19040391924178443,0.17069193144367992,0.546836563387473
3,10,1821,0.048955077296789155,0.4578171730654147,0.17330521603973725,0.31992253359805883
3,10,1822,0.061480097393783024,0.07822886839757048,0.09816214781081496,0.7621288863978316
3,10,1823,0.31214422527322766,0.4348999961721445,0.003187411299986904,0.24976836725464108
3,10,1824,0.022730587804810413,0.2465349876890226,0.05886992185804225,0.6718645026481247
3,10,1825,0.02311704455956173,0.43580401979647054,0.1631573975305525,0.3779215381134153
3,10,1826,0.05456351449030679,0.10669291043029933,0.1212107382603644,0.7175328368190295
3,10,1827,0.07146818373597996,0.3974706908931156,0.03302531152628333,0.4980358138446212
3,10,1828,0.040779430115819575,0.11855057313890441,0.37002839198480997,0.47064160476046596
3,10,1829,0.008670809930693447,0.3885673888617226,0.06140681816141809,0.5413549830461659
3,10,1830,0.3085114172851195,0.40531174806893805,0.02198425452684494,0.2641925801190975
3,10,1831,0.1197144025952264,0.12870501513802213,0.013471703744948733,0.7381088785218027
3,10,1832,0.16691718531340008,0.3454265371308319,0.012443840347435004,0.47521243720833306
3,10,1833,0.07809237694440851,0.5122915973637198,0.044080291418890534,0.3655357342729812
3,10,1834,0.03379610397467103,0.2322684000431155,0.34598002197037586,0.38795547401183766
3,10,1835,0.021003358066709225,0.44249155880043467,0.25866456019897044,0.2778405229338857
3,10,1836,0.05920269075059424,0.07262256662578694,0.06085338611146989,0.8073213565121489
3,10,1837,0.16811069933593803,0.338893523689738,0.022678479522110457,0.4703172974522136
3,10,1838,0.28706168486437905,0.47862469215518955,0.04867254870173772,0.1856410742786936
3,10,1839,0.019293528744087927,0.03838866669372085,0.012653949880862726,0.9296638546813284
3,10,1840,0.17175988732649455,0.41542989260753427,0.10883011042706726,0.3039801096389039
3,10,1841,0.0426221341682923,0.36198723365929314,0.13813458027768927,0.45725605189472535
3,10,1842,0.014486971623283296,0.18978740436386543,0.1587535835634913,0.63697204044936
3,10,1843,0.20708302712816512,0.21999588700732187,0.07731696725746645,0.4956041186070467
3,10,1844,0.2519298121031241,0.4469035906895529,0.03949938796929837,0.26166720923802483
3,10,1845,0.04025400449495978,0.24473445692912055,0.16917657547280163,0.5458349631031181
3,10,1846,0.10240110261901986,0.14511274764706275,0.0261834992593944,0.726302650474523
3,10,1847,0.04800455157777302,0.28495985160589216,0.01114334951722924,0.6558922472991056
3,10,1848,0.15772793560458762,0.3846364633610545,0.1644394707667494,0.2931961302676085
3,10,1849,0.17599808844589893,0.19530117522048893,0.027545190992748405,0.6011555453408638
3,10,1850,0.0054236612309115076,0.3561437526946014,0.15882987132842818,0.47960271474605876
3,10,1851,0.1755940108418197,0.3485165349366614,0.03978596366146808,0.4361034905600509
3,10,1852,0.05133872157655453,0.10054951214965678,0.012116907090474508,0.8359948591833142
3,10,1853,0.020456028243255712,0.15555971384534256,0.16235639876462893,0.6616278591467727
3,10,1854,0.25473422394987744,0.515122759530033,0.11203274274842635,0.11811027377166321
3,10,1855,0.005550145042454682,0.076701308922326,0.08488532700707505,0.8328632190281442
3,10,1856,0.10526038881304278,0.27001051054829184,0.2822592807113908,0.3424698199272746
3,10,1857,0.07689107826805285,0.16326584985837997,0.060491028559686404,0.6993520433138808
3,10,1858,0.29650638721680384,0.43772692860812024,0.00782114955326704,0.2579455346218089
3,10,1859,0.3091341268814182,0.47329580236114344,0.0541592314971993,0.16341083926023905
3,10,1860,0.003334294273764386,0.3801452550866978,0.011136611542611396,0.6053838390969264
3,10,1861,0.3420127095520828,0.5226699279225832,0.03816330716059774,0.09715405536473634
3,10,1862,0.04058256182357348,0.2868383164582931,0.22851731725140062,0.4440618044667329
3,10,1863,0.0030236751182039115,0.48021539845896094,0.017143176889520117,0.49961774953331506
3,10,1864,0.01691476643260463,0.5606061158451581,0.09658190161380405,0.3258972161084333
3,10,1865,0.16720942406045605,0.5025021029531611,0.0026026919387110085,0.32768578104767193
3,10,1866,0.008015626485080207,0.10920241665677222,0.024942737983109985,0.8578392188750378
3,10,1867,0.20575528522017275,0.45774804388396134,0.10771751965005079,0.22877915124581494
3,10,1868,0.2790431254895194,0.4340844948980412,0.06089405764525349,0.22597832196718576
3,10,1869,7.979073967055199e-06,0.026807557991531537,0.19195905228895818,0.7812254106455433
3,10,1870,0.2787348762168047,0.34063788863576,0.008497443927981553,0.3721297912194538
3,10,1871,0.0027272576128657996,0.18483976464872462,0.1607862632330509,0.6516467145053587
3,10,1872,0.0580967916837579,0.18151675207119564,0.07407031476530698,0.6863161414797395
3,10,1873,0.045489697644633356,0.3336185577107531,0.17362817482804815,0.4472635698165654
3,10,1874,0.03536403740879255,0.3821674870447556,0.0004901446359243855,0.5819783309105274
3,10,1875,0.2617964537475179,0.2945892102548376,0.19407545563887557,0.2495388803587689
3,10,1876,0.28882637739280614,0.41069729247408115,0.007625581347317251,0.2928507487857955
3,10,1877,0.018268499443524617,0.04959710958341589,0.11666594477816446,0.815468446194895
3,10,1878,0.13815281606778781,0.2834000739261632,0.2071446100799662,0.37130249992608283
3,10,1879,0.44912203649830473,0.5104858181588512,0.011572982695239055,0.02881916264760497
3,10,1880,0.24008702273120403,0.31805869847185714,0.007957269661244621,0.43389700913569407
3,10,1881,0.09741411593239695,0.4640835404341584,0.19129598407103982,0.2472063595624048
3,10,1882,0.14519383833594462,0.23601419568533905,0.002063129752546969,0.6167288362261694
3,10,1883,0.06515992814021619,0.5175829607634255,0.019700152980491433,0.39755695811586694
3,10,1884,0.13678755907558457,0.24061618875685023,0.28434389695914986,0.3382523552084153
3,10,1885,0.22128468396234288,0.2690793286204426,0.09702162898785917,0.41261435842935534
3,10,1886,0.1773911655798439,0.2499931451859362,0.0773479048551776,0.49526778437904223
3,10,1887,0.20906986159732088,0.3393939356745197,0.11797289862498456,0.33356330410317503
3,10,1888,0.2072635646407034,0.5485166325357749,0.07940102145155845,0.16481878137196332
3,10,1889,0.22227663772456674,0.43467826240038376,0.07058594307764018,0.27245915679740934
3,10,1890,0.35731220377928996,0.35992486862879713,0.06744084368613006,0.21532208390578272
3,10,1891,0.008203279848511318,0.01184832546782813,0.18840163919185754,0.791546755491803
3,10,1892,0.08320976727251209,0.18234860875090117,0.25569477783851785,0.4787468461380691
3,10,1893,0.06875426584150636,0.22706115088269163,0.14479150434542695,0.559393078930375
3,10,1894,0.007613008280595732,0.5325771036832656,0.19037235546637862,0.26943753256976
3,10,1895,0.020790070980882223,0.24769374753151085,0.12147499360787054,0.6100411878797365
3,10,1896,0.03682248015920747,0.24766946047443608,0.3318130281082167,0.3836950312581397
3,10,1897,0.22550207408771136,0.2889950087647629,0.2074107090499083,0.2780922080976175
3,10,1898,0.01041406427040144,0.016970949854322556,0.17120040817392915,0.8014145777013467
3,10,1899,0.12087755124841724,0.3867393308279956,0.046023017631951726,0.4463601002916353
3,10,1900,0.18905843118746166,0.2925085635623185,0.2277485489092746,0.29068445634094525
3,10,1901,0.009835690982477406,0.04136213767066255,0.12658444608101893,0.822217725265841
3,10,1902,0.06648475340634198,0.2603930233516431,0.15209015600517195,0.5210320672368431
3,10,1903,0.07536011679279617,0.20552628776963217,0.013240653163105093,0.7058729422744666
3,10,1904,0.02947024506272101,0.07539474227492104,0.10252546283768503,0.7926095498246729
3,10,1905,0.0549216043112775,0.25644441757172054,0.2527195086689051,0.43591446944809686
3,10,1906,0.035678871728231386,0.43757638302502677,0.08184302728620338,0.44490171796053835
3,10,1907,0.1980438410171543,0.4768132916853494,0.14369814442854473,0.18144472286895164
3,10,1908,0.07746847995203837,0.19562792477250324,0.0029839574067051034,0.7239196378687532
3,10,1909,0.04400364476745024,0.4597973148948873,0.2001593375318313,0.2960397028058312
3,10,1910,0.0628747147913963,0.25108272278687743,0.0899502076211797,0.5960923548005466
3,10,1911,0.3894750800608239,0.4218148090846315,0.09254360058084868,0.09616651027369584
3,10,1912,0.04340770503009451,0.04857186766046888,0.29726980416772103,0.6107506231417156
3,10,1913,0.028421700774245433,0.2591604450863187,0.06166912310458367,0.6507487310348522
3,10,1914,0.152983647123598,0.34143709666006933,0.09505836246643856,0.4105208937498943
3,10,1915,0.09277548759118724,0.37596425242732406,0.1710544558267219,0.3602058041547668
3,10,1916,0.15317517689400725,0.37654537750733014,0.012339680388492954,0.4579397652101696
3,10,1917,0.30763390195767476,0.41924601041757736,0.1054512435070739,0.16766884411767408
3,10,1918,6.29703801174338e-05,0.026680679001437634,0.37173826032559243,0.6015180902928525
3,10,1919,0.0030540865512363566,0.13353979222710474,0.017475047833463386,0.8459310733881954
3,10,1920,0.3662024436457649,0.4927296782371828,0.05206466376681881,0.08900321435023356
3,10,1921,0.15386043463230387,0.2084256187132516,0.1586373371909622,0.47907660946348235
3,10,1922,0.17771401915208007,0.3625295560775126,0.2089925662210341,0.2507638585493732
3,10,1923,0.14862498318184986,0.22205688880472352,0.2739401547480235,0.35537797326540305
3,10,1924,0.4050581592372694,0.4141456641772021,0.012435489269690729,0.16836068731583773
3,10,1925,0.07579228829711891,0.29218914610490543,0.0038222294540376446,0.628196336143938
3,10,1926,0.09507245026306468,0.11037901971871442,0.003928974427904005,0.7906195555903169
3,10,1927,0.06705086318230442,0.19265566958721805,0.3055690496958925,0.43472441753458496
3,10,1928,0.13482928719102819,0.13647875475420354,0.2015067619108836,0.5271851961438847
3,10,1929,0.004430284002756136,0.18510478202413075,0.07508309694003991,0.7353818370330732
3,10,1930,0.10067879213033773,0.44105267950650495,0.10987259255588029,0.3483959358072771
3,10,1931,0.02785158538966154,0.22689107833841224,0.017227367242447705,0.7280299690294786
3,10,1932,0.10788032335427228,0.21763367482664256,0.1065434882703455,0.5679425135487396
3,10,1933,0.29534909987916996,0.33433150865002237,0.06128301449160476,0.30903637697920266
3,10,1934,0.28974722684756,0.386353969378687,0.16059842710147865,0.16330037667227426
3,10,1935,0.011500543371338422,0.05182504741241566,0.381019557102218,0.555654852114028
3,10,1936,0.12749523229789944,0.1390219356417747,0.09601948327694527,0.6374633487833804
3,10,1937,0.05039501579183533,0.12258132761107295,0.13263589964354575,0.6943877569535459
3,10,1938,0.0548569383840457,0.07259926772069135,0.3737971396170053,0.49874665427825765
3,10,1939,0.0917734442401903,0.11327138935293675,0.031068796587187596,0.7638863698196855
3,10,1940,0.11649272189183103,0.18092431915128335,0.16988335376683505,0.5326996051900507
3,10,1941,0.020995409394748844,0.5304109295963179,0.11016001070592259,0.3384336503030107
3,10,1942,0.00377918320981597,0.13017698372411227,0.07581938964604765,0.790224443420024
3,10,1943,0.14676096344402426,0.42401910001256327,0.16385146380057405,0.26536847274283837
3,10,1944,0.03077089370607183,0.4290577828725859,0.017340252032253367,0.5228310713890889
3,10,1945,0.1039458985114648,0.1813884769999033,0.2745364056076543,0.4401292188809776
3,10,1946,0.04549765170019078,0.38767187267121916,0.21010133644348525,0.3567291391851049
3,10,1947,0.150689610258493,0.18371199668364832,0.20941802261463213,0.45618037044322646
3,10,1948,0.053855945835632746,0.25413783937309453,0.08007852759372011,0.6119276871975525
3,10,1949,0.12188023615305213,0.36575417335101607,0.1328112113183553,0.3795543791775765
3,10,1950,0.16440338926622203,0.35190960170859253,0.12221170439024459,0.361475304634941
3,10,1951,0.06690221249201174,0.2627766096485868,0.0030202672610494296,0.6673009105983521
3,10,1952,0.004059359851075572,0.24189833856949247,0.24064478386476046,0.5133975177146716
3,10,1953,0.0029848367459333115,0.25778846088494134,0.0023585840951363506,0.7368681182739889
3,10,1954,0.10686255478654237,0.20224082159756704,0.032212467777268994,0.6586841558386215
3,10,1955,0.02101038526139999,0.30848307512124756,0.17546920683342124,0.49503733278393114
3,10,1956,0.01185356575470756,0.17358648027820683,0.2251110654930653,0.5894488884740204
3,10,1957,0.02586328753033706,0.3933873016381598,0.038229601491754424,0.5425198093397487
3,10,1958,0.09820250986584711,0.322109338624028,0.021448592475856506,0.5582395590342684
3,10,1959,0.010378237096246376,0.5722414509725957,0.08496167562280094,0.3324186363083571
3,10,1960,0.23353997008452587,0.2782063436433452,0.13565813978128663,0.35259554649084235
3,10,1961,0.011534587218058546,0.5276725567141799,0.2013027544271806,0.259490101640581
3,10,1962,0.34052898795612524,0.40243751817493206,0.05812029215694633,0.1989132017119964
3,10,1963,0.12853322954310267,0.37822095633114816,0.21974289513342907,0.27350291899232004
3,10,1964,0.1178700489312214,0.278814933708266,0.21759812767383999,0.3857168896866726
3,10,1965,0.12924896595707835,0.3303642202740993,0.01629913935847096,0.5240876744103514
3,10,1966,0.11811918202017162,0.2995604251527294,0.01857190278632276,0.5637484900407763
3,10,1967,0.0013876149222902224,0.41414869996025755,0.0928227977686263,0.49164088734882594
3,10,1968,0.022464505029243683,0.045472591323202825,0.42270863483786547,0.5093542688096879
3,10,1969,0.09208986273975162,0.18655135747515716,0.20745131141740297,0.5139074683676883
3,10,1970,0.04978882506263644,0.41836996489514583,0.19318392250129696,0.33865728754092067
3,10,1971,0.0959283196135206,0.14753682630873313,0.14422094435757266,0.6123139097201736
3,10,1972,0.11791650821188818,0.17996133172012208,0.12194497289104829,0.5801771871769416
3,10,1973,0.0692156524655109,0.0829444019798627,0.006083481628796506,0.8417564639258299
3,10,1974,0.2063384108867817,0.47385380574807456,0.04819907049788883,0.27160871286725474
3,10,1975,0.05341142683258045,0.12929126993199858,0.3521547690011968,0.4651425342342242
3,10,1976,0.03651978199965055,0.30471716955880834,0.09870726312203304,0.5600557853195081
3,10,1977,0.0616105582990886,0.5668156813264938,0.16571794782004032,0.20585581255437718
3,10,1978,0.010133081859027114,0.189006199607099,0.38746429496234297,0.413396423571531
3,10,1979,0.0378434721012285,0.1783542626780112,0.01108655699656553,0.7727157082241948
3,10,1980,0.0796710474467111,0.2832232105560138,0.023606353025028882,0.6134993889722463
3,10,1981,0.0022869785234541427,0.054507127689619586,0.16733328522075022,0.775872608566176
3,10,1982,0.21176553653145747,0.28490825368863093,0.08522656955319849,0.41809964022671325
3,10,1983,0.20325583145690312,0.39072050309118384,0.04961516915524433,0.3564084962966687
3,10,1984,0.02674934118938814,0.040567406074749776,0.009192977169150423,0.9234902755667116
3,10,1985,0.02368608138319153,0.052416561961661536,0.30513740870632644,0.6187599479488205
3,10,1986,0.20083799534843655,0.20618426315736715,0.0602783692194293,0.532699372274767
3,10,1987,0.030669527319987202,0.2603448553466493,0.057243885243470176,0.6517417320898933
3,10,1988,0.021301023649417782,0.1490497256159818,0.13990122646591638,0.689748024268684
3,10,1989,0.048302675867190184,0.305718852833687,0.1994389880782862,0.4465394832208366
3,10,1990,0.35847263816627445,0.3987353168363128,0.019035086057190453,0.22375695894022232
3,10,1991,0.04103650979883142,0.12346697724373906,0.2479165824561879,0.5875799305012416
3,10,1992,0.21074691507843002,0.4874773796260604,0.06877599318280093,0.23299971211270865
3,10,1993,0.039714467485265914,0.24716463607446784,0.10729695846968332,0.6058239379705828
3,10,1994,0.15964985531091583,0.4184565814696167,0.0026623595900834495,0.4192312036293841
3,10,1995,0.10498606449394823,0.2722202016739273,0.05197570851763053,0.570818025314494
3,10,1996,0.10646348123380538,0.22552434379458514,0.005323043074698048,0.6626891318969113
3,10,1997,0.1555867643932007,0.21727777835907616,0.17307370682276466,0.4540617504249585
3,10,1998,0.03953862175059083,0.3312998145909964,0.28072554210814343,0.3484360215502694
3,10,1999,0.0044271995966512516,0.3079937244716546,0.028592144715771338,0.6589869312159229
