season,week,is_final,premise_type,n_contestants,contestants,has_hull,n_vertices,volume,relative_volume,diameter,centroid_0,centroid_1,centroid_2,centroid_3,centroid_4,centroid_5,centroid_6,centroid_7,centroid_8,centroid_9,centroid_10,centroid_11,centroid_12,centroid_13,centroid_14,centroid_15,dim_0_min,dim_0_max,dim_0_delta,dim_1_min,dim_1_max,dim_1_delta,dim_2_min,dim_2_max,dim_2_delta,dim_3_min,dim_3_max,dim_3_delta,dim_4_min,dim_4_max,dim_4_delta,dim_5_min,dim_5_max,dim_5_delta,dim_6_min,dim_6_max,dim_6_delta,dim_7_min,dim_7_max,dim_7_delta,dim_8_min,dim_8_max,dim_8_delta,dim_9_min,dim_9_max,dim_9_delta,dim_10_min,dim_10_max,dim_10_delta,dim_11_min,dim_11_max,dim_11_delta,dim_12_min,dim_12_max,dim_12_delta,dim_13_min,dim_13_max,dim_13_delta,dim_14_min,dim_14_max,dim_14_delta,dim_15_min,dim_15_max,dim_15_delta
1,2,False,RR_ELIM,6,John O'Hurley|Kelly Monaco|Evander Holyfield|Rachel Hunter|Joey McIntyre|Trista Sutter,True,59,0.0009036030665543,0.1084323679865118,0.986387855181,0.164315891481,0.195250018405,0.241809224701,0.16499378858,0.19483057925,0.038800497584,,,,,,,,,,,7.7019e-08,0.929167718042,0.929167641023,0.000126155864,0.914276435102,0.914150279238,0.002645971318,0.919486698269,0.916840726951,3.83331e-07,0.946416692194,0.946416308863,0.000333814321,0.921116679588,0.920782865267,2.74876e-07,0.228726331884,0.228726057008,,,,,,,,,,,,,,,,,,,,,,,,,,,,,,
1,3,False,RR_ELIM,5,John O'Hurley|Kelly Monaco|Evander Holyfield|Rachel Hunter|Joey McIntyre,True,45,0.0142272712205283,0.3414545092926788,1.080348303498,0.208102493495,0.280360528425,0.080060851461,0.207409471691,0.224066654928,,,,,,,,,,,,5.975e-08,0.957577118595,0.957577058845,0.000362235558,0.981760449204,0.981398213646,4.3513e-07,0.475073492511,0.475073057381,1.916605e-06,0.97491979434,0.974917877735,2.59785e-07,0.965829527542,0.965829267757,,,,,,,,,,,,,,,,,,,,,,,,,,,,,,,,,
1,4,False,RR_ELIM,4,John O'Hurley|Kelly Monaco|Rachel Hunter|Joey McIntyre,True,27,0.0317792103685099,0.1906752622110593,1.140746883737,0.270523825196,0.270998387143,0.062367532254,0.396110255407,,,,,,,,,,,,,0.000253002868,0.985445213652,0.985192210784,0.000362015778,0.986306636858,0.98594462108,5.2419e-08,0.247266523805,0.247266471386,0.006519157844,0.992342459947,0.985823302103,,,,,,,,,,,,,,,,,,,,,,,,,,,,,,,,,,,,
1,5,False,RR_ELIM,3,John O'Hurley|Kelly Monaco|Joey McIntyre,True,16,0.2399955656954864,0.4799911313909729,1.341060416021,0.333411220283,0.500002083104,0.166586696612,,,,,,,,,,,,,,3.40619e-07,0.999273945926,0.999273605307,0.00056025543,0.999396866812,0.998836611382,2.35515e-07,0.49971046982,0.499710234305,,,,,,,,,,,,,,,,,,,,,,,,,,,,,,,,,,,,,,,
1,6,True,RR_FINAL,2,John O'Hurley|Kelly Monaco,True,2,0.2490851946179218,0.2490851946179218,0.498170389236,0.249985087712,0.750014912288,,,,,,,,,,,,,,,1.367746e-06,0.499999224949,0.499997857203,0.500000775051,0.999998632254,0.499997857203,,,,,,,,,,,,,,,,,,,,,,,,,,,,,,,,,,,,,,,,,,
2,1,False,RR_ELIM,10,Tatum O'Neal|Tia Carrere|George Hamilton|Lisa Rinna|Stacy Keibler|Jerry Rice|Giselle Fernandez|Master P|Drew Lachey|Kenny Mayne,True,121,6.77444e-11,2.45830754856e-05,0.765915570354,0.102061644631,0.10567163012,0.123468340452,0.112071088615,0.102379749733,0.103067345734,0.102214831023,0.123590086465,0.101870855226,0.023604428001,,,,,,,3.8526e-08,0.776016137015,0.776016098489,5.0287e-08,0.819020024992,0.819019974705,0.000120535786,0.760011191231,0.759890655445,7.28044e-07,0.775254389336,0.775253661292,1.40622e-07,0.76729224112,0.767292100498,9.99106e-07,0.769138921104,0.769137921998,1.19882e-07,0.792687293277,0.792687173395,6.8706623e-05,0.818712398582,0.818643691959,3.0615e-08,0.78097547882,0.780975448205,9.6348e-08,0.185491906051,0.185491809703,,,,,,,,,,,,,,,,,,
2,2,False,RR_ELIM,9,Tatum O'Neal|Tia Carrere|George Hamilton|Lisa Rinna|Stacy Keibler|Jerry Rice|Giselle Fernandez|Master P|Drew Lachey,True,105,2.4048393e-09,9.69631192064e-05,0.791030951865,0.028937363614,0.117774277225,0.117576279516,0.139997186581,0.113695849578,0.11461883644,0.113852541131,0.139909369158,0.113638296757,,,,,,,,8.3306e-08,0.209040947428,0.209040864122,4.86565e-07,0.825885858129,0.825885371564,1.4617e-06,0.851473174055,0.851471712355,0.0002048365,0.824958843759,0.824754007259,2.8849e-08,0.796306116465,0.796306087616,6.88583e-07,0.845930877999,0.845930189416,3.91342e-07,0.882602253591,0.882601862249,6.2001507e-05,0.821477868479,0.821415866972,1.96544e-07,0.82087773518,0.820877538636,,,,,,,,,,,,,,,,,,,,,
2,3,False,RR_ELIM,8,Tia Carrere|George Hamilton|Lisa Rinna|Stacy Keibler|Jerry Rice|Giselle Fernandez|Master P|Drew Lachey,True,96,5.55648283e-08,0.000280046734659,0.776662488839,0.120471269242,0.135000289327,0.134940057952,0.118289978443,0.161006830865,0.022499907466,0.189310157566,0.11848150914,,,,,,,,,3.83692e-07,0.845191047954,0.845190664262,0.000139628,0.868737489707,0.868597861707,0.000210636903,0.830890419599,0.830679782696,8.82467e-07,0.835215219212,0.835214336745,0.001745517726,0.907037443886,0.90529192616,7.3035e-08,0.173497256605,0.17349718357,0.00629506586,0.852316770476,0.846021704616,2.56289e-07,0.838613671388,0.838613415099,,,,,,,,,,,,,,,,,,,,,,,,
2,4,False,RR_ELIM,7,Tia Carrere|George Hamilton|Lisa Rinna|Stacy Keibler|Jerry Rice|Master P|Drew Lachey,True,81,2.1660667837e-06,0.001559568084268,0.93006604807,0.152148834174,0.192372181846,0.146720464723,0.146887437349,0.165870539227,0.049408737376,0.146591805305,,,,,,,,,,5.39317e-07,0.927330762184,0.927330222867,0.000228171433,0.909122403156,0.908894231723,8.1389e-08,0.903457525467,0.903457444078,7.3025e-07,0.885717848964,0.885717118714,5.25429e-07,0.905511278248,0.905510752819,7.7739e-08,0.375518828944,0.375518751205,3.20862e-07,0.916892796295,0.916892475433,,,,,,,,,,,,,,,,,,,,,,,,,,,
2,5,False,RR_ELIM,6,Tia Carrere|George Hamilton|Lisa Rinna|Stacy Keibler|Jerry Rice|Drew Lachey,True,79,0.0018712359229817,0.2245483107578028,0.99678000479,0.060979025967,0.19073258388,0.175849338361,0.172602094061,0.227322049196,0.172514908534,,,,,,,,,,,1.25614e-07,0.460774687286,0.460774561672,2.9297e-08,0.939491645218,0.939491615921,2.68631e-07,0.957682014028,0.957681745397,8.7817e-08,0.945527050153,0.945526962336,0.000153115883,0.953164416397,0.953011300514,5.8864e-08,0.94439366441,0.944393605546,,,,,,,,,,,,,,,,,,,,,,,,,,,,,,
2,6,False,RR_ELIM,5,George Hamilton|Lisa Rinna|Stacy Keibler|Jerry Rice|Drew Lachey,True,67,0.0084545179387978,0.2029084305311468,0.92225474276,0.066774590431,0.266828697652,0.199999985411,0.266511317703,0.199885408803,,,,,,,,,,,,1.77785e-07,0.320857800959,0.320857623174,0.00025798478,0.969250404473,0.968992419693,3.94684e-07,0.959622074625,0.959621679941,0.000136885491,0.964593012964,0.964456127473,1.07405e-07,0.95473211904,0.954732011635,,,,,,,,,,,,,,,,,,,,,,,,,,,,,,,,,
2,7,False,RR_ELIM,4,Lisa Rinna|Stacy Keibler|Jerry Rice|Drew Lachey,True,33,0.0573399118882276,0.3440394713293654,1.096250087555,0.095761655691,0.279160988516,0.345522723082,0.279554632711,,,,,,,,,,,,,3.9983e-08,0.331029705195,0.331029665212,1.73099e-07,0.997217748983,0.997217575884,0.000362225805,0.993543680123,0.993181454318,9.77453e-07,0.981935514837,0.981934537384,,,,,,,,,,,,,,,,,,,,,,,,,,,,,,,,,,,,
2,8,True,RR_FINAL,3,Stacy Keibler|Jerry Rice|Drew Lachey,True,15,0.1531808322064791,0.3063616644129583,0.863578257487,0.111239841946,0.444120744104,0.44463941395,,,,,,,,,,,,,,4.60068e-07,0.333175967003,0.333175506935,0.001051182024,0.999651177425,0.998599995401,0.000294658035,0.998676381536,0.998381723501,,,,,,,,,,,,,,,,,,,,,,,,,,,,,,,,,,,,,,,
3,1,False,PP_ELIM,11,Harry Hamlin|Vivica A. Fox|Monique Coleman|Joey Lawrence|Mario Lopez|Emmitt Smith|Shanna Moakler|Willa Ford|Sara Evans|Jerry Springer|Tucker Carlson,True,131,2.4693e-12,8.9606430526e-06,0.802183221779,0.100025965052,0.095779437354,0.097346842978,0.095994275354,0.095498322701,0.095216365546,0.098516848112,0.095582600815,0.104249605406,0.101674604146,0.020115132537,,,,,,7.1568e-07,0.75753449698,0.7575337813,1.93695e-07,0.818720898073,0.818720704378,1.25261e-07,0.781890575115,0.781890449854,3.55836e-07,0.754995766626,0.75499541079,2.37916e-07,0.763475246975,0.763475009059,8.13785e-07,0.752047399319,0.752046585534,4.72981e-07,0.768289167709,0.768288694728,2.21813e-07,0.787010414965,0.787010193152,7.35749e-07,0.779351955815,0.779351220066,5.02328e-07,0.7991261806,0.799125678272,7.13e-10,0.105278849381,0.105278848668,,,,,,,,,,,,,,,
3,2,False,PP_ELIM,10,Harry Hamlin|Vivica A. Fox|Monique Coleman|Joey Lawrence|Mario Lopez|Emmitt Smith|Shanna Moakler|Willa Ford|Sara Evans|Jerry Springer,True,119,5.4601e-11,1.98136204579e-05,0.708831010416,0.115498845078,0.104595798229,0.101173974028,0.099652948453,0.115563034922,0.10443303498,0.011823325195,0.10696810982,0.115783938244,0.124506991051,,,,,,,0.004524975371,0.726064666984,0.721539691613,3.29883e-07,0.749679719724,0.749679389841,1.361228e-06,0.752841292985,0.752839931757,3.59653e-07,0.730003377821,0.730003018168,0.004420474602,0.780654981101,0.776234506499,9.35701e-07,0.803809812058,0.803808876357,8.1093e-08,0.076747424851,0.076747343758,9.7759e-07,0.760561156299,0.760560178709,0.004422829486,0.735742699233,0.731319869747,0.013060324061,0.764975697124,0.751915373063,,,,,,,,,,,,,,,,,,
3,3,False,PP_ELIM,9,Harry Hamlin|Vivica A. Fox|Monique Coleman|Joey Lawrence|Mario Lopez|Emmitt Smith|Willa Ford|Sara Evans|Jerry Springer,True,97,2.1547972e-09,8.68814228651e-05,0.795760123409,0.01448377927,0.112691794246,0.112747405146,0.125239100067,0.125273829947,0.139699028427,0.125159373335,0.115075793038,0.129629896524,,,,,,,,1.20586e-07,0.092979135266,0.09297901468,1.547547e-06,0.789578278324,0.789576730777,8.69789e-07,0.778759400449,0.77875853066,9.675219e-06,0.855909754599,0.85590007938,0.000107603921,0.78296270803,0.782855104109,0.014675427049,0.796019369597,0.781343942548,3.7353539e-05,0.832037080373,0.831999726834,2.918672e-06,0.786608151622,0.78660523295,0.005097690405,0.804348681143,0.799250990738,,,,,,,,,,,,,,,,,,,,,
3,4,False,PP_ELIM,8,Vivica A. Fox|Monique Coleman|Joey Lawrence|Mario Lopez|Emmitt Smith|Willa Ford|Sara Evans|Jerry Springer,True,83,8.57872958e-08,0.0004323679709957,0.832207593038,0.017621644525,0.141429595247,0.130401013413,0.126820831627,0.141678083391,0.128663167614,0.161609341686,0.151776322497,,,,,,,,,2.17196e-07,0.106805423148,0.106805205952,6.7359631e-05,0.810404970784,0.810337611153,4.89522e-07,0.817888210915,0.817887721393,2.50824e-07,0.83449090655,0.834490655726,0.000110126738,0.778338940449,0.778228813711,7.32952e-07,0.812892505321,0.812891772369,0.020310331086,0.889127463042,0.868817131956,0.01021550155,0.825431048164,0.815215546614,,,,,,,,,,,,,,,,,,,,,,,,
3,5,False,PP_MULTI,7,Monique Coleman|Joey Lawrence|Mario Lopez|Emmitt Smith|Willa Ford|Sara Evans|Jerry Springer,True,87,6.653428499e-07,0.0004790468519142,0.802326900832,0.181050051084,0.192065046968,0.181382811824,0.180996787957,0.029735132981,0.036643876467,0.198126292719,,,,,,,,,,0.00105195752,0.853238503957,0.852186546437,0.011943461927,0.885261415208,0.873317953281,3.5366752e-05,0.859445861126,0.859410494374,0.00067610696,0.865720120785,0.865044013825,2.3902e-08,0.142246429236,0.142246405334,1.630208e-06,0.156563293842,0.156561663634,0.016988701232,0.889580690045,0.872591988813,,,,,,,,,,,,,,,,,,,,,,,,,,,
3,7,False,PP_ELIM,5,Monique Coleman|Joey Lawrence|Mario Lopez|Emmitt Smith|Jerry Springer,True,48,0.0079078835749226,0.1897892057981416,1.156576533301,0.241566743367,0.235764445139,0.237549557146,0.235239649978,0.04987960437,,,,,,,,,,,,7.42058e-07,0.971603286587,0.971602544529,2.084033e-06,0.981483686888,0.981481602855,1.817592e-06,0.982148669936,0.982146852344,8.69895e-07,0.96929602315,0.969295153255,6.1441e-08,0.218430056933,0.218429995492,,,,,,,,,,,,,,,,,,,,,,,,,,,,,,,,,
3,8,False,PP_ELIM,4,Monique Coleman|Joey Lawrence|Mario Lopez|Emmitt Smith,True,25,0.0363524430108475,0.2181146580650851,1.141156385992,0.064535246618,0.315961387225,0.303655399472,0.315847966685,,,,,,,,,,,,,4.3386e-08,0.254666454313,0.254666410927,3.848607e-06,0.993566431822,0.993562583215,4.038559e-06,0.995021780368,0.995017741809,2.070754e-06,0.995704719373,0.995702648619,,,,,,,,,,,,,,,,,,,,,,,,,,,,,,,,,,,,
3,9,False,PP_ELIM,3,Joey Lawrence|Mario Lopez|Emmitt Smith,True,15,0.151458842866066,0.302917685732132,0.899990098813,0.110972441652,0.444447042245,0.444580516103,,,,,,,,,,,,,,2.67346e-07,0.332927209503,0.332926942157,0.000552314196,0.9996657618,0.999113447604,0.000306499122,0.999230664147,0.998924165025,,,,,,,,,,,,,,,,,,,,,,,,,,,,,,,,,,,,,,,
3,10,True,PP_FINAL,2,Mario Lopez|Emmitt Smith,True,2,0.2483113285076243,0.2483113285076243,0.496622657015,0.249982709844,0.750017290156,,,,,,,,,,,,,,,7.86926e-07,0.49999989223,0.499999105304,0.50000010777,0.999999213074,0.499999105304,,,,,,,,,,,,,,,,,,,,,,,,,,,,,,,,,,,,,,,,,,
4,2,False,PP_ELIM,11,John Ratzenberger|Ian Ziering|Clyde Drexler|Laila Ali|Apolo Anton Ohno|Shandi Finnessey|Paulina Porizkova|Heather Mills|Billy Ray Cyrus|Joey Fatone|Leeza Gibbons,True,103,2.0222e-12,7.338097025e-06,0.812343151389,0.100965954989,0.097797850009,0.113203390716,0.091634573832,0.091778866455,0.105359874816,0.010286645477,0.09330598893,0.101096304411,0.093625374815,0.10094517555,,,,,,4.3155868e-05,0.743436010591,0.743392854723,6.628e-08,0.745384474116,0.745384407836,0.012367265999,0.658638826507,0.646271560508,7.808e-07,0.711166423368,0.711165642568,5.718e-08,0.731756762847,0.731756705667,0.004136879251,0.759907413229,0.755770533978,1.13874e-07,0.071173502722,0.071173388848,2.82855e-07,0.672822060403,0.672821777548,0.000243257139,0.766879755236,0.766636498097,2.20011e-07,0.682439631266,0.682439411255,0.000174897644,0.75597050341,0.755795605766,,,,,,,,,,,,,,,
4,3,False,PP_ELIM,10,John Ratzenberger|Ian Ziering|Clyde Drexler|Laila Ali|Apolo Anton Ohno|Shandi Finnessey|Heather Mills|Billy Ray Cyrus|Joey Fatone|Leeza Gibbons,True,120,3.29056e-11,1.19407779217e-05,0.734381441072,0.116020100156,0.102460716965,0.134623330302,0.111424875688,0.104711779428,0.011767078746,0.102840010237,0.111138589644,0.10233068792,0.102682830914,,,,,,,0.004757665026,0.761772542536,0.75701487751,5.77464e-07,0.722742678526,0.722742101062,0.023067277743,0.777439968583,0.75437269084,0.000277821854,0.782265426691,0.781987604837,6.39813e-07,0.724240538987,0.724239899174,2.43155e-07,0.082492280193,0.082492037038,1.9603e-08,0.779750810273,0.77975079067,0.000225244062,0.744147972686,0.743922728624,5.6225e-08,0.787030558983,0.787030502758,1.534184e-06,0.738394304279,0.738392770095,,,,,,,,,,,,,,,,,,
4,4,False,PP_ELIM,9,John Ratzenberger|Ian Ziering|Clyde Drexler|Laila Ali|Apolo Anton Ohno|Heather Mills|Billy Ray Cyrus|Joey Fatone|Leeza Gibbons,True,101,4.2908538e-09,0.0001730072234759,0.818571690043,0.13638057209,0.115698258121,0.141223452129,0.119211333059,0.114783097771,0.116801306158,0.119475937072,0.114576032864,0.021850010737,,,,,,,,5.6556329e-05,0.779659731181,0.779603174852,2.3632e-08,0.819453173824,0.819453150192,0.005483285381,0.831349793909,0.825866508528,2.45263e-07,0.829588025394,0.829587780131,1.704e-09,0.806774170956,0.806774169252,9.404e-09,0.782656426875,0.782656417471,3.86908e-07,0.880312576676,0.880312189768,2.5727e-08,0.784525287881,0.784525262154,6.9579e-08,0.113449820292,0.113449750713,,,,,,,,,,,,,,,,,,,,,
4,5,False,PP_ELIM,8,John Ratzenberger|Ian Ziering|Clyde Drexler|Laila Ali|Apolo Anton Ohno|Heather Mills|Billy Ray Cyrus|Joey Fatone,True,96,9.04569332e-08,0.0004559029434301,0.90203635223,0.145073353324,0.134711036543,0.033622470539,0.133122494343,0.132634100651,0.138543842276,0.14828606032,0.134006642005,,,,,,,,,2.95393e-07,0.890323633338,0.890323337945,1.20838e-07,0.903475976529,0.903475855691,1.49726e-07,0.16053144777,0.160531298044,2.05319e-07,0.854066987494,0.854066782175,1.22558e-07,0.901117145957,0.901117023399,1.0145e-08,0.885512583829,0.885512573684,1.08769e-07,0.860511027384,0.860510918615,1.170914e-06,0.88755775064,0.887556579726,,,,,,,,,,,,,,,,,,,,,,,,
4,6,False,PP_ELIM,7,John Ratzenberger|Ian Ziering|Laila Ali|Apolo Anton Ohno|Heather Mills|Billy Ray Cyrus|Joey Fatone,True,72,1.9387818525e-06,0.0013959229337794,0.894276213905,0.189989633823,0.161292315996,0.148374370638,0.148015182692,0.023903526175,0.178036392842,0.150388577834,,,,,,,,,,0.023809767966,0.91573993311,0.891930165144,6.97253e-07,0.885162367543,0.88516167029,1.40952e-06,0.866177554287,0.866176144767,7.71135e-07,0.871949141042,0.871948369907,1.23255e-07,0.131348155815,0.13134803256,0.011800003004,0.901157863589,0.889357860585,4.1256e-08,0.878441273136,0.87844123188,,,,,,,,,,,,,,,,,,,,,,,,,,,
4,7,False,PP_ELIM,6,John Ratzenberger|Ian Ziering|Laila Ali|Apolo Anton Ohno|Billy Ray Cyrus|Joey Fatone,True,66,0.0009089496378653,0.109073956543831,0.920599815767,0.035729773755,0.187167779292,0.179855491562,0.186402239049,0.230893278311,0.179951438031,,,,,,,,,,,3.28023e-07,0.180410115112,0.180409787089,1.020334e-06,0.907696747365,0.907695727031,4.65832e-07,0.914801842747,0.914801376915,2.98875e-07,0.916917028642,0.916916729767,0.02281787758,0.957444566146,0.934626688566,1.1833e-08,0.915445543829,0.915445531996,,,,,,,,,,,,,,,,,,,,,,,,,,,,,,
4,8,False,PP_ELIM,5,Ian Ziering|Laila Ali|Apolo Anton Ohno|Billy Ray Cyrus|Joey Fatone,True,62,0.0096495569544453,0.2315893669066872,1.160464150426,0.24753706124,0.234655528834,0.228199193717,0.057843540001,0.231764676207,,,,,,,,,,,,7.17619e-07,0.972452783777,0.972452066158,1.029794e-06,0.969702149381,0.969701119587,4.635e-08,0.986812135381,0.986812089031,1.378e-07,0.240953623766,0.240953485966,9.7165e-08,0.97298270613,0.972982608965,,,,,,,,,,,,,,,,,,,,,,,,,,,,,,,,,
4,9,False,PP_ELIM,4,Ian Ziering|Laila Ali|Apolo Anton Ohno|Joey Fatone,True,33,0.0374073185682044,0.2244439114092262,1.06862631433,0.063924197029,0.310579214323,0.314755177402,0.310741411247,,,,,,,,,,,,,1.55502e-07,0.252737887772,0.25273773227,3.350577e-06,0.992502056443,0.992498705866,1.7258844e-05,0.98935323655,0.989335977706,1.3646226e-05,0.994029259321,0.994015613095,,,,,,,,,,,,,,,,,,,,,,,,,,,,,,,,,,,,
4,10,True,PP_FINAL,3,Laila Ali|Apolo Anton Ohno|Joey Fatone,True,9,0.0790752459996821,0.1581504919993642,0.69470838837,0.112951706804,0.608929768781,0.278118524415,,,,,,,,,,,,,,6.34061e-07,0.337940739297,0.337940105236,0.327460741235,0.999680181568,0.672219440333,5.8016491e-05,0.503317037806,0.503259021315,,,,,,,,,,,,,,,,,,,,,,,,,,,,,,,,,,,,,,,
5,1,False,PP_ELIM,12,Cameron Mathison|Jane Seymour|Sabrina Bryan|Jennie Garth|Floyd Mayweather Jr. |Josie Maran|Albert Reed|Helio Castroneves|Mel B|Wayne Newton|Marie Osmond|Mark Cuban,True,143,1.26e-14,5.044693851e-07,0.697275697532,0.08933375937,0.087444224178,0.08749323277,0.08958066237,0.095029584024,0.014404961157,0.089429846367,0.087636661677,0.087692230211,0.092780601611,0.089598158831,0.089576077434,,,,,1.46471e-07,0.726515718178,0.726515571707,3.89742e-07,0.678447033517,0.678446643775,6.55658e-07,0.783132265888,0.78313161023,1.35533e-07,0.71628820784,0.716288072307,2.0664e-08,0.692666087949,0.692666067285,1.908e-08,0.082151928151,0.082151909071,1.372369e-06,0.780502406656,0.780501034287,1.10085e-07,0.735823386298,0.735823276213,8.3163e-08,0.754533640692,0.754533557529,3.0835e-08,0.71247632917,0.712476298335,7.05995e-07,0.79977878281,0.799778076815,4.4055e-07,0.714445349401,0.714444908851,,,,,,,,,,,,
5,2,False,PP_ELIM,11,Cameron Mathison|Jane Seymour|Sabrina Bryan|Jennie Garth|Floyd Mayweather Jr. |Albert Reed|Helio Castroneves|Mel B|Wayne Newton|Marie Osmond|Mark Cuban,True,119,4.988e-13,1.8099771406e-06,0.672988841884,0.098499777394,0.098580545457,0.089001590756,0.098293809397,0.098548328922,0.009945766807,0.089015713407,0.092593268998,0.123595033278,0.091092229538,0.110833936046,,,,,,5.9314463e-05,0.670898741295,0.670839426832,0.000141586857,0.663727678353,0.663586091496,5.8289e-08,0.700278445386,0.700278387097,9.4660348e-05,0.730842469486,0.730747809138,7.5172276e-05,0.681811297747,0.681736125471,9.3942e-08,0.067279090859,0.067278996917,1.86325e-07,0.673480037293,0.673479850968,8.89917e-07,0.70347279188,0.703471901963,0.025269118597,0.77189365484,0.746624536243,5.56423e-07,0.677686771988,0.677686215565,0.012775023592,0.70748202153,0.694706997938,,,,,,,,,,,,,,,
5,3,False,PP_ELIM,10,Cameron Mathison|Jane Seymour|Sabrina Bryan|Jennie Garth|Floyd Mayweather Jr. |Helio Castroneves|Mel B|Wayne Newton|Marie Osmond|Mark Cuban,True,114,4.92183e-11,1.78603235949e-05,0.90613422566,0.110009490966,0.105860260275,0.106031446845,0.10661350401,0.114207633387,0.1084585717,0.106201841609,0.018985678271,0.106662637235,0.116968935703,,,,,,,1.40979e-07,0.757171300696,0.757171159717,1.05643e-06,0.812979319662,0.812978263232,1.7884e-08,0.749440467889,0.749440450005,8.43289e-07,0.80792850282,0.807927659531,4.44625e-07,0.818488012182,0.818487567557,2.81688e-07,0.814195987827,0.814195706139,1.46956e-07,0.778247293647,0.778247146691,1.50169e-07,0.103241385192,0.103241235023,8.65903e-07,0.815648153083,0.81564728718,1.335813e-06,0.793766612501,0.793765276688,,,,,,,,,,,,,,,,,,
5,4,False,PP_ELIM,9,Cameron Mathison|Jane Seymour|Sabrina Bryan|Jennie Garth|Floyd Mayweather Jr. |Helio Castroneves|Mel B|Marie Osmond|Mark Cuban,True,112,2.6112655e-09,0.0001052862243068,0.878956552686,0.120852734813,0.122232747654,0.117342399406,0.120518369139,0.016610273276,0.120865713037,0.122660529358,0.122239435329,0.136677797988,,,,,,,,4.56953e-07,0.815519611389,0.815519154436,4.75487e-07,0.809249600974,0.809249125487,3.20746e-07,0.784166743605,0.784166422859,1.159112e-06,0.838423631998,0.838422472886,1.52902e-07,0.104258360286,0.104258207384,7.9894e-08,0.84106403974,0.841063959846,7.54893e-07,0.815722793796,0.815722038903,2.94944e-07,0.81245610753,0.812455812586,0.004291694701,0.817183952474,0.812892257773,,,,,,,,,,,,,,,,,,,,,
5,5,False,PP_ELIM,8,Cameron Mathison|Jane Seymour|Sabrina Bryan|Jennie Garth|Helio Castroneves|Mel B|Marie Osmond|Mark Cuban,True,109,1.029738038e-07,0.0005189879712098,0.809030395146,0.136971002423,0.136803782798,0.133988287213,0.138582190796,0.144715651981,0.132978204619,0.153569560061,0.022391320109,,,,,,,,,1.405659e-06,0.870147827007,0.870146421348,4.196e-07,0.890334461068,0.890334041468,1.032984e-06,0.898588462157,0.898587429173,1.88427e-07,0.880667937809,0.880667749382,3.666492e-06,0.858072962562,0.85806929607,4.5063e-08,0.852377810159,0.852377765096,0.000317507116,0.870902041404,0.870584534288,2.45461e-07,0.125302839752,0.125302594291,,,,,,,,,,,,,,,,,,,,,,,,
5,6,False,PP_ELIM,7,Cameron Mathison|Jane Seymour|Sabrina Bryan|Jennie Garth|Helio Castroneves|Mel B|Marie Osmond,True,73,2.0472612273e-06,0.0014740280836417,0.875910827479,0.164577297969,0.181500884155,0.022285511162,0.155505144295,0.152539837345,0.147606822751,0.175984502323,,,,,,,,,,0.000206734157,0.859427963891,0.859221229734,0.016945565388,0.90523153115,0.888285965762,1.0752e-07,0.126485819746,0.126485712226,4.50691e-07,0.849285199288,0.849284748597,8.76908e-07,0.855862593249,0.855861716341,1.24795e-07,0.879421917781,0.879421792986,0.01128390287,0.861876935992,0.850593033122,,,,,,,,,,,,,,,,,,,,,,,,,,,
5,7,False,PP_ELIM,6,Cameron Mathison|Jane Seymour|Jennie Garth|Helio Castroneves|Mel B|Marie Osmond,True,66,0.0007809280874581,0.0937113704949702,0.898863021854,0.19816886455,0.02933695042,0.192456496193,0.194336594591,0.190222727244,0.195478367002,,,,,,,,,,,7.557739e-06,0.944433056253,0.944425498514,8.4269e-08,0.164888817906,0.164888733637,2.077706e-06,0.946027219167,0.946025141461,9.92446e-07,0.924152754692,0.924151762246,3.88305e-07,0.921864132158,0.921863743853,1.589481e-06,0.936170605268,0.936169015787,,,,,,,,,,,,,,,,,,,,,,,,,,,,,,
5,8,False,PP_ELIM,5,Cameron Mathison|Jennie Garth|Helio Castroneves|Mel B|Marie Osmond,True,54,0.0062333384092636,0.1496001218223258,1.090159323192,0.042025683725,0.248850553461,0.22664359504,0.229436410952,0.253043756822,,,,,,,,,,,,3.263e-09,0.19875022711,0.198750223847,0.004062884316,0.966139018728,0.962076134412,3.935805e-06,0.964644126846,0.964640191041,1.452883e-06,0.951138361762,0.951136908879,0.008054507398,0.957259979652,0.949205472254,,,,,,,,,,,,,,,,,,,,,,,,,,,,,,,,,
5,9,False,PP_ELIM,4,Jennie Garth|Helio Castroneves|Mel B|Marie Osmond,True,33,0.0356610180026063,0.2139661080156375,1.31325762833,0.06312081021,0.306208768559,0.307160857588,0.323509563642,,,,,,,,,,,,,3.32745e-07,0.250120703826,0.250120371081,1.112238e-05,0.983630543619,0.983619421239,4.152007e-06,0.984931661672,0.984927509665,0.009114190474,0.99469506364,0.985580873166,,,,,,,,,,,,,,,,,,,,,,,,,,,,,,,,,,,,
5,10,True,PP_FINAL,3,Helio Castroneves|Mel B|Marie Osmond,True,15,0.0981188232356728,0.1962376464713455,0.71145168881,0.619565552788,0.252616793618,0.127817653594,,,,,,,,,,,,,,0.313867575647,0.999158847081,0.685291271434,2.211713e-06,0.497576670819,0.497574459106,6.28815e-07,0.376650051663,0.376649422848,,,,,,,,,,,,,,,,,,,,,,,,,,,,,,,,,,,,,,,
6,2,False,PP_MULTI,12,Cristian de la Fuente|Steve Guttenberg|Priscilla Presley|Marlee Matlin|Shannon Elizabeth|Marissa Jaret Winokur|Jason Taylor|Kristi Yamaguchi|Monica Seles|Penn Jillette|Adam Carolla|Mario,True,140,9.9e-15,3.937561951e-07,0.621756448845,0.09953209096,0.113988336341,0.097006880475,0.091852605323,0.091581261105,0.097029041062,0.090373278376,0.089811758948,0.019580521583,0.016174384568,0.102809191791,0.090260649468,,,,,7.53035e-07,0.649355294647,0.649354541612,0.004287361922,0.718320542403,0.714033180481,4.79991e-07,0.698605602968,0.698605122977,1.076e-06,0.725609462867,0.725608386867,2.229177e-06,0.711157269024,0.711155039847,5.36493e-07,0.647550063315,0.647549526822,1.707092e-06,0.703458563263,0.703456856171,6.70217e-07,0.716638067042,0.716637396825,5.26835e-07,0.090968995415,0.09096846858,2.88183e-07,0.085365606458,0.085365318275,9.52633e-07,0.683983582323,0.68398262969,1.24168e-07,0.715869645426,0.715869521258,,,,,,,,,,,,
6,3,False,PP_ELIM,10,Cristian de la Fuente|Steve Guttenberg|Priscilla Presley|Marlee Matlin|Shannon Elizabeth|Marissa Jaret Winokur|Jason Taylor|Kristi Yamaguchi|Adam Carolla|Mario,True,136,2.8132e-11,1.02085300095e-05,0.804448930351,0.103799436322,0.012858734976,0.103118376883,0.1143039798,0.105124464311,0.123094796475,0.107495661718,0.102282858803,0.113904000782,0.11401768993,,,,,,,3.44905e-07,0.753699468807,0.753699123902,3.9953e-08,0.077077877021,0.077077837068,9.4701e-08,0.735223812663,0.735223717962,0.000127240322,0.7455334368,0.745406196478,3.670631e-06,0.759849535882,0.759845865251,0.008963223491,0.737850847888,0.728887624397,1.523748e-06,0.782159595948,0.7821580722,5.82313e-07,0.737894954722,0.737894372409,0.000142812027,0.729307186651,0.729164374624,0.000190715122,0.77441589268,0.774225177558,,,,,,,,,,,,,,,,,,
6,4,False,PP_ELIM,9,Cristian de la Fuente|Priscilla Presley|Marlee Matlin|Shannon Elizabeth|Marissa Jaret Winokur|Jason Taylor|Kristi Yamaguchi|Adam Carolla|Mario,True,117,3.0237605e-09,0.0001219180241614,0.834589289656,0.1209816177,0.128497037915,0.123770175136,0.11921294027,0.12425330271,0.118762981181,0.118884827432,0.021871047667,0.123766069991,,,,,,,,9.1432e-08,0.808738350066,0.808738258634,3.13586e-07,0.880603859597,0.880603546011,5.73633e-07,0.855590870524,0.855590296891,2.77733e-07,0.825089386795,0.825089109062,3.792e-07,0.814630568108,0.814630188908,2.05177e-07,0.831838686932,0.831838481755,8.1726e-08,0.8282953737,0.828295291974,1.4028e-08,0.112720925383,0.112720911355,5.66454e-07,0.838050568775,0.838050002321,,,,,,,,,,,,,,,,,,,,,
6,5,False,PP_ELIM,8,Cristian de la Fuente|Priscilla Presley|Marlee Matlin|Shannon Elizabeth|Marissa Jaret Winokur|Jason Taylor|Kristi Yamaguchi|Mario,True,102,8.13706573e-08,0.0004101081128826,0.860753017732,0.144057241675,0.021502652842,0.147603988276,0.143998855324,0.140642878807,0.134640254446,0.132675642962,0.134878485667,,,,,,,,,1.97443e-07,0.865016740536,0.865016543093,4.7853e-08,0.126069212146,0.126069164293,3.50531e-06,0.880797424218,0.880793918908,3.309745e-06,0.89263919682,0.892635887075,2.08754e-06,0.922720699191,0.922718611651,5.42427e-07,0.876524226196,0.876523683769,7.62241e-07,0.849642155314,0.849641393073,6.2881e-08,0.878039577211,0.87803951433,,,,,,,,,,,,,,,,,,,,,,,,
6,6,False,PP_ELIM,7,Cristian de la Fuente|Marlee Matlin|Shannon Elizabeth|Marissa Jaret Winokur|Jason Taylor|Kristi Yamaguchi|Mario,True,92,2.1026566169e-06,0.001513912764164,0.847197162202,0.159780522454,0.029369371289,0.167761464997,0.161700660235,0.168126491188,0.15534244881,0.157919041029,,,,,,,,,,5.49325e-07,0.90070162835,0.900701079025,8.8255e-08,0.151563445251,0.151563356996,1.586501e-06,0.91442100633,0.914419419829,2.68224e-07,0.920222852833,0.920222584609,2.0961e-08,0.930574228602,0.930574207641,1.34237e-06,0.917638087724,0.917636745354,9.30846e-07,0.884972509908,0.884971579062,,,,,,,,,,,,,,,,,,,,,,,,,,,
6,7,False,PP_ELIM,6,Cristian de la Fuente|Shannon Elizabeth|Marissa Jaret Winokur|Jason Taylor|Kristi Yamaguchi|Mario,True,65,0.0007500138096181,0.0900016571541701,1.036259980361,0.212217319259,0.028393221472,0.192438541347,0.184393233458,0.186850292746,0.195707391718,,,,,,,,,,,0.016311473585,0.934500886583,0.918189412998,2.3313e-08,0.154413485594,0.154413462281,7.517741e-06,0.909864098214,0.909856580473,6.148069e-06,0.962957929864,0.962951781795,9.88595e-07,0.929345111105,0.92934412251,0.000242496163,0.913214417327,0.912971921164,,,,,,,,,,,,,,,,,,,,,,,,,,,,,,
6,8,False,PP_ELIM,5,Cristian de la Fuente|Marissa Jaret Winokur|Jason Taylor|Kristi Yamaguchi|Mario,True,36,0.0058267718492797,0.1398425243827138,1.183596224569,0.228284091258,0.251980351259,0.245089651004,0.234047422031,0.040598484447,,,,,,,,,,,,2.4854e-08,0.945850141767,0.945850116913,0.011512056207,0.966261628001,0.954749571794,0.004309775204,0.97542981843,0.971120043226,4.015653e-06,0.954663368234,0.954659352581,1.6461e-07,0.193587038348,0.193586873738,,,,,,,,,,,,,,,,,,,,,,,,,,,,,,,,,
6,9,False,PP_ELIM,4,Cristian de la Fuente|Marissa Jaret Winokur|Jason Taylor|Kristi Yamaguchi,True,33,0.0418434565311303,0.2510607391867821,1.193292156763,0.31108401545,0.066552054727,0.315025978258,0.307337951564,,,,,,,,,,,,,1.4946131e-05,0.994548881927,0.994533935796,1.896e-08,0.261367586109,0.261367567149,4.29533e-07,0.991986661067,0.991986231534,2.941418e-06,0.994003609399,0.994000667981,,,,,,,,,,,,,,,,,,,,,,,,,,,,,,,,,,,,
6,10,True,PP_FINAL,3,Cristian de la Fuente|Jason Taylor|Kristi Yamaguchi,True,12,0.0902541748309834,0.1805083496619668,0.467168049202,0.12022658832,0.27084960859,0.60892380309,,,,,,,,,,,,,,3.5282e-08,0.358570708105,0.358570672823,2.5055735e-05,0.508192421445,0.50816736571,0.312046922156,0.999660112051,0.687613189895,,,,,,,,,,,,,,,,,,,,,,,,,,,,,,,,,,,,,,,
7,1,False,PP_MULTI,13,Ted McGinley|Cloris Leachman|Susan Lucci|Cody Linley|Misty May-Treanor|Maurice Greene|Warren Sapp|Jeffrey Ross|Toni Braxton|Lance Bass|Kim Kardashian|Rocco DiSpirito|Brooke Burke,True,150,1e-16,6.38439112e-08,0.737433861163,0.009597351711,0.101839957602,0.091942789248,0.08545084283,0.084329867931,0.088561086718,0.083532289421,0.020859567808,0.082225427607,0.08356200033,0.09173339209,0.095721986601,0.080643440103,,,,1.31846e-07,0.063254098489,0.063253966643,0.010127301859,0.659967975832,0.649840673973,0.0002649577,0.644517999518,0.644253041818,9.58227e-07,0.663282036307,0.66328107808,2.68703e-07,0.605162318887,0.605162050184,1.080854e-06,0.6973243501,0.697323269246,1.413272e-06,0.694707060899,0.694705647627,1.5414e-08,0.088971206845,0.088971191431,2.18471e-07,0.627333329539,0.627333111068,1.786941e-06,0.643983946146,0.643982159205,0.000204376459,0.614708145487,0.614503769028,0.004134698833,0.630232013447,0.626097314614,1.46832e-07,0.608009187072,0.60800904024,,,,,,,,,
7,2,False,PP_MULTI,11,Cloris Leachman|Susan Lucci|Cody Linley|Misty May-Treanor|Maurice Greene|Warren Sapp|Toni Braxton|Lance Bass|Kim Kardashian|Rocco DiSpirito|Brooke Burke,True,122,2.577e-13,9.352581782e-07,0.637930591914,0.130894505106,0.103467973603,0.103238770566,0.011569111009,0.112388615663,0.094384423555,0.096048062249,0.107974484134,0.019565854645,0.126176196975,0.094292002495,,,,,,0.027303234522,0.697712393847,0.670409159325,0.000427130188,0.654660524092,0.654233393904,0.000247563673,0.684006242566,0.683758678893,1.35892e-07,0.066359330522,0.06635919463,0.009642186095,0.612813421879,0.603171235784,1.784961e-06,0.655182665942,0.655180880981,2.716054e-06,0.670139986467,0.670137270413,0.004833817293,0.649031017585,0.644197200292,1.199132e-06,0.087576153771,0.087574954639,0.022947236112,0.706610583355,0.683663347243,8.36891e-07,0.671453880836,0.671453043945,,,,,,,,,,,,,,,
7,4,False,PP_ELIM,9,Cloris Leachman|Susan Lucci|Cody Linley|Maurice Greene|Warren Sapp|Toni Braxton|Lance Bass|Rocco DiSpirito|Brooke Burke,True,109,3.4910109e-09,0.0001407575601414,0.853605974061,0.123626436964,0.120598425093,0.121706004954,0.129431833165,0.123530853936,0.123708284052,0.118758744144,0.020218284008,0.118421133683,,,,,,,,1.83804e-07,0.852815881601,0.852815697797,1.99608e-07,0.810085391635,0.810085192027,2.20835e-07,0.864428153517,0.864427932682,2.20231e-07,0.844322978338,0.844322758107,1.21472e-07,0.863264339355,0.863264217883,7.781e-08,0.801779553996,0.801779476186,9.7731e-08,0.804646131851,0.80464603412,9.87e-10,0.110740679293,0.110740678306,7.9997e-08,0.804452174752,0.804452094755,,,,,,,,,,,,,,,,,,,,,
7,5,False,PP_ELIM,8,Cloris Leachman|Susan Lucci|Cody Linley|Maurice Greene|Warren Sapp|Toni Braxton|Lance Bass|Brooke Burke,True,96,5.38793509e-08,0.0002715519283304,0.809504074038,0.152808100471,0.147284642272,0.130184542809,0.131853346876,0.135880510328,0.020117805866,0.152679615945,0.129191435434,,,,,,,,,0.005164067579,0.848653566243,0.843489498664,0.000144794025,0.825736174011,0.825591379986,1.061012e-06,0.827430918987,0.827429857975,1.110379e-06,0.822549974789,0.82254886441,1.600916e-06,0.831884696497,0.831883095581,5.478e-08,0.115194279878,0.115194225098,0.005200146498,0.865727334905,0.860527188407,9.6488e-07,0.872296638819,0.872295673939,,,,,,,,,,,,,,,,,,,,,,,,
7,6,False,PP_ELIM,7,Cloris Leachman|Susan Lucci|Cody Linley|Maurice Greene|Warren Sapp|Lance Bass|Brooke Burke,True,90,2.0966058598e-06,0.0015095562190584,1.062021381554,0.0391907451,0.161351794952,0.161287912279,0.166466877198,0.158082163152,0.156297413938,0.157323093382,,,,,,,,,,3.04941e-07,0.174112560533,0.174112255592,6.90649e-07,0.904178022748,0.904177332099,1.146843e-06,0.913335748858,0.913334602015,6.4516e-08,0.914594992574,0.914594928058,3.18368e-07,0.891986269388,0.89198595102,3.5215e-07,0.895753661165,0.895753309015,4.08592e-07,0.931509494188,0.931509085596,,,,,,,,,,,,,,,,,,,,,,,,,,,
7,7,False,PP_ELIM,6,Susan Lucci|Cody Linley|Maurice Greene|Warren Sapp|Lance Bass|Brooke Burke,True,72,0.0007000215098908,0.0840025811869016,0.9733698328,0.029808021677,0.207913403512,0.188361488225,0.215027185975,0.188317833315,0.170572067297,,,,,,,,,,,3.6317e-08,0.156750179178,0.156750142861,0.013743993474,0.911594528795,0.897850535321,9.37534e-07,0.897710515069,0.897709577535,0.020511317263,0.941922035052,0.921410717789,1.112038e-06,0.901619027302,0.901617915264,9.119e-08,0.908201233092,0.908201141902,,,,,,,,,,,,,,,,,,,,,,,,,,,,,,
7,8,False,PP_ELIM,5,Cody Linley|Maurice Greene|Warren Sapp|Lance Bass|Brooke Burke,True,49,0.0064097759982165,0.1538346239571952,1.062803223078,0.25128477808,0.043604712379,0.231565232158,0.24415912252,0.229386154863,,,,,,,,,,,,0.000145420615,0.972243090265,0.97209766965,1.43667e-07,0.206258390387,0.20625824672,9.5003e-07,0.953022178029,0.953021227999,3.266763e-06,0.978425750815,0.978422484052,8.80525e-07,0.964127463808,0.964126583283,,,,,,,,,,,,,,,,,,,,,,,,,,,,,,,,,
7,9,False,PP_ELIM,4,Cody Linley|Warren Sapp|Lance Bass|Brooke Burke,True,32,0.0406211968745709,0.2437271812474256,1.098919080151,0.069475093253,0.319024288907,0.292185421942,0.319315195898,,,,,,,,,,,,,3.49729e-07,0.268205899192,0.268205549463,8.55398e-07,0.992311157174,0.992310301776,4.18437e-07,0.993268437573,0.993268019136,4.700592e-06,0.99122743056,0.991222729968,,,,,,,,,,,,,,,,,,,,,,,,,,,,,,,,,,,,
7,10,True,PP_FINAL,3,Warren Sapp|Lance Bass|Brooke Burke,True,12,0.0834463060464604,0.1668926120929208,0.463222543934,0.285966104451,0.114123774617,0.599910120932,,,,,,,,,,,,,,0.000696249947,0.514461155249,0.513764905302,1.728167e-06,0.342868263308,0.342866535141,0.31422281919,0.998851866635,0.684629047445,,,,,,,,,,,,,,,,,,,,,,,,,,,,,,,,,,,,,,,
8,2,False,PP_ELIM,13,Gilles Marini|Denise Richards|David Alan Grier|Lawrence Taylor|Ty Murray|Shawn Johnson|Steve Wozniak|Belinda Carlisle|Chuck Wicks|Lil' Kim|Steve-O|Holly Madison|Melissa Rycroft,True,153,1e-16,5.421152e-08,0.610491901291,0.076669266776,0.078644180438,0.089481352951,0.080142289334,0.080187526171,0.076927460342,0.08930296413,0.008985439646,0.079913314649,0.077314351936,0.100419020827,0.085648252048,0.07636458075,,,,2.71e-09,0.625033550386,0.625033547676,7.83232e-07,0.624256458084,0.624255674852,0.003872257181,0.694262834337,0.690390577156,7.46083e-07,0.642971859133,0.64297111305,6.8615e-08,0.618301699176,0.618301630561,5.30215e-07,0.638359495546,0.638358965331,0.003874161832,0.681668164733,0.677794002901,9.2363e-08,0.054400258854,0.054400166491,1.283548e-06,0.633733814433,0.633732530885,6.19976e-07,0.682344498018,0.682343878042,0.015129660601,0.641673882371,0.62654422177,5.538396e-06,0.67836404832,0.678358509924,4.10643e-07,0.60333372826,0.603333317617,,,,,,,,,
8,3,False,PP_ELIM,12,Gilles Marini|Denise Richards|David Alan Grier|Lawrence Taylor|Ty Murray|Shawn Johnson|Steve Wozniak|Chuck Wicks|Lil' Kim|Steve-O|Holly Madison|Melissa Rycroft,True,142,9.2e-15,3.686936735e-07,0.699571079107,0.083145952355,0.014159001367,0.083304858074,0.08700709035,0.083708501577,0.082906014537,0.120847731681,0.083997137055,0.083378542206,0.101015175405,0.093647237295,0.082882758099,,,,,3.62388e-07,0.707303067253,0.707302704865,1.411e-08,0.076859908539,0.076859894429,1.105417e-06,0.742214051692,0.742212946275,5.8419e-08,0.669157725209,0.66915766679,7.54798e-07,0.630627670878,0.63062691608,1.57225e-07,0.679448338332,0.679448181107,0.023681449751,0.673878428026,0.650196978275,8.2195e-08,0.654120954715,0.65412087252,2.25399e-07,0.712143829997,0.712143604598,0.004026377545,0.700071043991,0.696044666446,9.24063e-07,0.694647414594,0.694646490531,1.02937e-07,0.679566704158,0.679566601221,,,,,,,,,,,,
8,4,False,PP_MULTI,11,Gilles Marini|David Alan Grier|Lawrence Taylor|Ty Murray|Shawn Johnson|Steve Wozniak|Chuck Wicks|Lil' Kim|Steve-O|Holly Madison|Melissa Rycroft,True,127,7.666e-13,2.7819200062e-06,0.852757901687,0.098456736725,0.105169854957,0.113656505249,0.100743973686,0.100624325726,0.027988764454,0.105745565515,0.09910676,0.128777737589,0.021197439712,0.098532336386,,,,,,4.86637e-07,0.722349439519,0.722348952882,4.51324e-07,0.804014381409,0.804013930085,1.254878e-06,0.733114020494,0.733112765616,1.10818e-07,0.712637176296,0.712637065478,1.52009e-07,0.760770881913,0.760770729904,4.57138e-07,0.116199848557,0.116199391419,2.964942e-06,0.736795815223,0.736792850281,6.92604e-07,0.763065555599,0.763064862995,0.004450192565,0.760710302298,0.756260109733,1.55541e-07,0.109024943846,0.109024788305,7.4276e-08,0.729880165628,0.729880091352,,,,,,,,,,,,,,,
8,5,False,PP_ELIM,9,Gilles Marini|David Alan Grier|Lawrence Taylor|Ty Murray|Shawn Johnson|Chuck Wicks|Lil' Kim|Steve-O|Melissa Rycroft,True,127,9.981531e-10,4.02455325425e-05,0.721349934227,0.111273079846,0.015220381445,0.135035838699,0.13033818002,0.113522009832,0.121385142839,0.113540215896,0.144336664696,0.115348486726,,,,,,,,4.04468e-07,0.791241404487,0.791241000019,1.9567e-08,0.089477291082,0.089477271515,0.009730855911,0.829188284418,0.819457428507,0.004901442366,0.81449310565,0.809591663284,8.4207e-08,0.810046341961,0.810046257754,4.62504e-07,0.762224492381,0.762224029877,2.58725e-07,0.768635819682,0.768635560957,0.019270087309,0.80229178455,0.783021697241,1.984693e-06,0.766517842107,0.766515857414,,,,,,,,,,,,,,,,,,,,,
8,6,False,PP_ELIM,8,Gilles Marini|Lawrence Taylor|Ty Murray|Shawn Johnson|Chuck Wicks|Lil' Kim|Steve-O|Melissa Rycroft,True,100,9.20086684e-08,0.0004637236888943,0.883226223533,0.134956195166,0.140680583041,0.153262863936,0.134722580743,0.13829910999,0.13370317189,0.030121169637,0.134254325597,,,,,,,,,3.60207e-07,0.869400202567,0.86939984236,8.24632e-07,0.897454754643,0.897453930011,2.202044e-06,0.881852797057,0.881850595013,1.23175e-07,0.918535693371,0.918535570196,2.26043e-07,0.90425763525,0.904257409207,6.85587e-07,0.887948124509,0.887947438922,1.37851e-07,0.143164060577,0.143163922726,1.16359e-07,0.901485029096,0.901484912737,,,,,,,,,,,,,,,,,,,,,,,,
8,7,False,PP_ELIM,7,Gilles Marini|Lawrence Taylor|Ty Murray|Shawn Johnson|Chuck Wicks|Lil' Kim|Melissa Rycroft,True,104,2.0243501192e-06,0.0014575320857929,0.936123493163,0.160552490122,0.030015600773,0.169385645844,0.159084394862,0.160512517747,0.162998657649,0.157450693002,,,,,,,,,,1.01958e-07,0.923637958341,0.923637856383,2.2831e-07,0.154885894152,0.154885665842,1.17807e-06,0.918172934991,0.918171756921,2.6296e-07,0.91711014978,0.91710988682,1.91499e-07,0.905371878194,0.905371686695,8.54639e-07,0.900354558338,0.900353703699,2.99207e-07,0.933751784659,0.933751485452,,,,,,,,,,,,,,,,,,,,,,,,,,,
8,8,False,PP_ELIM,6,Gilles Marini|Ty Murray|Shawn Johnson|Chuck Wicks|Lil' Kim|Melissa Rycroft,True,80,0.0006601119273382,0.0792134312805872,0.860327833371,0.185685897852,0.194058703713,0.194462920454,0.028760894186,0.184380916512,0.212650667282,,,,,,,,,,,1.732671e-06,0.920919787469,0.920918054798,3.504787e-06,0.935609684573,0.935606179786,3.907111e-06,0.917698006166,0.917694099055,7.9469e-08,0.153741480345,0.153741400876,1.27822e-07,0.912068124469,0.912067996647,0.016181392044,0.941344418652,0.925163026608,,,,,,,,,,,,,,,,,,,,,,,,,,,,,,
8,9,False,PP_ELIM,5,Gilles Marini|Ty Murray|Shawn Johnson|Lil' Kim|Melissa Rycroft,True,59,0.0057148103816155,0.1371554491587717,0.976405407229,0.231006818897,0.267200710716,0.231229462223,0.041724878083,0.22883813008,,,,,,,,,,,,2.0812e-08,0.968704685865,0.968704665053,0.022729134343,0.977639440393,0.95491030605,1.532437e-06,0.940837142108,0.940835609671,7.1256e-08,0.202231143749,0.202231072493,1.37357e-07,0.961289294094,0.961289156737,,,,,,,,,,,,,,,,,,,,,,,,,,,,,,,,,
8,10,False,PP_ELIM,4,Gilles Marini|Ty Murray|Shawn Johnson|Melissa Rycroft,True,37,0.0463898423128709,0.2783390538772253,1.195943947907,0.300206528023,0.072858298903,0.311700157952,0.315235015122,,,,,,,,,,,,,3.27153e-07,0.995537678045,0.995537350892,2.12867e-07,0.277899256266,0.277899043399,1.229208e-06,0.991666330242,0.991665101034,2.637469e-06,0.993989804569,0.9939871671,,,,,,,,,,,,,,,,,,,,,,,,,,,,,,,,,,,,
8,11,True,PP_FINAL,3,Gilles Marini|Shawn Johnson|Melissa Rycroft,True,12,0.0792282474594636,0.1584564949189273,0.684432971702,0.278074824642,0.608223709882,0.113701465476,,,,,,,,,,,,,,3.077402e-06,0.505225460591,0.505222383189,0.324408034998,0.999285140387,0.674877105389,8.93245e-07,0.340169272897,0.340168379652,,,,,,,,,,,,,,,,,,,,,,,,,,,,,,,,,,,,,,,
9,1,False,PP_MULTI,16,Ashley Hamiliton|Debi Mazar|Melissa Joan Hart|Mark Dacascos|Chuck Liddell|Natalie Coughlin|Louie Vito|Michael Irvin|Joanna Krupa|Kathy Ireland|Tom DeLay|Macy Gray|Aaron Carter|Mya|Donny Osmond|Kelly Osbourne,True,170,0.0,1.916506e-10,0.582853447801,0.010990885454,0.073321737879,0.069982197844,0.065554390337,0.073729245773,0.066736137444,0.066700664485,0.079754104317,0.065529272493,0.077478898031,0.077471397702,0.010999236115,0.065442685632,0.065489675668,0.065373102556,0.065446368269,2.8382e-08,0.054165418332,0.05416538995,2.713829e-06,0.55364514925,0.553642435421,3.390992e-06,0.579555414915,0.579552023923,1.867303e-06,0.555381596292,0.555379728989,3.137335e-06,0.520439227063,0.520436089728,1.014923e-06,0.56225773535,0.562256720427,3.23457e-07,0.568532762232,0.568532438775,0.00102289351,0.538115412446,0.537092518936,7.57189e-07,0.626899420913,0.626898663724,7.8326506e-05,0.579577921913,0.579499595407,3.9158778e-05,0.550784893015,0.550745734237,1.10583e-07,0.054413714416,0.054413603833,1.117293e-06,0.543779653093,0.5437785358,6.5862e-08,0.5937869161,0.593786850238,1.524565e-06,0.543793811395,0.54379228683,2.2599e-07,0.591747240869,0.591747014879
9,2,False,PP_ELIM,14,Debi Mazar|Melissa Joan Hart|Mark Dacascos|Chuck Liddell|Natalie Coughlin|Louie Vito|Michael Irvin|Joanna Krupa|Kathy Ireland|Tom DeLay|Aaron Carter|Mya|Donny Osmond|Kelly Osbourne,True,153,0.0,1.83770436e-08,0.673572284627,0.07469420366,0.078293904473,0.074913168456,0.078426627931,0.075025046096,0.078251771287,0.076682254558,0.076504711388,0.007895336442,0.081098184894,0.073175677088,0.073295170502,0.073463982667,0.078279960559,,,1.71779e-07,0.6150392206,0.615039048821,1.08675e-06,0.675988227459,0.675987140709,3.33159e-07,0.623719232247,0.623718899088,8.72966e-07,0.678017392497,0.678016519531,3.61395e-07,0.599600620445,0.59960025905,1.407214e-06,0.624052593097,0.624051185883,5.14204e-07,0.685398254464,0.68539774026,1.84324e-07,0.697661778642,0.697661594318,2.4292e-08,0.053767148242,0.05376712395,5.6764628e-05,0.631706921939,0.631650157311,5.4672e-08,0.615675819864,0.615675765192,1.112373e-06,0.660239476177,0.660238363804,1.84026e-07,0.629228923891,0.629228739865,1.96629e-07,0.69287614853,0.692875951901,,,,,,
9,3,False,PP_MULTI,13,Debi Mazar|Melissa Joan Hart|Mark Dacascos|Chuck Liddell|Natalie Coughlin|Louie Vito|Michael Irvin|Joanna Krupa|Tom DeLay|Aaron Carter|Mya|Donny Osmond|Kelly Osbourne,True,141,2e-16,8.07056255e-08,0.637225067915,0.012173441323,0.089570627915,0.092318030472,0.095948671548,0.081315092028,0.08649142802,0.107671679754,0.081989988782,0.01561601533,0.084767588698,0.080784129045,0.084727588862,0.086625718224,,,,4.3205e-07,0.061971972899,0.061971540849,2.2432e-08,0.721125585535,0.721125563103,7.049647e-06,0.604865932819,0.604858883172,0.000441765208,0.630405600771,0.629963835563,1.899025e-06,0.664636634728,0.664634735703,1.970351e-06,0.650961975712,0.650960005361,0.01202050123,0.604697578162,0.592677076932,2.422147e-06,0.659992781247,0.6599903591,1.58931e-07,0.070788022203,0.070787863272,2.242645e-06,0.660859475588,0.660857232943,2.08901e-07,0.669674578343,0.669674369442,1.622946e-06,0.635089222264,0.635087599318,4.443193e-06,0.683738695706,0.683734252513,,,,,,,,,
9,4,False,PP_ELIM,11,Melissa Joan Hart|Mark Dacascos|Chuck Liddell|Natalie Coughlin|Louie Vito|Michael Irvin|Joanna Krupa|Aaron Carter|Mya|Donny Osmond|Kelly Osbourne,True,131,6.73e-13,2.4420165129e-06,0.734482735465,0.092746734258,0.095558647992,0.015418024563,0.093678838685,0.112190568241,0.112079137061,0.093179284449,0.104189158977,0.092622885672,0.093707526516,0.094629193585,,,,,,5.5859e-08,0.745091399343,0.745091343484,4.1601e-08,0.713360700153,0.713360658552,4.8619e-08,0.086085982078,0.086085933459,4.477e-09,0.718436372754,0.718436368277,0.004167541665,0.780366811877,0.776199270212,0.004217830142,0.754233031162,0.75001520102,8.20485e-07,0.756269685379,0.756268864894,2.17008e-07,0.741490866348,0.74149064934,4.5954e-08,0.701347624724,0.70134757877,4.354e-08,0.727402193336,0.727402149796,5.412e-08,0.700926490987,0.700926436867,,,,,,,,,,,,,,,
9,5,False,PP_ELIM,10,Melissa Joan Hart|Mark Dacascos|Natalie Coughlin|Louie Vito|Michael Irvin|Joanna Krupa|Aaron Carter|Mya|Donny Osmond|Kelly Osbourne,True,123,5.67595e-11,2.05968749147e-05,0.823756045233,0.111994618816,0.105349282305,0.012937298712,0.115471392455,0.119614296831,0.109002156755,0.109196330988,0.104260681826,0.103221591319,0.108952349991,,,,,,,2.84242e-07,0.79070834757,0.790708063328,1.075116e-06,0.778890686469,0.778889611353,7.5009e-08,0.085837338814,0.085837263805,0.00013943428,0.752173943497,0.752034509217,0.004218292256,0.865272491011,0.861054198755,6.32518e-07,0.75430135786,0.754300725342,5.23812e-07,0.821019657673,0.821019133861,6.17393e-07,0.765910028624,0.765909411231,3.41809e-07,0.736671588416,0.736671246607,5.93315e-07,0.803857530168,0.803856936853,,,,,,,,,,,,,,,,,,
9,6,False,PP_MULTI,9,Melissa Joan Hart|Mark Dacascos|Louie Vito|Michael Irvin|Joanna Krupa|Aaron Carter|Mya|Donny Osmond|Kelly Osbourne,True,116,8.471684e-10,3.41578292097e-05,0.768746709694,0.025716000972,0.128241706209,0.025726078492,0.162557321506,0.122278943801,0.126942171822,0.126546933734,0.131099972938,0.150890870526,,,,,,,,2.6586e-08,0.121560074936,0.12156004835,3.780774e-06,0.803346273706,0.803342492932,9.5396e-08,0.118019985887,0.118019890491,0.009339003807,0.827094729103,0.817755725296,1.101188e-06,0.806172549701,0.806171448513,8.01491e-07,0.852933427276,0.852932625785,2.185623e-06,0.780687338158,0.780685152535,9.0016e-07,0.80538440222,0.80538350206,0.000209061149,0.797137558801,0.796928497652,,,,,,,,,,,,,,,,,,,,,
9,7,False,PP_MULTI,7,Mark Dacascos|Michael Irvin|Joanna Krupa|Aaron Carter|Mya|Donny Osmond|Kelly Osbourne,True,85,1.0004853661e-06,0.0007203494635845,0.871946213308,0.038629196379,0.0339952031,0.178431191999,0.18412321474,0.193874003675,0.185161572807,0.1857856173,,,,,,,,,,1.51036e-07,0.169382527515,0.169382376479,1.80742e-07,0.160017495688,0.160017314946,9.473107e-06,0.884736435461,0.884726962354,3.8174925e-05,0.893331541785,0.89329336686,7.68207e-06,0.917896718083,0.917889036013,8.826988e-06,0.905877789159,0.905868962171,1.8812091e-05,0.926555329301,0.92653651721,,,,,,,,,,,,,,,,,,,,,,,,,,,
9,8,False,PP_ELIM,5,Joanna Krupa|Aaron Carter|Mya|Donny Osmond|Kelly Osbourne,True,46,0.0069078270970729,0.1657878503297495,1.250475446103,0.241071422825,0.042843671055,0.223902575628,0.247635621341,0.24454670915,,,,,,,,,,,,8.15084e-07,0.97774321918,0.977742404096,8.1687e-08,0.202030093044,0.202030011357,9.46251e-07,0.954329237716,0.954328291465,0.000379950348,0.968864774953,0.968484824605,1.9417846e-05,0.968233399375,0.968213981529,,,,,,,,,,,,,,,,,,,,,,,,,,,,,,,,,
9,9,False,PP_ELIM,4,Joanna Krupa|Mya|Donny Osmond|Kelly Osbourne,True,33,0.0314833395216289,0.1889000371297733,1.049793015022,0.062069434467,0.291217831862,0.329592862768,0.317119870903,,,,,,,,,,,,,4.6571e-08,0.244207147061,0.24420710049,2.84673e-06,0.957727658356,0.957724811626,0.022273060048,0.981269075041,0.958996014993,0.009643084983,0.972489400838,0.962846315855,,,,,,,,,,,,,,,,,,,,,,,,,,,,,,,,,,,,
9,10,True,PP_FINAL,3,Mya|Donny Osmond|Kelly Osbourne,True,12,0.0921493145978246,0.1842986291956492,0.718268008913,0.265335358506,0.613529134709,0.121135506785,,,,,,,,,,,,,,2.1777486e-05,0.503997283183,0.503975505697,0.316232210739,0.999539030374,0.683306819635,3.42347e-07,0.359963186444,0.359962844097,,,,,,,,,,,,,,,,,,,,,,,,,,,,,,,,,,,,,,,
10,2,False,PP_ELIM,11,Aiden Turner|Shannen Doherty|Niecy Nash|Buzz Aldrin|Chad Ochocinco|Evan Lysacek|Pamela Anderson|Nicole Scherzinger|Erin Andrews|Kate Gosselin|Jake Pavelka,True,128,4.797e-13,1.7408309387e-06,0.723303321602,0.099135545069,0.009765761832,0.090493640094,0.131141167292,0.11258230594,0.085871254618,0.087870134415,0.08480104787,0.086595633225,0.117105822359,0.094637687286,,,,,,0.004643617931,0.643568639324,0.638925021393,3.019e-09,0.067907777595,0.067907774576,1.496544e-05,0.643700605239,0.643685639799,0.03656250165,0.687096473312,0.650533971662,0.018417976346,0.637237366464,0.618819390118,3.50036e-07,0.615800621977,0.615800271941,3.936026e-06,0.683183479211,0.683179543185,1.362866e-06,0.620451606233,0.620450243367,5.29747e-07,0.710693431116,0.710692901369,0.022843642327,0.630182620585,0.607338978258,8.6255096e-05,0.694515098734,0.694428843638,,,,,,,,,,,,,,,
10,3,False,PP_ELIM,10,Aiden Turner|Niecy Nash|Buzz Aldrin|Chad Ochocinco|Evan Lysacek|Pamela Anderson|Nicole Scherzinger|Erin Andrews|Kate Gosselin|Jake Pavelka,True,122,6.07472e-11,2.20439575528e-05,0.808210650737,0.108376970079,0.107430728503,0.023435075126,0.108463976873,0.105440061889,0.107197331539,0.106127937186,0.106032835889,0.120356411376,0.10713867154,,,,,,,1.79258e-07,0.812909088715,0.812908909457,4.8905e-07,0.82133224627,0.82133175722,2.1407e-08,0.110470956998,0.110470935591,6.19413e-07,0.805355966148,0.805355346735,7.13699e-07,0.807508356251,0.807507642552,3.2373e-08,0.813330273559,0.813330241186,2.1939e-07,0.806284659681,0.806284440291,1.71293e-07,0.797630305636,0.797630134343,4.50921e-07,0.807381899013,0.807381448092,1.54554e-07,0.848009780658,0.848009626104,,,,,,,,,,,,,,,,,,
10,4,False,PP_ELIM,9,Aiden Turner|Niecy Nash|Chad Ochocinco|Evan Lysacek|Pamela Anderson|Nicole Scherzinger|Erin Andrews|Kate Gosselin|Jake Pavelka,True,110,2.0070503e-09,8.09242667816e-05,0.806625416799,0.019912542071,0.128039251794,0.118051903191,0.115637545833,0.116780171373,0.115805002054,0.123209935124,0.137833574433,0.124730074127,,,,,,,,4.5604e-08,0.113865239574,0.11386519397,7.95751e-07,0.813892011668,0.813891215917,4.54589e-07,0.846855405882,0.846854951293,3.9447e-08,0.841108264027,0.84110822458,1.8732e-08,0.788008220784,0.788008202052,9.9604e-08,0.816363741264,0.81636364166,5.34364e-07,0.83613452597,0.836133991606,0.002903308786,0.843531864553,0.840628555767,3.25069e-07,0.831601899693,0.831601574624,,,,,,,,,,,,,,,,,,,,,
10,5,False,PP_ELIM,8,Niecy Nash|Chad Ochocinco|Evan Lysacek|Pamela Anderson|Nicole Scherzinger|Erin Andrews|Kate Gosselin|Jake Pavelka,True,89,1.401811252e-07,0.0007065128708595,0.921962361381,0.146915605025,0.147036511519,0.132787539925,0.138899308862,0.132623025796,0.137039275908,0.028843805713,0.135854927253,,,,,,,,,8.11273e-07,0.876098681716,0.876097870443,5.60074e-07,0.887497477819,0.887496917745,4.28926e-07,0.895196850462,0.895196421536,4.84197e-07,0.933732635343,0.933732151146,4.3299e-08,0.870734604981,0.870734561682,1.35555e-07,0.858550910154,0.858550774599,1.6737e-08,0.143571921997,0.14357190526,1.481557e-06,0.870607718625,0.870606237068,,,,,,,,,,,,,,,,,,,,,,,,
10,6,False,PP_ELIM,7,Niecy Nash|Chad Ochocinco|Evan Lysacek|Pamela Anderson|Nicole Scherzinger|Erin Andrews|Jake Pavelka,True,66,5.1487742586e-06,0.0037071174661799,1.01310517291,0.174295192255,0.159073895334,0.170281758937,0.161086146923,0.152378279672,0.154507187482,0.028377539397,,,,,,,,,,6.972161e-06,0.911895631251,0.91188865909,3.16301e-07,0.923601252053,0.923600935752,2.956408e-06,0.890655828956,0.890652872548,1.729767e-06,0.901721142892,0.901719413125,5.06117e-07,0.90326360987,0.903263103753,9.40099e-07,0.942185739065,0.942184798966,1.45458e-07,0.151369296567,0.151369151109,,,,,,,,,,,,,,,,,,,,,,,,,,,
10,7,False,PP_ELIM,6,Niecy Nash|Chad Ochocinco|Evan Lysacek|Pamela Anderson|Nicole Scherzinger|Erin Andrews,True,64,0.0007954374617961,0.0954524954155279,0.979540640624,0.203475472603,0.193820805712,0.188655478563,0.028514058016,0.188489476362,0.197044708744,,,,,,,,,,,0.006809092167,0.92618054301,0.919371450843,7.936423e-06,0.912581612956,0.912573676533,3.622057e-06,0.938884891495,0.938881269438,2.73726e-07,0.15524146523,0.155241191504,1.0949936e-05,0.965031107687,0.965020157751,0.000430478007,0.91894507482,0.918514596813,,,,,,,,,,,,,,,,,,,,,,,,,,,,,,
10,8,False,PP_ELIM,5,Niecy Nash|Chad Ochocinco|Evan Lysacek|Nicole Scherzinger|Erin Andrews,True,52,0.0078597971054444,0.1886351305306656,1.077637575469,0.050274883631,0.255901526425,0.234452140281,0.224579819402,0.234791630261,,,,,,,,,,,,4.0148e-08,0.221494782913,0.221494742765,1.903446e-06,0.985764946222,0.985763042776,3.04368e-07,0.981795375387,0.981795071019,5.6993e-08,0.982276257254,0.982276200261,5.4668e-08,0.977335449062,0.977335394394,,,,,,,,,,,,,,,,,,,,,,,,,,,,,,,,,
10,9,False,PP_ELIM,4,Chad Ochocinco|Evan Lysacek|Nicole Scherzinger|Erin Andrews,True,27,0.0422100187108439,0.2532601122650631,1.16366246579,0.068751283659,0.30657666284,0.307395844538,0.317276208964,,,,,,,,,,,,,6.0918e-08,0.26844622043,0.268446159512,4.63109e-07,0.992625586115,0.992625123006,5.910088e-06,0.99291417537,0.992908265282,8.581942e-06,0.99379706663,0.993788484688,,,,,,,,,,,,,,,,,,,,,,,,,,,,,,,,,,,,
10,10,True,PP_FINAL,3,Evan Lysacek|Nicole Scherzinger|Erin Andrews,True,11,0.0830817876119057,0.1661635752238113,0.701369192104,0.284530412719,0.602188129581,0.1132814577,,,,,,,,,,,,,,0.002065956356,0.511148254201,0.509082297845,0.318671734336,0.997745131765,0.679073397429,1.659768e-06,0.339903178372,0.339901518604,,,,,,,,,,,,,,,,,,,,,,,,,,,,,,,,,,,,,,,
11,1,False,PP_ELIM,12,David Hasselhoff|Florence Henderson|Kyle Massey|Jennifer Grey|Rick Fox|Kurt Warner|Margaret Cho|Michael Bolton|Brandy|The Situation|Audrina Patridge|Bristol Palin,True,130,1.6e-14,6.367662002e-07,0.735606510678,0.012462886726,0.089285248956,0.085576260297,0.085948865486,0.085856431719,0.087677265714,0.097911281823,0.094165429261,0.085894500077,0.098199034517,0.087822586489,0.089200208935,,,,,1.07555e-07,0.069992791093,0.069992683538,5.72051e-07,0.700300048722,0.700299476671,6.08254e-07,0.68400624842,0.684005640166,1.76183e-07,0.706645767983,0.7066455918,7.4486e-08,0.672457105863,0.672457031377,2.0783e-07,0.69520275645,0.69520254862,9.3813071e-05,0.702624532993,0.702530719922,2.704272e-06,0.717489481683,0.717486777411,1.87484e-07,0.657930690262,0.657930502778,8.6937093e-05,0.709451802102,0.709364865009,3.42971e-07,0.743293173064,0.743292830093,3.6026e-08,0.681276055337,0.681276019311,,,,,,,,,,,,
11,2,False,PP_ELIM,11,Florence Henderson|Kyle Massey|Jennifer Grey|Rick Fox|Kurt Warner|Margaret Cho|Michael Bolton|Brandy|The Situation|Audrina Patridge|Bristol Palin,True,136,8.659e-13,3.1422444457e-06,0.721730037176,0.099034337831,0.096569775157,0.096085835256,0.097252789739,0.097247178947,0.10049326395,0.022538743196,0.097220894816,0.100387015196,0.096452581011,0.096717584902,,,,,,1.87e-09,0.747746421787,0.747746419917,8.6103e-08,0.859532530338,0.859532444235,3.524e-08,0.785855896723,0.785855861483,2.86676e-07,0.822202148221,0.822201861545,5.7818e-08,0.804156894098,0.80415683628,9.2494e-08,0.782700839824,0.78270074733,1.34869e-07,0.098838930723,0.098838795854,1.72053e-07,0.812528240955,0.812528068902,3.42114e-07,0.775016680985,0.775016338871,1.15812e-07,0.762801730816,0.762801615004,2.36535e-07,0.789536298896,0.789536062361,,,,,,,,,,,,,,,
11,3,False,PP_ELIM,10,Florence Henderson|Kyle Massey|Jennifer Grey|Rick Fox|Kurt Warner|Margaret Cho|Brandy|The Situation|Audrina Patridge|Bristol Palin,True,125,5.25036e-11,1.90525140071e-05,0.806171353622,0.113543354849,0.107310691976,0.106331038136,0.106579196214,0.107432936753,0.016446305892,0.106488615444,0.11382193366,0.105213091075,0.116832836001,,,,,,,6.10422e-07,0.800981834572,0.80098122415,4.29528e-07,0.860075613942,0.860075184414,6.40101e-07,0.768164414026,0.768163773925,3.60111e-07,0.805242970712,0.805242610601,9.79619e-07,0.802900385142,0.802899405523,7.4268e-08,0.093111993856,0.093111919588,1.062169e-06,0.76595439831,0.765953336141,2.65e-08,0.794476837994,0.794476811494,1.62556e-07,0.821133262958,0.821133100402,1.743344e-06,0.797901578866,0.797899835522,,,,,,,,,,,,,,,,,,
11,4,False,PP_ELIM,9,Florence Henderson|Kyle Massey|Jennifer Grey|Rick Fox|Kurt Warner|Brandy|The Situation|Audrina Patridge|Bristol Palin,True,107,3.3716994e-09,0.0001359469206612,0.836019408578,0.125448748268,0.12062842276,0.11708790838,0.121177884581,0.126884264447,0.117489112509,0.023143856436,0.11784924222,0.130290560399,,,,,,,,9.71e-09,0.818848912201,0.818848902491,1.12634e-07,0.876212356439,0.876212243805,1.13839e-07,0.8637524431,0.863752329261,8.98505e-07,0.86267865094,0.862677752435,4.81703e-07,0.803990852775,0.803990371072,4.38678e-07,0.805675408249,0.805674969571,2.8365e-08,0.11688976985,0.116889741485,2.46362e-07,0.798247081609,0.798246835247,2.12673e-07,0.824616781209,0.824616568536,,,,,,,,,,,,,,,,,,,,,
11,5,False,PP_ELIM,8,Florence Henderson|Kyle Massey|Jennifer Grey|Rick Fox|Kurt Warner|Brandy|Audrina Patridge|Bristol Palin,True,84,8.61807418e-08,0.0004343509386778,0.959658123638,0.019334085584,0.151967079167,0.131828619137,0.13415555854,0.134001230799,0.129082565134,0.137167772982,0.162463088658,,,,,,,,,1.92771e-07,0.110584852679,0.110584659908,0.005536680879,0.84151361379,0.835976932911,6.379e-08,0.840733225604,0.840733161814,6.99489e-07,0.85220183415,0.852201134661,3.38753e-07,0.797058940267,0.797058601514,1.510276e-06,0.81108822322,0.811086712944,6.04862e-07,0.800608268369,0.800607663507,0.016579266421,0.849187093378,0.832607826957,,,,,,,,,,,,,,,,,,,,,,,,
11,6,False,PP_ELIM,7,Kyle Massey|Jennifer Grey|Rick Fox|Kurt Warner|Brandy|Audrina Patridge|Bristol Palin,True,74,7.89350125e-07,0.0005683320900008,0.775874652905,0.158586786824,0.163147649569,0.158726504624,0.196923422751,0.135723815938,0.019243200026,0.167648620268,,,,,,,,,,0.009740166127,0.771004914752,0.761264748625,0.014810382074,0.771950129463,0.757139747389,0.009842801859,0.780893651821,0.771050849962,0.048401996744,0.840818411172,0.792416414428,2.220126e-06,0.777755083006,0.77775286288,2.3273e-08,0.110790613056,0.110790589783,0.019725007746,0.830106186004,0.810381178258,,,,,,,,,,,,,,,,,,,,,,,,,,,
11,7,False,PP_ELIM,6,Kyle Massey|Jennifer Grey|Rick Fox|Kurt Warner|Brandy|Bristol Palin,True,57,0.0006877035070206,0.082524420842467,1.072131355962,0.200546342739,0.186596017158,0.028182584887,0.192734987836,0.187113341324,0.204826726056,,,,,,,,,,,0.004908748887,0.931674345401,0.926765596514,1.678546e-06,0.937922499199,0.937920820653,1.45613e-07,0.152962974723,0.15296282911,2.2553366e-05,0.905871084232,0.905848530866,1.80284e-07,0.912925794781,0.912925614497,0.009867331857,0.949444564342,0.939577232485,,,,,,,,,,,,,,,,,,,,,,,,,,,,,,
11,8,False,PP_ELIM,5,Kyle Massey|Jennifer Grey|Kurt Warner|Brandy|Bristol Palin,True,48,0.00718531505617,0.1724475613480792,1.196130289216,0.232810678404,0.230231222104,0.04626697982,0.230462925568,0.260228194105,,,,,,,,,,,,3.864045e-06,0.965485260552,0.965481396507,1.583288e-06,0.967975594021,0.967974010733,1.1936e-08,0.211593997655,0.211593985719,1.38162e-06,0.970982606262,0.970981224642,0.004010754275,0.963158462891,0.959147708616,,,,,,,,,,,,,,,,,,,,,,,,,,,,,,,,,
11,9,False,PP_ELIM,4,Kyle Massey|Jennifer Grey|Brandy|Bristol Palin,True,33,0.0341264247687127,0.2047585486122761,1.073773589765,0.308181275063,0.299749700334,0.062609593358,0.329459431244,,,,,,,,,,,,,2.2078806e-05,0.977743186418,0.977721107612,5.059407e-06,0.966193779519,0.966188720112,1.26117e-07,0.248136232715,0.248136106598,0.017759603569,0.991311777988,0.973552174419,,,,,,,,,,,,,,,,,,,,,,,,,,,,,,,,,,,,
11,10,True,PP_FINAL,3,Kyle Massey|Jennifer Grey|Bristol Palin,True,16,0.0914681073028935,0.182936214605787,0.743147797287,0.278559128901,0.60216776969,0.119273101409,,,,,,,,,,,,,,2.392771e-06,0.515534146159,0.515531753388,0.305417079131,0.999211890866,0.693794811735,5.7237e-07,0.357104254927,0.357103682557,,,,,,,,,,,,,,,,,,,,,,,,,,,,,,,,,,,,,,,
12,2,False,PP_ELIM,11,Ralph Macchio|Chelsea Kane|Kirstie Alley|Hines Ward|Sugar Ray Leonard|Chris Jericho|Petra Nemcova|Mike Catherwood|Romeo|Wendy Williams|Kendra Wilkinson,True,126,1.0714e-12,3.8878031053e-06,0.813303921505,0.09532778375,0.101591819223,0.096701954658,0.09379084685,0.105761731737,0.094033121203,0.101675373233,0.012248091556,0.094228728902,0.10568817702,0.098952371867,,,,,,2.11402e-07,0.787190297771,0.787190086369,3.94734e-07,0.757215924452,0.757215529718,8.13318e-07,0.752660351556,0.752659538238,1.14395e-07,0.700755546791,0.700755432396,5.6752947e-05,0.725276428606,0.725219675659,1.35936e-07,0.769361004656,0.76936086872,2.777281e-06,0.737386909625,0.737384132344,3.8756e-08,0.076569063291,0.076569024535,1.59559e-07,0.70478883359,0.704788674031,9.6775162e-05,0.717908738274,0.717811963112,8.2083e-08,0.723413475041,0.723413392958,,,,,,,,,,,,,,,
12,3,False,PP_ELIM,10,Ralph Macchio|Chelsea Kane|Kirstie Alley|Hines Ward|Sugar Ray Leonard|Chris Jericho|Petra Nemcova|Romeo|Wendy Williams|Kendra Wilkinson,True,121,4.72096e-11,1.71314241242e-05,0.731630671933,0.109613280421,0.107602080322,0.109547439619,0.106285950205,0.110955370863,0.1096283525,0.106420198387,0.111331374895,0.021236805494,0.107379147294,,,,,,,3.63821e-07,0.812582021965,0.812581658144,1.33903e-07,0.802662430308,0.802662296405,1.95571e-07,0.872105625857,0.872105430286,2.91501e-07,0.7681826725,0.768182380999,7.3788e-08,0.80432000563,0.804319931842,1.57713e-07,0.819380809234,0.819380651521,4.235e-09,0.83688867469,0.836888670455,4.25743e-07,0.821552484507,0.821552058764,5.202e-09,0.107916073982,0.10791606878,8.31537e-07,0.81881299808,0.818812166543,,,,,,,,,,,,,,,,,,
12,4,False,PP_ELIM,9,Ralph Macchio|Chelsea Kane|Kirstie Alley|Hines Ward|Sugar Ray Leonard|Chris Jericho|Petra Nemcova|Romeo|Kendra Wilkinson,True,105,2.5593467e-09,0.0001031928595179,0.787289535426,0.117192388511,0.116089682044,0.125315421332,0.117422908747,0.015576019917,0.12124154675,0.121804755246,0.121452083965,0.143905193489,,,,,,,,1.488511e-06,0.811062252153,0.811060763642,7.34574e-07,0.813820344366,0.813819609792,2.295134e-06,0.804512293212,0.804509998078,1.319968e-06,0.811956049038,0.81195472907,8.4342e-08,0.093337105855,0.093337021513,1.893914e-06,0.768337921407,0.768336027493,9.2797e-08,0.867190540729,0.867190447932,9.16282e-07,0.826807618602,0.82680670232,0.014736733699,0.815729231212,0.800992497513,,,,,,,,,,,,,,,,,,,,,
12,5,False,PP_ELIM,8,Ralph Macchio|Chelsea Kane|Kirstie Alley|Hines Ward|Chris Jericho|Petra Nemcova|Romeo|Kendra Wilkinson,True,100,5.41887516e-08,0.0002731113081529,0.837905564675,0.148968047075,0.134990736828,0.144316953742,0.133506769632,0.135445279726,0.019398886184,0.134673233833,0.148700092981,,,,,,,,,7.694539e-05,0.842946909408,0.842869964018,3.80883e-07,0.85821552685,0.858215145967,5.971012e-06,0.887614826917,0.887608855905,6.36717e-07,0.877674284366,0.877673647649,1.77764e-07,0.862331603185,0.862331425421,2.9816e-08,0.116528780077,0.116528750261,1.90083e-07,0.895399549566,0.895399359483,0.00016380534,0.884583702899,0.884419897559,,,,,,,,,,,,,,,,,,,,,,,,
12,6,False,PP_ELIM,7,Ralph Macchio|Chelsea Kane|Kirstie Alley|Hines Ward|Chris Jericho|Romeo|Kendra Wilkinson,True,80,2.3156955587e-06,0.0016673008022505,1.030583009127,0.16952175022,0.157972241809,0.162342563737,0.15987710866,0.027146035144,0.157777389658,0.165362910772,,,,,,,,,,3.344787e-06,0.907793183031,0.907789838244,2.09887e-07,0.921510587307,0.92151037742,2.1086e-07,0.892924983835,0.892924772975,6.59802e-07,0.91247668575,0.912476025948,4.5997e-08,0.147968811225,0.147968765228,7.1689e-08,0.927687594039,0.92768752235,4.97908e-07,0.941176328924,0.941175831016,,,,,,,,,,,,,,,,,,,,,,,,,,,
12,7,False,PP_ELIM,6,Ralph Macchio|Chelsea Kane|Kirstie Alley|Hines Ward|Romeo|Kendra Wilkinson,True,51,0.0006664096680524,0.0799691601662918,0.962195091129,0.18756420513,0.191945661239,0.201842434281,0.188160677607,0.201373318162,0.029113703581,,,,,,,,,,,8.49627e-06,0.928372311794,0.928363815524,1.012754e-05,0.934291120645,0.934280993105,0.002888236349,0.961815801353,0.958927565004,5.122697e-06,0.940373226585,0.940368103888,0.002823725426,0.955135740331,0.952312014905,1.29e-10,0.1579430025,0.157943002371,,,,,,,,,,,,,,,,,,,,,,,,,,,,,,
12,8,False,PP_ELIM,5,Ralph Macchio|Chelsea Kane|Kirstie Alley|Hines Ward|Romeo,True,42,0.0056139763688929,0.1347354328534293,1.176346913385,0.262419335453,0.229116963372,0.235728090127,0.232515691798,0.04021991925,,,,,,,,,,,,0.02315029267,0.984210305644,0.961060012974,4.39939e-06,0.94293053127,0.94292613188,4.186021e-06,0.948059608527,0.948055422506,9.288589e-06,0.960352860729,0.96034357214,1.39606e-07,0.188350537056,0.18835039745,,,,,,,,,,,,,,,,,,,,,,,,,,,,,,,,,
12,9,False,PP_ELIM,4,Ralph Macchio|Chelsea Kane|Kirstie Alley|Hines Ward,True,31,0.0496541447918843,0.2979248687513056,1.146821604719,0.079181461538,0.284765151833,0.327179665688,0.308873720941,,,,,,,,,,,,,2.47549e-07,0.291735755373,0.291735507824,2.86829e-07,0.990238365494,0.990238078665,8.573601e-06,0.994185244139,0.994176670538,4.75406e-07,0.991163873947,0.991163398541,,,,,,,,,,,,,,,,,,,,,,,,,,,,,,,,,,,,
12,10,True,PP_FINAL,3,Chelsea Kane|Kirstie Alley|Hines Ward,True,12,0.0755137069410062,0.1510274138820124,0.432586797805,0.109028916781,0.291601332921,0.599369750298,,,,,,,,,,,,,,6.68984e-07,0.326832588241,0.326831919257,0.019651498725,0.509299275057,0.489647776332,0.327191286822,0.980097557931,0.652906271109,,,,,,,,,,,,,,,,,,,,,,,,,,,,,,,,,,,,,,,
13,1,False,PP_ELIM,12,Elisabetta Canalis|David Arquette|Ricki Lake|J.R. Martinez|Metta World Peace (Ron)|Hope Solo|Chynna Phillips|Kristin Cavallari|Carson Kressley|Chaz Bono|Nancy Grace|Rob Kardashian,True,135,2.11e-14,8.430333269e-07,0.729016797317,0.095949502967,0.088837827676,0.087336794168,0.086898938007,0.013212401551,0.086934250405,0.086698252946,0.087841266442,0.090567050871,0.090412644734,0.092615478872,0.092695591361,,,,,3.906177e-06,0.676591662899,0.676587756722,1.06831e-07,0.732931674779,0.732931567948,1.31482e-07,0.662752986004,0.662752854522,2.19413e-07,0.750357265355,0.750357045942,9.2876e-08,0.075493738631,0.075493645755,3.8554e-08,0.7392013296,0.739201291046,6.78787e-07,0.769607431806,0.769606753019,8.8805e-08,0.724117967213,0.724117878408,4.9831e-08,0.688746385933,0.688746336102,9.93045e-07,0.703071561738,0.703070568693,1.24908e-07,0.717615454861,0.717615329953,2.31139e-07,0.678234038487,0.678233807348,,,,,,,,,,,,
13,2,False,PP_ELIM,11,Elisabetta Canalis|David Arquette|Ricki Lake|J.R. Martinez|Hope Solo|Chynna Phillips|Kristin Cavallari|Carson Kressley|Chaz Bono|Nancy Grace|Rob Kardashian,True,125,4.654e-13,1.6887757855e-06,0.732471691332,0.008286856988,0.108517424717,0.089619660757,0.091385668978,0.103864406094,0.095120240495,0.091433427273,0.108348481606,0.11343793823,0.095225497343,0.094760397519,,,,,,8.693e-09,0.060553424986,0.060553416293,0.013540020442,0.69361051008,0.680070489638,5.267964e-06,0.655477016177,0.655471748213,3.40553e-07,0.685915204955,0.685914864402,0.009048718396,0.683809532453,0.674760814057,0.0001214621,0.646569465806,0.646448003706,1.1818e-08,0.606306864002,0.606306852184,0.013611755951,0.695877944078,0.682266188127,0.01810309036,0.642296697051,0.624193606691,0.000101287485,0.673904626692,0.673803339207,0.000264645249,0.648198905958,0.647934260709,,,,,,,,,,,,,,,
13,3,False,PP_ELIM,10,David Arquette|Ricki Lake|J.R. Martinez|Hope Solo|Chynna Phillips|Kristin Cavallari|Carson Kressley|Chaz Bono|Nancy Grace|Rob Kardashian,True,114,2.8386e-11,1.03007005013e-05,0.710417280461,0.107648545343,0.099892363959,0.101620003353,0.107249362584,0.101636485021,0.010466914292,0.111499670628,0.132590238607,0.119848451104,0.107547965109,,,,,,,6.4239583e-05,0.729409216023,0.72934497644,4.460879e-06,0.776333320038,0.776328859159,3.25188e-07,0.781717607916,0.781717282728,0.000179485142,0.765470740373,0.765291255231,1.85883e-06,0.69988560006,0.69988374123,4.487e-09,0.073007692815,0.073007688328,0.004381778645,0.762416589005,0.75803481036,0.025411511097,0.775160091562,0.749748580465,0.012689133831,0.687198864491,0.67450973066,2.2974645e-05,0.786321239782,0.786298265137,,,,,,,,,,,,,,,,,,
13,4,False,PP_ELIM,9,David Arquette|Ricki Lake|J.R. Martinez|Hope Solo|Chynna Phillips|Carson Kressley|Chaz Bono|Nancy Grace|Rob Kardashian,True,109,1.2176745e-09,4.90966359199e-05,0.737556728116,0.12161214197,0.114423530125,0.115853871382,0.119421900184,0.015874955974,0.134042647669,0.12937345716,0.129619924968,0.119777570567,,,,,,,,9.16356e-07,0.829327987385,0.829327071029,1.10354e-07,0.823529563089,0.823529452735,7.2082e-08,0.824820558618,0.824820486536,4.6277e-08,0.777684722053,0.777684675776,1.45823e-07,0.106735644883,0.10673549906,0.004902776069,0.799496087804,0.794593311735,0.000103666718,0.802720452741,0.802616786023,3.9648443e-05,0.785307592769,0.785267944326,1.1219e-08,0.820945164649,0.82094515343,,,,,,,,,,,,,,,,,,,,,
13,5,False,PP_ELIM,8,David Arquette|Ricki Lake|J.R. Martinez|Hope Solo|Carson Kressley|Chaz Bono|Nancy Grace|Rob Kardashian,True,77,1.558749028e-07,0.0007856095103092,1.135645938884,0.13693349354,0.13840726376,0.134165024589,0.138504336158,0.02389044087,0.14754716077,0.143746379121,0.136805901192,,,,,,,,,3.25558e-07,0.862680568681,0.862680243123,8.2293e-08,0.863985320009,0.863985237716,3.47007e-07,0.873814671455,0.873814324448,4.47054e-07,0.860289082614,0.86028863556,5.814e-08,0.125077814336,0.125077756196,4.485896e-06,0.864097638983,0.864093153087,9.50758e-07,0.889193081819,0.889192131061,1.804586e-06,0.855797080429,0.855795275843,,,,,,,,,,,,,,,,,,,,,,,,
13,6,False,PP_ELIM,7,David Arquette|Ricki Lake|J.R. Martinez|Hope Solo|Chaz Bono|Nancy Grace|Rob Kardashian,True,82,2.4010889323e-06,0.0017287840312891,0.953257158352,0.162547928483,0.152614580433,0.153085190593,0.17512973563,0.030171411659,0.160165521997,0.166285631205,,,,,,,,,,4.21616e-07,0.92268508877,0.922684667154,5.81047e-07,0.887856701805,0.887856120758,2.53469e-07,0.918796538189,0.91879628472,2.185774e-06,0.919806391188,0.919804205414,8.8687e-08,0.154941452796,0.154941364109,2.67926e-07,0.917450534541,0.917450266615,3.425943e-06,0.894251610446,0.894248184503,,,,,,,,,,,,,,,,,,,,,,,,,,,
13,7,False,PP_ELIM,6,David Arquette|Ricki Lake|J.R. Martinez|Hope Solo|Nancy Grace|Rob Kardashian,True,54,0.000773849936477,0.0928619923772353,1.09350635962,0.029598492214,0.184084564144,0.196888747675,0.190554303398,0.20999397801,0.188879914559,,,,,,,,,,,3.00449e-07,0.161656874356,0.161656573907,3.530423e-06,0.924435799949,0.924432269526,5.651023e-06,0.916311963517,0.916306312494,6.04298e-07,0.93913743495,0.939136830652,0.010451969121,0.9538530898,0.943401120679,2.69205e-07,0.944692984882,0.944692715677,,,,,,,,,,,,,,,,,,,,,,,,,,,,,,
13,8,False,PP_ELIM,5,Ricki Lake|J.R. Martinez|Hope Solo|Nancy Grace|Rob Kardashian,True,54,0.0080038354378789,0.1920920505090929,1.038813719517,0.240537042448,0.226149464851,0.240552594015,0.050051492143,0.242709406543,,,,,,,,,,,,1.072685e-06,0.983444873054,0.983443800369,1.00577e-07,0.964449169424,0.964449068847,1.165806e-06,0.974009802608,0.974008636802,2.42182e-07,0.22448743886,0.224487196678,2.618935e-06,0.98132853424,0.981325915305,,,,,,,,,,,,,,,,,,,,,,,,,,,,,,,,,
13,9,False,PP_ELIM,4,Ricki Lake|J.R. Martinez|Hope Solo|Rob Kardashian,True,38,0.0509065424206434,0.3054392545238603,1.189725983813,0.296719640561,0.324298339008,0.078072111639,0.300909908791,,,,,,,,,,,,,1.403367e-06,0.995725090943,0.995723687576,1.32556e-07,0.992915519268,0.992915386712,6.27888e-07,0.289955546265,0.289954918377,2.50151e-07,0.992930845478,0.992930595327,,,,,,,,,,,,,,,,,,,,,,,,,,,,,,,,,,,,
13,10,True,PP_FINAL,3,Ricki Lake|J.R. Martinez|Rob Kardashian,True,11,0.0810348255471304,0.1620696510942608,0.726176710524,0.111708999239,0.612604837052,0.275686163709,,,,,,,,,,,,,,2.53053e-07,0.335164399977,0.335164146924,0.333507010108,0.999308358344,0.665801348236,0.000138587713,0.498580558915,0.498441971202,,,,,,,,,,,,,,,,,,,,,,,,,,,,,,,,,,,,,,,
14,2,False,PP_ELIM,12,William Levy|Jack Wagner|Sherri Sheperd|Jaleel White|Roshon Fegan|Melissa Gilbert|Martina Navratilova|Donald Driver|Gavin DeGraw|Gladys Knight|Katherine Jenkins|Maria Menounos,True,138,2.49e-14,9.943542921e-07,0.726397357293,0.087700320597,0.091003726329,0.088608734643,0.089678601192,0.087248173074,0.092860077314,0.014137307433,0.087885654239,0.091071963619,0.09480827335,0.087445334427,0.087551833783,,,,,4.0438e-08,0.721085660208,0.72108561977,3.2905e-08,0.691119009316,0.691118976411,1.2381e-08,0.713726788086,0.713726775705,9.43021e-07,0.763340929229,0.763339986208,5.5495e-08,0.694702032793,0.694701977298,1.74114e-07,0.724167603073,0.724167428959,3.024e-08,0.074906117278,0.074906087038,7.9138e-08,0.754443678459,0.754443599321,8.56254e-07,0.752597912249,0.752597055995,1.15945e-07,0.747374611676,0.747374495731,2.0627e-08,0.687360749846,0.687360729219,3.5876e-08,0.776019496842,0.776019460966,,,,,,,,,,,,
14,3,False,PP_ELIM,11,William Levy|Jack Wagner|Sherri Sheperd|Jaleel White|Roshon Fegan|Melissa Gilbert|Donald Driver|Gavin DeGraw|Gladys Knight|Katherine Jenkins|Maria Menounos,True,118,1.3942e-12,5.0594470259e-06,0.822336813529,0.094595878349,0.009874146555,0.102916169756,0.099378961746,0.099306482198,0.102507991199,0.097143309179,0.102257648183,0.102816630132,0.093609491008,0.095593291695,,,,,,1.72373e-07,0.746782341732,0.746782169359,5.5543e-08,0.064952244055,0.064952188512,5.1277223e-05,0.720735178482,0.720683901259,3.964129e-06,0.687368742301,0.687364778172,3.340906e-06,0.70584293984,0.705839598934,5.4984049e-05,0.720833260989,0.72077827694,6.5639e-08,0.679226880378,0.679226814739,0.000197669189,0.705795289997,0.705597620808,0.000142677865,0.731627918152,0.731485240287,2.281264e-06,0.745995123268,0.745992842004,1.377938e-06,0.718830262927,0.718828884989,,,,,,,,,,,,,,,
14,4,False,PP_ELIM,10,William Levy|Sherri Sheperd|Jaleel White|Roshon Fegan|Melissa Gilbert|Donald Driver|Gavin DeGraw|Gladys Knight|Katherine Jenkins|Maria Menounos,True,121,3.80534e-11,1.38088019345e-05,0.863768310356,0.111969058034,0.013241221557,0.112266777697,0.10457286877,0.112617200556,0.10387824017,0.109361952335,0.120602299903,0.106930458949,0.104559922031,,,,,,,5.83613e-07,0.767995408966,0.767994825353,1.42491e-07,0.084243755743,0.084243613252,3.148789e-06,0.795206863553,0.795203714764,1.11878e-07,0.810916094527,0.810915982649,8.0821e-07,0.776281399612,0.776280591402,3.48655e-07,0.778758527737,0.778758179082,2.856884e-06,0.755976670742,0.755973813858,0.004562772225,0.788161513046,0.783598740821,1.01374e-07,0.788862779646,0.788862678272,1.48404e-07,0.805369207444,0.80536905904,,,,,,,,,,,,,,,,,,
14,5,False,PP_ELIM,9,William Levy|Jaleel White|Roshon Fegan|Melissa Gilbert|Donald Driver|Gavin DeGraw|Gladys Knight|Katherine Jenkins|Maria Menounos,True,118,1.929776e-09,7.78085691388e-05,0.804138342527,0.118228814875,0.123323335295,0.12051958265,0.131298568879,0.119130403249,0.021752767186,0.128028001721,0.118029520049,0.119689006095,,,,,,,,1.06674e-07,0.829600194583,0.829600087909,4.13437e-07,0.838991010459,0.838990597022,2.90544e-07,0.896629359883,0.896629069339,1.244852e-06,0.792948131748,0.792946886896,2.6689e-08,0.777670415494,0.777670388805,3.96542e-07,0.115630157766,0.115629761224,1.137511e-06,0.852899818848,0.852898681337,1.43213e-07,0.81411625692,0.814116113707,3.26255e-07,0.798271325246,0.798270998991,,,,,,,,,,,,,,,,,,,,,
14,6,False,PP_ELIM,8,William Levy|Jaleel White|Roshon Fegan|Melissa Gilbert|Donald Driver|Gladys Knight|Katherine Jenkins|Maria Menounos,True,93,1.096020456e-07,0.0005523943096527,0.965964756041,0.135136507675,0.135038274026,0.146728593699,0.142564081906,0.136814943723,0.027063563321,0.133830710884,0.142823324766,,,,,,,,,7.6849e-08,0.895867175371,0.895867098522,1.35e-07,0.894208447911,0.894208312911,6.45679e-07,0.917391487792,0.917390842113,3.9125e-07,0.854933509817,0.854933118567,5.80652e-07,0.859607000119,0.859606419467,2.0145e-08,0.134756351568,0.134756331423,1.88021e-07,0.829837362692,0.829837174671,6.03689e-07,0.856913250431,0.856912646742,,,,,,,,,,,,,,,,,,,,,,,,
14,7,False,PP_ELIM,7,William Levy|Jaleel White|Roshon Fegan|Melissa Gilbert|Donald Driver|Katherine Jenkins|Maria Menounos,True,82,1.460712977e-06,0.0010517133434055,0.868457131164,0.161520000241,0.021546094466,0.164218234518,0.177586690959,0.161321846315,0.159409143726,0.154397989774,,,,,,,,,,3.415394e-06,0.908966235001,0.908962819607,5.1677e-08,0.126672046982,0.126671995305,2.91097e-07,0.876604049916,0.876603758819,0.011160720052,0.917330157708,0.906169437656,1.105976e-06,0.887494482468,0.887493376492,3.525988e-06,0.92333952611,0.923336000122,5.45295e-07,0.910561236234,0.910560690939,,,,,,,,,,,,,,,,,,,,,,,,,,,
14,8,False,PP_MULTI,6,William Levy|Roshon Fegan|Melissa Gilbert|Donald Driver|Katherine Jenkins|Maria Menounos,True,80,0.0002775272748413,0.0333032729809523,0.95492197342,0.221184248319,0.042508044738,0.048548598057,0.227631402547,0.227129873283,0.232997833056,,,,,,,,,,,3.0932484e-05,0.94729249953,0.947261567046,2.36091e-07,0.184470032374,0.184469796283,8.3256e-08,0.194974017623,0.194973934367,0.004396219318,0.941985525763,0.937589306445,0.003845118649,0.925276389722,0.921431271073,0.010180341506,0.910242163333,0.900061821827,,,,,,,,,,,,,,,,,,,,,,,,,,,,,,
14,9,False,PP_ELIM,4,William Levy|Donald Driver|Katherine Jenkins|Maria Menounos,True,30,0.030685971948313,0.1841158316898782,1.14763844963,0.308775921545,0.313071486241,0.317283149204,0.060869443009,,,,,,,,,,,,,0.004794623875,0.968081666654,0.963287042779,0.009062756164,0.966748312754,0.95768555659,0.013325706594,0.975562722469,0.962237015875,1.0047e-08,0.240524007722,0.240523997675,,,,,,,,,,,,,,,,,,,,,,,,,,,,,,,,,,,,
14,10,True,PP_FINAL,3,William Levy|Donald Driver|Katherine Jenkins,True,12,0.0796321845556341,0.1592643691112682,0.695348578593,0.111363230713,0.613494814726,0.275141954561,,,,,,,,,,,,,,9.9904e-07,0.334344552053,0.334343553013,0.334799719598,0.999607080884,0.664807361286,5.1528357e-05,0.497714054728,0.497662526371,,,,,,,,,,,,,,,,,,,,,,,,,,,,,,,,,,,,,,,
15,1,False,PP_ELIM,13,Gilles Marini|Sabrina Bryan|Kirstie Alley|Kelly Monaco|Apolo Anton Ohno|Emmitt Smith|Shawn Johnson|Pamela Anderson|Helio Castroneves|Joey Fatone|Drew Lachey|Bristol Palin|Melissa Rycroft,True,139,3e-16,1.298840847e-07,0.72344440368,0.080816211748,0.081119014663,0.086090938505,0.081879354688,0.08157341606,0.080753702629,0.081600096387,0.011456706464,0.082039362348,0.08304515613,0.082099343319,0.085023015784,0.082503681274,,,,3.7566e-07,0.740679433852,0.740679058192,4.78958e-07,0.656917883704,0.656917404746,5.61198e-07,0.689694290714,0.689693729516,4.4229e-08,0.691832347548,0.691832303319,1.77218e-07,0.662130491074,0.662130313856,1.12229e-07,0.648578264742,0.648578152513,3.6607e-08,0.673275700884,0.673275664277,2.3314e-08,0.069619945836,0.069619922522,1.03229e-07,0.777144157316,0.777144054087,1.04736e-07,0.670750480467,0.670750375731,6.0445e-08,0.669026081664,0.669026021219,2.4241e-07,0.692244592554,0.692244350144,3.7174e-08,0.676125860822,0.676125823648,,,,,,,,,
15,2,False,PP_ELIM,12,Gilles Marini|Sabrina Bryan|Kirstie Alley|Kelly Monaco|Apolo Anton Ohno|Emmitt Smith|Shawn Johnson|Helio Castroneves|Joey Fatone|Drew Lachey|Bristol Palin|Melissa Rycroft,True,139,2.04e-14,8.143133686e-07,0.692336310536,0.084616538115,0.084032894092,0.096236989555,0.092467216557,0.085802913544,0.090272059472,0.084841188061,0.088988262955,0.007953880606,0.090474034529,0.106975272373,0.08733875014,,,,,5.2893e-08,0.652925259843,0.65292520695,3.52718e-07,0.684782138005,0.684781785287,0.00556897691,0.697492861516,0.691923884606,0.001948490473,0.645377184117,0.643428693644,4.8218e-07,0.673004163528,0.673003681348,8.4204791e-05,0.673520709436,0.673436504645,4.19111e-07,0.71977917275,0.719778753639,8.2168e-08,0.666831380307,0.666831298139,1.59107e-07,0.060915803128,0.060915644021,5.5268103e-05,0.662694730062,0.662639461959,0.016409758421,0.722728370093,0.706318611672,4.420676e-06,0.65765957895,0.657655158274,,,,,,,,,,,,
15,3,False,PP_MULTI,11,Gilles Marini|Sabrina Bryan|Kirstie Alley|Kelly Monaco|Apolo Anton Ohno|Emmitt Smith|Shawn Johnson|Helio Castroneves|Drew Lachey|Bristol Palin|Melissa Rycroft,True,128,5.025e-13,1.8234132305e-06,0.673409485763,0.107873723721,0.107486862753,0.113632135285,0.102335263249,0.107821743803,0.108905089472,0.104336666342,0.012190609872,0.014572548753,0.118134351173,0.102711005577,,,,,,0.000218360261,0.720532949058,0.720314588797,0.000291376097,0.692750400917,0.69245902482,0.005707789705,0.626503559837,0.620795770132,1.7819375e-05,0.700933556999,0.700915737624,0.000454008536,0.674958667593,0.674504659057,0.002137491932,0.697029728625,0.694892236693,4.470366e-05,0.67235911448,0.67231441082,3.20205e-07,0.065803329451,0.065803009246,6.51681e-07,0.076346616867,0.076345965186,0.011363114978,0.704896009567,0.693532894589,6.345787e-06,0.676769428848,0.676763083061,,,,,,,,,,,,,,,
15,4,False,PP_ELIM,9,Gilles Marini|Sabrina Bryan|Kirstie Alley|Kelly Monaco|Apolo Anton Ohno|Emmitt Smith|Shawn Johnson|Bristol Palin|Melissa Rycroft,True,115,1.8897824e-09,7.61960271751e-05,0.782921548762,0.11795245514,0.122766019968,0.137859065093,0.119861446259,0.124842217458,0.122025758604,0.117904563963,0.016230875902,0.120557597613,,,,,,,,4.92127e-07,0.818177807085,0.818177314958,1.049594e-06,0.852202959873,0.852201910279,0.006254906774,0.870906727404,0.86465182063,1.407629e-06,0.778960100926,0.778958693297,6.9388e-08,0.784090414075,0.784090344687,1.556295e-06,0.803686250683,0.803684694388,1.4536e-08,0.780426904153,0.780426889617,2.06726e-07,0.100826937204,0.100826730478,3.40779e-07,0.834701570255,0.834701229476,,,,,,,,,,,,,,,,,,,,,
15,6,False,PP_ELIM,8,Gilles Marini|Sabrina Bryan|Kirstie Alley|Kelly Monaco|Apolo Anton Ohno|Emmitt Smith|Shawn Johnson|Melissa Rycroft,True,85,3.82859515e-08,0.0001929611953266,0.745405947845,0.142759862986,0.014647268839,0.143270488536,0.144867132832,0.131853306786,0.147558614611,0.14114879713,0.13389452828,,,,,,,,,0.011284458794,0.74400708292,0.732722624126,6.2906e-08,0.096797736491,0.096797673585,0.011083021461,0.77654062083,0.765457599369,0.013492389652,0.778299657462,0.76480726781,0.000193872327,0.78085381007,0.780659937743,0.015854620057,0.81254266282,0.796688042763,0.00906835623,0.775345654046,0.766277297816,0.002422554054,0.794429437126,0.792006883072,,,,,,,,,,,,,,,,,,,,,,,,
15,8,False,PP_MULTI,7,Gilles Marini|Kirstie Alley|Kelly Monaco|Apolo Anton Ohno|Emmitt Smith|Shawn Johnson|Melissa Rycroft,True,77,7.41798087e-07,0.0005340946226693,0.85235040867,0.030078091069,0.038033086574,0.188919219628,0.184745540814,0.185563291112,0.191752587144,0.180908183658,,,,,,,,,,1.7082e-07,0.142669228226,0.142669057406,2.56492e-07,0.160223359461,0.160223102969,0.005277636512,0.855310647359,0.850033010847,0.000588683809,0.88987843109,0.889289747281,0.001702486309,0.870087412635,0.868384926326,0.008363161721,0.863105049126,0.854741887405,8.4854543e-05,0.870002862451,0.869918007908,,,,,,,,,,,,,,,,,,,,,,,,,,,
15,9,False,PP_MULTI,5,Kelly Monaco|Apolo Anton Ohno|Emmitt Smith|Shawn Johnson|Melissa Rycroft,True,57,0.002781036071607,0.0667448657185691,0.972469401102,0.299516495369,0.063845040044,0.068202656309,0.282139149061,0.286296659217,,,,,,,,,,,,0.011629282946,0.96214500887,0.950515725924,1.09555e-06,0.242866038533,0.242864942983,9.4681e-08,0.247715216379,0.247715121698,0.000138016613,0.956039459514,0.955901442901,0.000275133015,0.973488245245,0.97321311223,,,,,,,,,,,,,,,,,,,,,,,,,,,,,,,,,
15,10,True,PP_FINAL,3,Kelly Monaco|Shawn Johnson|Melissa Rycroft,True,13,0.0777075803280597,0.1554151606561194,0.447276229425,0.111065145028,0.279904825918,0.609030029054,,,,,,,,,,,,,,5.61839e-07,0.333111800913,0.333111239074,0.002382083019,0.501533144035,0.499151061016,0.331326899229,0.997276701161,0.665949801932,,,,,,,,,,,,,,,,,,,,,,,,,,,,,,,,,,,,,,,
16,2,False,PP_ELIM,12,Ingo Rademacher|Zendaya|Dorothy Hamill|Victor Ortiz|Alexandra Raisman|Jacoby Jones|D. L. Hughley|Andy Dick|Wynonna Judd|Kellie Pickler|Lisa Vanderpump|Sean Lowe,True,146,2e-14,7.970123364e-07,0.656080824198,0.088730282734,0.086835024431,0.014015118803,0.091710747359,0.086945434978,0.087125356373,0.096931873887,0.088482666877,0.091877555147,0.086719058091,0.091755622114,0.088871259205,,,,,5.9049e-07,0.748017007782,0.748016417292,4.31711e-07,0.686814407533,0.686813975822,1.07748e-07,0.079859230034,0.079859122286,3.73112e-07,0.726147807783,0.726147434671,3.6881e-08,0.699578943351,0.69957890647,4.97e-08,0.692205304619,0.692205254919,2.202003e-06,0.686186923006,0.686184721003,7.9006e-08,0.723702584638,0.723702505632,2.8655e-08,0.751617269992,0.751617241337,1.057295e-06,0.703477104288,0.703476046993,8.30796e-07,0.708850507076,0.70884967628,1.05009e-07,0.705244288638,0.705244183629,,,,,,,,,,,,
16,3,False,PP_ELIM,11,Ingo Rademacher|Zendaya|Victor Ortiz|Alexandra Raisman|Jacoby Jones|D. L. Hughley|Andy Dick|Wynonna Judd|Kellie Pickler|Lisa Vanderpump|Sean Lowe,True,133,1.2331e-12,4.4745099732e-06,0.780874576686,0.09779471299,0.09509433233,0.096205386769,0.09600285164,0.095058296485,0.108909664755,0.102789449121,0.017890160615,0.095225917359,0.097482279505,0.097546948432,,,,,,1.33054e-07,0.77330506208,0.773304929026,2.18248e-07,0.769279633631,0.769279415383,4.562e-08,0.750336305535,0.750336259915,3.20727e-07,0.759427459401,0.759427138674,2.07693e-07,0.780567153243,0.78056694555,2.88284e-07,0.790974601944,0.79097431366,2.92721e-07,0.73992750412,0.739927211399,4.5906e-08,0.099017078729,0.099017032823,1.2034e-07,0.780585319885,0.780585199545,3.0931e-08,0.815722652953,0.815722622022,1.0534e-08,0.768608899516,0.768608888982,,,,,,,,,,,,,,,
16,4,False,PP_ELIM,10,Ingo Rademacher|Zendaya|Victor Ortiz|Alexandra Raisman|Jacoby Jones|D. L. Hughley|Andy Dick|Kellie Pickler|Lisa Vanderpump|Sean Lowe,True,96,7.35718e-11,2.66977457872e-05,0.879182993131,0.107212234327,0.104817902541,0.120873164558,0.104535607667,0.106133171779,0.110604371966,0.110846044236,0.104852791071,0.016759996844,0.11336471501,,,,,,,1.64424e-07,0.773039401207,0.773039236783,4.40965e-07,0.75963422602,0.759633785055,0.000122803661,0.845336951848,0.845214148187,7.13811e-07,0.81397437066,0.813973656849,3.29207e-07,0.793513589138,0.793513259931,1.0222e-08,0.819519045635,0.819519035413,1.33064e-07,0.794222982789,0.794222849725,7.5674e-07,0.75672248092,0.75672172418,5.4129e-08,0.099013962657,0.099013908528,6.52796e-07,0.832226320402,0.832225667606,,,,,,,,,,,,,,,,,,
16,5,False,PP_ELIM,9,Ingo Rademacher|Zendaya|Victor Ortiz|Alexandra Raisman|Jacoby Jones|D. L. Hughley|Andy Dick|Kellie Pickler|Sean Lowe,True,120,1.3900918e-09,5.60485001851e-05,0.761109648518,0.125612402927,0.116365205555,0.125920517751,0.118655970835,0.11798680942,0.021158010875,0.137290941812,0.117253149081,0.119756991744,,,,,,,,1.291712e-06,0.819965548554,0.819964256842,3.05357e-07,0.821635046821,0.821634741464,4.79394e-07,0.809222047598,0.809221568204,2.52561e-07,0.827809816869,0.827809564308,3.53034e-07,0.847775689648,0.847775336614,5.6026e-08,0.113306621259,0.113306565233,0.000104689332,0.812304548165,0.812199858833,2.3532e-08,0.830998622854,0.830998599322,2.14728e-07,0.877758106299,0.877757891571,,,,,,,,,,,,,,,,,,,,,
16,6,False,PP_ELIM,8,Ingo Rademacher|Zendaya|Victor Ortiz|Alexandra Raisman|Jacoby Jones|Andy Dick|Kellie Pickler|Sean Lowe,True,104,7.85523716e-08,0.0003959039526296,0.862905855173,0.141525795345,0.135833889671,0.021881230591,0.135359247289,0.142895990376,0.146835712686,0.134045544387,0.141622589655,,,,,,,,,1.4998e-08,0.855992273955,0.855992258957,1.82906e-07,0.890698040007,0.890697857101,1.33996e-07,0.121605655137,0.121605521141,1.61378e-06,0.866042566833,0.866040953053,2.52672e-07,0.896682119249,0.896681866577,9.40704e-07,0.85762927898,0.857628338276,6.34749e-07,0.860288364706,0.860287729957,1.74508e-07,0.894031138127,0.894030963619,,,,,,,,,,,,,,,,,,,,,,,,
16,7,False,PP_ELIM,7,Ingo Rademacher|Zendaya|Alexandra Raisman|Jacoby Jones|Andy Dick|Kellie Pickler|Sean Lowe,True,90,2.7338963527e-06,0.0019684053739427,0.959803910261,0.163722336494,0.156838882639,0.155655289263,0.160178906308,0.039637014038,0.157604689324,0.166362881935,,,,,,,,,,1.1669e-07,0.903155052947,0.903154936257,4.521e-09,0.905637520084,0.905637515563,4.41349e-07,0.929661930048,0.929661488699,4.01249e-07,0.918153873474,0.918153472225,1.1702e-08,0.175209721111,0.175209709409,1.25717e-06,0.920991851222,0.920990594052,4.05272e-07,0.883492263777,0.883491858505,,,,,,,,,,,,,,,,,,,,,,,,,,,
16,8,False,PP_ELIM,6,Ingo Rademacher|Zendaya|Alexandra Raisman|Jacoby Jones|Kellie Pickler|Sean Lowe,True,55,0.0010960109870721,0.1315213184486514,1.131013728728,0.202008433415,0.18668877219,0.188407249066,0.194605572635,0.18954122751,0.038748745184,,,,,,,,,,,2.981808e-06,0.938814060189,0.938811078381,6.79731e-07,0.954219127052,0.954218447321,1.63778e-07,0.955812341305,0.955812177527,1.5033e-07,0.957169857469,0.957169707139,2.47251e-07,0.954346280014,0.954346032763,1.88628e-07,0.189720182122,0.189719993494,,,,,,,,,,,,,,,,,,,,,,,,,,,,,,
16,9,False,PP_ELIM,5,Ingo Rademacher|Zendaya|Alexandra Raisman|Jacoby Jones|Kellie Pickler,True,50,0.0075782419128116,0.1818778059074781,1.100620764273,0.04583558454,0.244959204046,0.235958074863,0.235359716374,0.237887420176,,,,,,,,,,,,9.3308e-08,0.211831962316,0.211831869008,5.715554e-06,0.971640307699,0.971634592145,1.6663e-06,0.983176311089,0.983174644789,1.930281e-06,0.96478546455,0.964783534269,6.1423e-07,0.979944180169,0.979943565939,,,,,,,,,,,,,,,,,,,,,,,,,,,,,,,,,
16,10,True,PP_FINAL,4,Zendaya|Alexandra Raisman|Jacoby Jones|Kellie Pickler,True,29,0.0059310208501359,0.0355861251008152,0.404846092037,0.264368104611,0.06298018412,0.155495289261,0.517156422008,,,,,,,,,,,,,0.000957743752,0.485491308495,0.484533564743,1.520565e-06,0.244310973777,0.244309453212,0.008667641707,0.339548823026,0.330881181319,0.250666663281,0.980472567247,0.729805903966,,,,,,,,,,,,,,,,,,,,,,,,,,,,,,,,,,,,
17,2,False,PP_ELIM,12,"Valerie Harper|Brant Daugherty|Elizabeth Berkley Lauren|Leah Remini|Corbin Bleu|Amber Riley|Keyshawn Johnson|Bill Engvall|Christina Milian|Nicole ""Snooki"" Polizzi|Jack Osbourne|Bill Nye",True,130,2.62e-14,1.0450197867e-06,0.763891334632,0.095085367575,0.087672773103,0.08665166247,0.086940558558,0.08619119108,0.086962654624,0.012530003481,0.090303001557,0.086480833545,0.092496420479,0.086816588117,0.101868945413,,,,,1.469156e-06,0.756829415635,0.756827946479,1.394563e-06,0.692169116486,0.692167721923,1.63548e-07,0.682036132005,0.682035968457,4.40017e-07,0.691756930049,0.691756490032,7.7615e-08,0.708839765013,0.708839687398,1.53893e-07,0.712779256821,0.712779102928,2.5452e-08,0.077189526499,0.077189501047,7.88754e-07,0.680526232478,0.680525443724,7.5356e-08,0.681480793548,0.681480718192,3.57599e-07,0.710175906566,0.710175548967,1.67871e-07,0.749935987092,0.749935819221,0.003826912359,0.696009662413,0.692182750054,,,,,,,,,,,,
17,3,False,PP_ELIM,11,"Valerie Harper|Brant Daugherty|Elizabeth Berkley Lauren|Leah Remini|Corbin Bleu|Amber Riley|Bill Engvall|Christina Milian|Nicole ""Snooki"" Polizzi|Jack Osbourne|Bill Nye",True,124,2.079e-12,7.5443404475e-06,0.749181418135,0.114231730458,0.095282277908,0.095850902003,0.096506535927,0.095546163047,0.096796556568,0.096635600267,0.095611732442,0.095695656584,0.098757958704,0.019084886092,,,,,,0.000122686922,0.744417437409,0.744294750487,6.58207e-07,0.755675482171,0.755674823964,7.5795e-08,0.76873468777,0.768734611975,9.3132e-08,0.742182964835,0.742182871703,2.3146e-08,0.838664738821,0.838664715675,1.55069e-07,0.735717075301,0.735716920232,1.6314e-07,0.709734301339,0.709734138199,2.4966e-08,0.7675386469,0.767538621934,1.84512e-07,0.750813816495,0.750813631983,1.03918e-07,0.740626647611,0.740626543693,6.2379e-08,0.092234562098,0.092234499719,,,,,,,,,,,,,,,
17,4,False,PP_ELIM,10,"Valerie Harper|Brant Daugherty|Elizabeth Berkley Lauren|Leah Remini|Corbin Bleu|Amber Riley|Bill Engvall|Christina Milian|Nicole ""Snooki"" Polizzi|Jack Osbourne",True,129,4.7743e-11,1.73249802396e-05,0.768024081444,0.018695190016,0.114046702055,0.106265329603,0.108775067515,0.106250616675,0.10644169171,0.114003070189,0.10858965478,0.108474706026,0.108457971432,,,,,,,3.7164e-08,0.098636536577,0.098636499413,2.1511e-08,0.801656126597,0.801656105086,1.19327e-07,0.810256886158,0.810256766831,4.83817e-07,0.823309085835,0.823308602018,1.0211e-08,0.792593216272,0.792593206061,7.2536e-08,0.80171577274,0.801715700204,1.738751e-06,0.793490125122,0.793488386371,3.40648e-07,0.863677586735,0.863677246087,8.52e-09,0.829337158124,0.829337149604,2.9922e-08,0.793206203189,0.793206173267,,,,,,,,,,,,,,,,,,
17,5,False,PP_ELIM,9,"Brant Daugherty|Elizabeth Berkley Lauren|Leah Remini|Corbin Bleu|Amber Riley|Bill Engvall|Christina Milian|Nicole ""Snooki"" Polizzi|Jack Osbourne",True,94,1.0721355e-09,4.32285032379e-05,0.73505437587,0.119050788103,0.122767279936,0.14014202886,0.11422498955,0.123070348288,0.131732968414,0.011469408711,0.118795990483,0.118746197656,,,,,,,,0.004361430195,0.693775720678,0.689414290483,0.008591260793,0.707936179823,0.69934491903,0.025699565558,0.705934630289,0.680235064731,0.00025302462,0.744029537332,0.743776512712,0.008844458224,0.774396884235,0.765552426011,0.017134249037,0.736091552298,0.718957303261,4.52337e-07,0.082496229906,0.082495777569,0.004455423345,0.800621189899,0.796165766554,0.004326055653,0.738178216613,0.73385216096,,,,,,,,,,,,,,,,,,,,,
17,7,False,PP_ELIM,8,"Brant Daugherty|Elizabeth Berkley Lauren|Leah Remini|Corbin Bleu|Amber Riley|Bill Engvall|Nicole ""Snooki"" Polizzi|Jack Osbourne",True,93,7.13818113e-08,0.0003597643291667,0.878364763706,0.137396675661,0.143003518967,0.14508510831,0.13418250477,0.134625204649,0.151876048484,0.016638000093,0.137192939066,,,,,,,,,6.095366e-06,0.814477699197,0.814471603831,7.3885973e-05,0.822296194196,0.822222308223,0.002489140316,0.800777589645,0.798288449329,1.96647e-07,0.828309556058,0.828309359411,1.943336e-06,0.878447251008,0.878445307672,0.009103574737,0.823778282496,0.814674707759,1.2773e-08,0.110378897035,0.110378884262,1.772902e-06,0.836683407093,0.836681634191,,,,,,,,,,,,,,,,,,,,,,,,
17,8,False,PP_ELIM,7,Brant Daugherty|Elizabeth Berkley Lauren|Leah Remini|Corbin Bleu|Amber Riley|Bill Engvall|Jack Osbourne,True,71,2.3766390045e-06,0.0017111800832481,0.955200720537,0.021529576912,0.174948739127,0.159610448102,0.152414113269,0.159520582666,0.179714667283,0.152261872641,,,,,,,,,,1.5607e-08,0.125338648782,0.125338633175,0.010527400404,0.88733738393,0.876809983526,2.387115e-06,0.902445404724,0.902443017609,9.40983e-07,0.858647550921,0.858646609938,7.196915e-06,0.877374749233,0.877367552318,0.015803053637,0.884085016737,0.8682819631,8.55394e-07,0.890983439164,0.89098258377,,,,,,,,,,,,,,,,,,,,,,,,,,,
17,9,False,PP_ELIM,6,Elizabeth Berkley Lauren|Leah Remini|Corbin Bleu|Amber Riley|Bill Engvall|Jack Osbourne,True,68,0.0004784669242834,0.0574160309140052,0.980741936019,0.025946340547,0.187722310387,0.175666964433,0.197353729044,0.225751090732,0.187559564858,,,,,,,,,,,1.24658e-07,0.140936037122,0.140935912464,0.006426583725,0.859659644812,0.853233061087,1.404187e-06,0.886776688135,0.886775283948,0.016196489981,0.879015448321,0.86281895834,0.044560870826,0.907568586736,0.86300771591,0.006581082713,0.871956588615,0.865375505902,,,,,,,,,,,,,,,,,,,,,,,,,,,,,,
17,10,False,PP_ELIM,5,Leah Remini|Corbin Bleu|Amber Riley|Bill Engvall|Jack Osbourne,True,56,0.0071433734881882,0.171440963716516,1.098489860579,0.04493344367,0.229076567574,0.223247765408,0.265782820724,0.236959402623,,,,,,,,,,,,8.9355e-08,0.205162071342,0.205161981987,1.043483e-06,0.962824984079,0.962823940596,7.72618e-07,0.962421808784,0.962421036166,0.014399284558,0.975137639368,0.96073835481,1.097782e-06,0.94422841388,0.944227316098,,,,,,,,,,,,,,,,,,,,,,,,,,,,,,,,,
17,11,True,PP_FINAL,4,Corbin Bleu|Amber Riley|Bill Engvall|Jack Osbourne,True,34,0.0075411353333259,0.0452468119999552,0.739066173975,0.264697505012,0.523327367615,0.070129157047,0.141845970325,,,,,,,,,,,,,0.000596664536,0.499765090471,0.499168425935,0.229244142502,0.990334563011,0.761090420509,1.142245e-06,0.275846476061,0.275845333816,4.574687e-06,0.34559930754,0.345594732853,,,,,,,,,,,,,,,,,,,,,,,,,,,,,,,,,,,,
18,1,False,PP_ELIM,12,Billy Dee Williams|Danica McKellar|James Maslow|Candace Cameron Bure|Sean Avery|Diana Nyad|Charlie White|Amy Purdy|Meryl Davis|Drew Carey|Cody Simpson|NeNe Leakes,True,148,1.38e-14,5.515800419e-07,0.694597925237,0.109078468694,0.086296769595,0.089175393893,0.085901161225,0.09158423711,0.012194821633,0.085667852112,0.086417021363,0.086452789093,0.089527907638,0.088224331054,0.089479246589,,,,,0.011495935094,0.70934241263,0.697846477536,1.190291e-06,0.737191591824,0.737190401533,2.22844e-07,0.663275129429,0.663274906585,9.7496e-08,0.706674298421,0.706674200925,1.305206e-06,0.7232450404,0.723243735194,1.40554e-07,0.073199964399,0.073199823845,3.9148e-07,0.731244935629,0.731244544149,7.7786e-07,0.708924919513,0.708924141653,3.99826e-07,0.754023720117,0.754023320291,3.30934e-07,0.693846086094,0.69384575516,2.58862e-07,0.695688994593,0.695688735731,1.89463e-07,0.690189824967,0.690189635504,,,,,,,,,,,,
18,2,False,PP_MULTI,11,Billy Dee Williams|Danica McKellar|James Maslow|Candace Cameron Bure|Sean Avery|Charlie White|Amy Purdy|Meryl Davis|Drew Carey|Cody Simpson|NeNe Leakes,True,126,5.846e-13,2.1212207402e-06,0.71198897714,0.02402129896,0.103799910223,0.102073228575,0.113610441439,0.013275694573,0.101919816242,0.103663651361,0.101839504512,0.113022613787,0.109507957813,0.113265882513,,,,,,6.10919e-07,0.100335363742,0.100334752823,6.022479e-06,0.699006492677,0.699000470198,1.916557e-06,0.716616242507,0.71661432595,0.000205788079,0.749397153018,0.749191364939,2.2196e-08,0.094562538865,0.094562516669,7.90553e-07,0.746395284031,0.746394493478,5.30283e-07,0.748516538011,0.748516007728,1.898027e-06,0.784219817069,0.784217919042,0.000327232027,0.730449687527,0.7301224555,1.104641e-05,0.712935637496,0.712924591086,0.000260235487,0.75321249959,0.752952264103,,,,,,,,,,,,,,,
18,5,False,PP_ELIM,9,Danica McKellar|James Maslow|Candace Cameron Bure|Charlie White|Amy Purdy|Meryl Davis|Drew Carey|Cody Simpson|NeNe Leakes,True,107,2.0550782e-09,8.2860752957e-05,0.849295007382,0.117164837189,0.115970487628,0.124070007438,0.119841934926,0.119731316553,0.122181679107,0.145569435263,0.014315979201,0.121154322694,,,,,,,,4.6574e-08,0.807406032856,0.807405986282,2.22872e-07,0.783277503615,0.783277280743,6.975713e-06,0.829068542481,0.829061566768,3.483066e-06,0.770989929047,0.770986445981,1.06952e-07,0.809702667493,0.809702560541,2.739687e-06,0.831227681427,0.83122494174,0.018684036837,0.865166354843,0.846482318006,1.18911e-07,0.093186901256,0.093186782345,6.01513e-07,0.783291232909,0.783290631396,,,,,,,,,,,,,,,,,,,,,
18,6,False,PP_ELIM,8,Danica McKellar|James Maslow|Candace Cameron Bure|Charlie White|Amy Purdy|Meryl Davis|Drew Carey|NeNe Leakes,True,89,1.127159507e-07,0.0005680883916874,0.836355356456,0.138537354898,0.140249135756,0.149018305166,0.13859258299,0.135191597491,0.133372268684,0.019215193597,0.145823561418,,,,,,,,,2.148902e-06,0.834339380431,0.834337231529,1.18638e-06,0.874972027735,0.874970841355,0.000207222193,0.919548404575,0.919341182382,1.087172e-06,0.837124970763,0.837123883591,1.517949e-06,0.887897669343,0.887896151394,4.70489e-07,0.837043639959,0.83704316947,5.2175e-08,0.115691505972,0.115691453797,9.50866e-07,0.864983616174,0.864982665308,,,,,,,,,,,,,,,,,,,,,,,,
18,7,False,PP_ELIM,7,Danica McKellar|James Maslow|Candace Cameron Bure|Charlie White|Amy Purdy|Meryl Davis|NeNe Leakes,True,57,8.3772687069e-06,0.0060316334689327,0.990638532742,0.164104103091,0.166772845371,0.161336806012,0.165539524952,0.160372125679,0.157909237055,0.023965357839,,,,,,,,,,2.771771e-06,0.904647933412,0.904645161641,6.65236e-07,0.885582403019,0.885581737783,1.415839e-06,0.894292524415,0.894291108576,2.5552e-08,0.906767743499,0.906767717947,2.470826e-06,0.881124798441,0.881122327615,1.37184e-07,0.917644360704,0.91764422352,1.73e-10,0.136122643383,0.13612264321,,,,,,,,,,,,,,,,,,,,,,,,,,,
18,8,False,PP_ELIM,6,Danica McKellar|James Maslow|Candace Cameron Bure|Charlie White|Amy Purdy|Meryl Davis,True,73,0.0006905882980612,0.0828705957673493,0.948038895193,0.027731942531,0.201079336978,0.200781690872,0.184619674308,0.18439075152,0.201396603792,,,,,,,,,,,8.9649e-08,0.152668533269,0.15266844362,0.009147890327,0.908105858589,0.898957968262,0.008992818184,0.907722004219,0.898729186035,8.976816e-06,0.879348866195,0.879339889379,1.26252e-06,0.902247163221,0.902245900701,0.008890717804,0.901649839517,0.892759121713,,,,,,,,,,,,,,,,,,,,,,,,,,,,,,
18,9,False,PP_ELIM,5,James Maslow|Candace Cameron Bure|Charlie White|Amy Purdy|Meryl Davis,True,46,0.0061816659382874,0.1483599825188967,1.150457918486,0.240699798034,0.250943448097,0.040316748666,0.236021718181,0.232018287022,,,,,,,,,,,,0.00048885453,0.96343240946,0.96294355493,0.010781070469,0.970380033577,0.959598963108,1.20013e-07,0.192427161229,0.192427041216,8.12392e-06,0.960965507018,0.960957383098,5.667807e-06,0.953459468659,0.953453800852,,,,,,,,,,,,,,,,,,,,,,,,,,,,,,,,,
18,10,True,PP_FINAL,4,James Maslow|Candace Cameron Bure|Amy Purdy|Meryl Davis,True,30,0.0055840648852127,0.0335043893112763,0.401955413787,0.061580958648,0.170080859278,0.261762264668,0.506575917406,,,,,,,,,,,,,9.12254e-07,0.242712181633,0.242711269379,0.026622932873,0.348098703135,0.321475770262,0.001626564172,0.480887678848,0.479261114676,0.244890767408,0.96924647138,0.724355703972,,,,,,,,,,,,,,,,,,,,,,,,,,,,,,,,,,,,
19,1,False,PP_ELIM,13,Antonio Sabato Jr.|Jonathan Bennett|Lea Thompson|Janel Parrish|Alfonso Ribeiro|Lolo Jones|Randy Couture|Tommy Chong|Betsey Johnson|Michael Waltrip|Tavis Smiley|Bethany Mota|Sadie Robertson,True,153,3e-16,1.216130936e-07,0.698636653835,0.085042861202,0.080233785619,0.079492112119,0.080613671005,0.079308592129,0.012175929514,0.079559834621,0.08233263323,0.09665962626,0.085155299721,0.080370026717,0.079607580716,0.079448047147,,,,9.11266e-07,0.698117846196,0.69811693493,3.78286e-07,0.634643030131,0.634642651845,3.99836e-07,0.668675695574,0.668675295738,1.25745e-07,0.627764256957,0.627764131212,5.25745e-07,0.664305229526,0.664304703781,1.63897e-07,0.060086556239,0.060086392342,5.14424e-07,0.675616151785,0.675615637361,6.6657e-08,0.646040094406,0.646040027749,0.005484466119,0.650194216879,0.64470975076,7.27655e-07,0.696911723115,0.69691099546,1.166326e-06,0.674600845238,0.674599678912,8.25322e-07,0.669375973351,0.669375148029,1.486987e-06,0.710004275698,0.710002788711,,,,,,,,,
19,2,False,PP_ELIM,12,Antonio Sabato Jr.|Jonathan Bennett|Lea Thompson|Janel Parrish|Alfonso Ribeiro|Randy Couture|Tommy Chong|Betsey Johnson|Michael Waltrip|Tavis Smiley|Bethany Mota|Sadie Robertson,True,137,1.32e-14,5.284882224e-07,0.767715767593,0.087521876624,0.088840766871,0.084827472259,0.085639587741,0.08666235436,0.093228434236,0.093625435995,0.09303419029,0.104409510152,0.009143697719,0.085597852847,0.087468820906,,,,,2.7615e-08,0.682145011887,0.682144984272,1.178437e-06,0.648655208797,0.64865403036,2.52337e-07,0.70676705714,0.706766804803,1.78443e-06,0.618700408222,0.618698623792,1.5821e-06,0.677226931309,0.677225349209,0.000165667684,0.628681145486,0.628515477802,0.000172875377,0.687088249316,0.686915373939,0.000334247475,0.700694167808,0.700359920333,0.011121311591,0.708205592119,0.697084280528,2.354e-09,0.060532388213,0.060532385859,5.23342e-07,0.700913149861,0.700912626519,2.148707e-06,0.681725016697,0.68172286799,,,,,,,,,,,,
19,3,False,PP_ELIM,11,Antonio Sabato Jr.|Jonathan Bennett|Lea Thompson|Janel Parrish|Alfonso Ribeiro|Randy Couture|Tommy Chong|Betsey Johnson|Michael Waltrip|Bethany Mota|Sadie Robertson,True,131,1.0749e-12,3.9007181915e-06,0.676716681985,0.101972406288,0.097446132969,0.09884186241,0.094783592395,0.097562689509,0.013806964852,0.096744439331,0.102054430379,0.103715188638,0.095328171795,0.097744121433,,,,,,2.394375e-06,0.732802373133,0.732799978758,7.04157e-07,0.747063682222,0.747062978065,1.6165e-08,0.723572667092,0.723572650927,2.1966e-07,0.701913020309,0.701912800649,9.07606e-07,0.750899434331,0.750898526725,3.33786e-07,0.080871947539,0.080871613753,1.84182e-07,0.746245961614,0.746245777432,1.130265e-06,0.807943391669,0.807942261404,1.477281e-06,0.744901364939,0.744899887658,2.07734e-07,0.806064164912,0.806063957178,7.5036e-07,0.69288942542,0.69288867506,,,,,,,,,,,,,,,
19,4,False,PP_ELIM,10,Antonio Sabato Jr.|Jonathan Bennett|Lea Thompson|Janel Parrish|Alfonso Ribeiro|Tommy Chong|Betsey Johnson|Michael Waltrip|Bethany Mota|Sadie Robertson,True,112,3.17336e-11,1.15154928964e-05,0.811978945101,0.11273117597,0.128274851908,0.099593501976,0.100896919175,0.099278489098,0.1162393023,0.013964280061,0.125057506039,0.103695354903,0.100268618571,,,,,,,8.4904222e-05,0.813862729069,0.813777824847,0.015840208057,0.738006345997,0.72216613794,7.99814e-07,0.745155548761,0.745154748947,4.29555e-07,0.743025444513,0.743025014958,3.463e-08,0.724383435285,0.724383400655,0.003205489567,0.813745828038,0.810540338471,7.3752e-08,0.08124178721,0.081241713458,0.012711406856,0.694692758252,0.681981351396,9.93317e-07,0.67467986564,0.674678872323,1.580684e-06,0.830162415819,0.830160835135,,,,,,,,,,,,,,,,,,
19,6,False,PP_ELIM,9,Antonio Sabato Jr.|Jonathan Bennett|Lea Thompson|Janel Parrish|Alfonso Ribeiro|Tommy Chong|Michael Waltrip|Bethany Mota|Sadie Robertson,True,110,1.6664068e-09,6.71895218579e-05,0.780880140835,0.137143703519,0.01369580282,0.122810920836,0.119999894053,0.11118497625,0.136240052746,0.129490153567,0.11430377736,0.11513071885,,,,,,,,0.013847741808,0.747338694987,0.733490953179,2.64361e-07,0.083501824884,0.083501560523,0.00013350119,0.760440740995,0.760307239805,2.255508e-06,0.750915828034,0.750913572526,1.631173e-06,0.784244933209,0.784243302036,0.013867496668,0.729959304129,0.716091807461,0.006992882938,0.704688053568,0.69769517063,5.168495e-06,0.686524910911,0.686519742416,6.404345e-06,0.791565535012,0.791559130667,,,,,,,,,,,,,,,,,,,,,
19,7,False,PP_ELIM,8,Antonio Sabato Jr.|Lea Thompson|Janel Parrish|Alfonso Ribeiro|Tommy Chong|Michael Waltrip|Bethany Mota|Sadie Robertson,True,85,1.062400507e-07,0.0005354498554651,0.965536010534,0.01926120341,0.134253011668,0.136412820282,0.135483023524,0.145967643392,0.15432472379,0.131137672603,0.143159901331,,,,,,,,,2.27093e-07,0.114718493923,0.11471826683,1.116603e-06,0.870991557675,0.870990441072,8.7124e-08,0.816999268597,0.816999181473,1.0899e-07,0.826000002931,0.825999893941,1.904507e-06,0.861856621184,0.861854716677,0.006132807272,0.831590743925,0.825457936653,1.081061e-06,0.823886426392,0.823885345331,3.17953e-07,0.876449113973,0.87644879602,,,,,,,,,,,,,,,,,,,,,,,,
19,8,False,PP_ELIM,7,Lea Thompson|Janel Parrish|Alfonso Ribeiro|Tommy Chong|Michael Waltrip|Bethany Mota|Sadie Robertson,True,85,2.7156461458e-06,0.0019552652249745,0.955584649689,0.167036146089,0.154635719919,0.155101530277,0.174668026595,0.035853066308,0.155362071229,0.157343439583,,,,,,,,,,6.20255e-07,0.898243806546,0.898243186291,4.94881e-07,0.920719111618,0.920718616737,5.43734e-07,0.914387714952,0.914387171218,1.590114e-06,0.906622956497,0.906621366383,5.09658e-07,0.164248124037,0.164247614379,3.309814e-06,0.902582843333,0.902579533519,3.35224e-07,0.908258800123,0.908258464899,,,,,,,,,,,,,,,,,,,,,,,,,,,
19,9,False,PP_ELIM,6,Lea Thompson|Janel Parrish|Alfonso Ribeiro|Tommy Chong|Bethany Mota|Sadie Robertson,True,62,0.0007368488704887,0.0884218644586421,1.006702326404,0.029116412994,0.183595832693,0.183152871888,0.226794014008,0.187716550022,0.189624318395,,,,,,,,,,,5.08626e-07,0.155219573539,0.155219064913,6.88275e-06,0.896557089567,0.896550206817,5.370879e-06,0.904185156705,0.904179785826,0.030625242455,0.958129642354,0.927504399899,3.148903e-06,0.903364033496,0.903360884593,3.8141e-08,0.879872847246,0.879872809105,,,,,,,,,,,,,,,,,,,,,,,,,,,,,,
19,10,False,PP_ELIM,5,Janel Parrish|Alfonso Ribeiro|Tommy Chong|Bethany Mota|Sadie Robertson,True,58,0.0083429524425431,0.2002308586210342,1.139272762752,0.234024252881,0.238516871126,0.050038537366,0.237597132617,0.23982320601,,,,,,,,,,,,3.537123e-06,0.969439994722,0.969436457599,8.43553e-06,0.956181353109,0.956172917579,2.56625e-07,0.219633116841,0.219632860216,2.962858e-06,0.966499893136,0.966496930278,3.640777e-06,0.973093367764,0.973089726987,,,,,,,,,,,,,,,,,,,,,,,,,,,,,,,,,
19,11,True,PP_FINAL,4,Janel Parrish|Alfonso Ribeiro|Bethany Mota|Sadie Robertson,True,33,0.0061233294972727,0.0367399769836365,0.642993215151,0.143688821602,0.521705813542,0.064767026709,0.269838338147,,,,,,,,,,,,,1.0322029e-05,0.333178164525,0.333167842496,0.250730033694,0.99027209111,0.739542057416,3.617219e-06,0.251666468765,0.251662851546,0.001377150066,0.497754701844,0.496377551778,,,,,,,,,,,,,,,,,,,,,,,,,,,,,,,,,,,,
20,2,False,PP_ELIM,12,Suzanne Somers|Willow Shields|Riker Lynch|Rumer Willis|Nastia Liukin|Michael Sam|Robert Herjavec|Charlotte McKinney|Noah Galloway|Redfoo|Patti LaBelle|Chris Soules,True,142,6.1e-15,2.448827432e-07,0.650736823944,0.091963757997,0.080574992519,0.080568077869,0.080883160801,0.07790690497,0.091388341341,0.092895111594,0.097855884604,0.094772581805,0.006692158745,0.091837015653,0.112662012098,,,,,0.008722232011,0.552314376751,0.54359214474,6.19964e-07,0.562956464469,0.562955844505,6.47707e-06,0.600161824944,0.600155347874,8.053478e-06,0.572279701498,0.57227164802,3.73265e-07,0.52112489608,0.521124522815,0.008808186895,0.569993917239,0.561185730344,0.008886219311,0.56689488991,0.558008670599,0.014627095617,0.572273618865,0.557646523248,0.011683828706,0.617528916437,0.605845087731,1.22387e-07,0.050160114566,0.050159992179,0.008792163997,0.574635508618,0.565843344621,0.028961969654,0.619770857757,0.590808888103,,,,,,,,,,,,
20,3,False,PP_ELIM,11,Suzanne Somers|Willow Shields|Riker Lynch|Rumer Willis|Nastia Liukin|Michael Sam|Robert Herjavec|Charlotte McKinney|Noah Galloway|Patti LaBelle|Chris Soules,True,129,1.1834e-12,4.2942907062e-06,0.793672814021,0.101886280349,0.095021863562,0.094587653245,0.094756674047,0.094629898659,0.104163246125,0.096553136491,0.015409437494,0.095995148769,0.109506937598,0.09748972366,,,,,,2.70362e-06,0.738997158441,0.738994454821,2.35163e-07,0.77018136392,0.770181128757,3.64902e-07,0.748092522587,0.748092157685,2.25264e-07,0.737507677252,0.737507451988,6.60547e-07,0.747722603562,0.747721943015,1.230455e-06,0.737826186423,0.737824955968,1.4005e-08,0.696325794545,0.69632578054,2.3907e-08,0.084102249499,0.084102225592,8.0834e-08,0.720555767256,0.720555686422,0.000326237948,0.762404521869,0.762078283921,5.62002e-07,0.705079411964,0.705078849962,,,,,,,,,,,,,,,
20,4,False,PP_ELIM,10,Suzanne Somers|Willow Shields|Riker Lynch|Rumer Willis|Nastia Liukin|Michael Sam|Robert Herjavec|Noah Galloway|Patti LaBelle|Chris Soules,True,109,5.83967e-11,2.11910073448e-05,0.77273670053,0.12029214749,0.101717139797,0.105765471561,0.104498166994,0.103397751032,0.012857901765,0.105023946608,0.108732881342,0.114037068732,0.123677524679,,,,,,,0.006181503463,0.750261416569,0.744079913106,2.2903e-07,0.768798389448,0.768798160418,3.090229e-06,0.721171797093,0.721168706864,2.183714e-06,0.763728089371,0.763725905657,5.75238e-07,0.727752138839,0.727751563601,1.5981e-08,0.077623429902,0.077623413921,1.62049e-06,0.714704657675,0.714703037185,1.429468e-06,0.685651596519,0.685650167051,3.5947686e-05,0.717024074627,0.716988126941,0.009369459668,0.762445107428,0.75307564776,,,,,,,,,,,,,,,,,,
20,5,False,PP_ELIM,9,Suzanne Somers|Willow Shields|Riker Lynch|Rumer Willis|Nastia Liukin|Robert Herjavec|Noah Galloway|Patti LaBelle|Chris Soules,True,111,1.4658541e-09,5.91032365965e-05,0.765044702722,0.017115662033,0.114672730495,0.112382431176,0.111635463318,0.111610970084,0.141666876344,0.128201522623,0.131411149871,0.131303194054,,,,,,,,1.42796e-07,0.097965765592,0.097965622796,1.35983e-07,0.86540344872,0.865403312737,3.01135e-07,0.764269550121,0.764269248986,1.70563e-07,0.781512726081,0.781512555518,4.04697e-07,0.742950500343,0.742950095646,0.014363961725,0.825443738788,0.811079777063,0.000184183445,0.858887830825,0.85870364738,0.00367500318,0.755110417012,0.751435413832,0.003625316623,0.751490245515,0.747864928892,,,,,,,,,,,,,,,,,,,,,
20,6,False,PP_ELIM,8,Willow Shields|Riker Lynch|Rumer Willis|Nastia Liukin|Robert Herjavec|Noah Galloway|Patti LaBelle|Chris Soules,True,87,1.036900054e-07,0.0005225976273896,0.903663812946,0.137613456326,0.135216743473,0.140228914588,0.136898479711,0.146365674989,0.14491637387,0.016875903217,0.141884453827,,,,,,,,,1.89664e-07,0.831799057137,0.831798867473,1.466295e-06,0.878577065198,0.878575598903,8.6236e-08,0.841891598732,0.841891512496,1.923149e-06,0.82117770262,0.821175779471,0.00192271479,0.837370953679,0.835448238889,0.000233324232,0.837019159796,0.836785835564,1.29051e-07,0.11110851953,0.111108390479,7.061915e-06,0.79782571773,0.797818655815,,,,,,,,,,,,,,,,,,,,,,,,
20,7,False,PP_ELIM,7,Willow Shields|Riker Lynch|Rumer Willis|Nastia Liukin|Robert Herjavec|Noah Galloway|Chris Soules,True,73,1.6491171662e-06,0.0011873643596615,0.900266849048,0.019049185599,0.158566646675,0.158715345914,0.143953755801,0.181641343491,0.155274719472,0.182799003047,,,,,,,,,,9.6599e-08,0.112904340847,0.112904244248,0.008319940695,0.810919912281,0.802599971586,0.008162350906,0.804484679228,0.796322328322,1.0480085e-05,0.779521064741,0.779510584656,0.031991415814,0.854822476637,0.822831060823,0.004110984998,0.836223953144,0.832112968146,0.031587035172,0.79456561499,0.762978579818,,,,,,,,,,,,,,,,,,,,,,,,,,,
20,8,False,PP_MULTI,6,Riker Lynch|Rumer Willis|Nastia Liukin|Robert Herjavec|Noah Galloway|Chris Soules,True,75,0.0004074692463103,0.0488963095572314,1.005785820957,0.215973783189,0.213748565225,0.221277802735,0.051034943358,0.248911189435,0.049053716058,,,,,,,,,,,9.835364e-06,0.911133619524,0.91112378416,1.5615242e-05,0.973311498018,0.973295882776,3.005437e-05,0.921581925756,0.921551871386,1.96543e-07,0.210549357698,0.210549161155,0.004610392665,0.966262301794,0.961651909129,7.47432e-07,0.200624238308,0.200623490876,,,,,,,,,,,,,,,,,,,,,,,,,,,,,,
20,9,False,PP_ELIM,4,Riker Lynch|Rumer Willis|Nastia Liukin|Noah Galloway,True,25,0.0350545358336466,0.2103272150018795,1.259615511408,0.306389963068,0.312994720015,0.061081519449,0.319533797468,,,,,,,,,,,,,0.000811506782,0.967664424428,0.966852917646,0.006788476784,0.97163563528,0.964847158496,9.0192e-08,0.243734593593,0.243734503401,0.013002843163,0.987167021297,0.974164178134,,,,,,,,,,,,,,,,,,,,,,,,,,,,,,,,,,,,
20,10,True,PP_FINAL,3,Riker Lynch|Rumer Willis|Noah Galloway,True,9,0.0898526832549325,0.179705366509865,0.682974405255,0.264006948653,0.616526456866,0.119466594481,,,,,,,,,,,,,,8.287947e-06,0.499284552989,0.499276265042,0.323058701175,0.999024257196,0.675965556021,6.07534e-07,0.355621134333,0.355620526799,,,,,,,,,,,,,,,,,,,,,,,,,,,,,,,,,,,,,,,
21,2,False,PP_MULTI,13,Gary Busey|Alexa PenaVega|Carlos PenaVega|Victor Espinoza|Alek Skarlatos|Chaka Khan|Andy Grammer|Tamar Braxton|Nick Carter|Hayes Grier|Bindi Irwin|Kim Zolciak-Biermann|Paula Deen,True,127,3e-16,1.243702776e-07,0.728483600668,0.113139289717,0.091187465661,0.093114312726,0.014335627485,0.092793164939,0.020057083838,0.094231842461,0.088234527937,0.091997794408,0.091952556846,0.08918045814,0.014472909168,0.105302966674,,,,0.009419039628,0.682405721049,0.672986681421,1.427811e-06,0.66074055919,0.660739131379,7.970385e-06,0.585639889395,0.58563191901,2.205284e-06,0.074031847703,0.074029642419,1.861588e-05,0.620581711904,0.620563096024,1.85268e-07,0.082605362008,0.08260517674,3.3605139e-05,0.676038910184,0.676005305045,9.45206e-07,0.639949192482,0.639948247276,7.840843e-06,0.617126833382,0.617118992539,6.3148e-07,0.597239528805,0.597238897325,3.857388e-06,0.67360254874,0.673598691352,7.45666e-07,0.070529645847,0.070528900181,0.00347154543,0.760121961984,0.756650416554,,,,,,,,,
21,4,False,PP_ELIM,10,Gary Busey|Alexa PenaVega|Carlos PenaVega|Alek Skarlatos|Andy Grammer|Tamar Braxton|Nick Carter|Hayes Grier|Bindi Irwin|Paula Deen,True,109,6.85498e-11,2.48753522924e-05,0.79691882417,0.02188453675,0.111898310335,0.106967624583,0.107495700379,0.108782417526,0.105966708854,0.105942352982,0.105732453423,0.105576819026,0.119753076143,,,,,,,6.1261e-08,0.105449970795,0.105449909534,1.843428e-06,0.777803624128,0.7778017807,3.34435e-07,0.812092411467,0.812092077032,3.721e-09,0.799652531062,0.799652527341,9.56143e-07,0.797649844557,0.797648888414,1.93753e-07,0.769830644123,0.76983045037,2.901e-08,0.817790536966,0.817790507956,2.68941e-07,0.769167171171,0.76916690223,8.75021e-07,0.843694221392,0.843693346371,3.00167e-06,0.854780415159,0.854777413489,,,,,,,,,,,,,,,,,,
21,6,False,PP_ELIM,9,Alexa PenaVega|Carlos PenaVega|Alek Skarlatos|Andy Grammer|Tamar Braxton|Nick Carter|Hayes Grier|Bindi Irwin|Paula Deen,True,99,5.7065896e-09,0.0002300896920876,0.881425477765,0.12801219603,0.119435398258,0.128058770263,0.118668641918,0.11886018187,0.118718916078,0.124708071417,0.118565846652,0.024971977515,,,,,,,,2.64684e-07,0.834054311068,0.834054046384,1.79147e-07,0.855413146092,0.855412966945,1.43796e-07,0.843963727767,0.843963583971,2.32353e-07,0.848491101474,0.848490869121,3.30576e-07,0.822302902357,0.822302571781,2.89195e-07,0.869169450889,0.869169161694,3.2613e-08,0.841948392091,0.841948359478,5.11962e-07,0.865305578985,0.865305067023,9.8049e-08,0.11766861892,0.117668520871,,,,,,,,,,,,,,,,,,,,,
21,7,False,PP_ELIM,8,Alexa PenaVega|Carlos PenaVega|Alek Skarlatos|Andy Grammer|Tamar Braxton|Nick Carter|Hayes Grier|Bindi Irwin,True,96,6.72098791e-08,0.0003387377908843,0.835544306786,0.140877761102,0.138624251146,0.14548627442,0.138389567544,0.14331078484,0.142979058278,0.015450056319,0.134882246352,,,,,,,,,0.002413484386,0.858755188332,0.856341703946,0.000134823912,0.859053553928,0.858918730016,0.006957204212,0.895187678787,0.888230474575,1.0126003e-05,0.892370870457,0.892360744454,0.004529739444,0.83169718474,0.827167445296,0.004651516285,0.820754972637,0.816103456352,4.7e-11,0.100140055091,0.100140055044,7.762331e-06,0.834002094586,0.833994332255,,,,,,,,,,,,,,,,,,,,,,,,
21,8,False,PP_ELIM,7,Alexa PenaVega|Carlos PenaVega|Alek Skarlatos|Andy Grammer|Tamar Braxton|Nick Carter|Bindi Irwin,True,82,2.3534730186e-06,0.0016945005733629,0.93829460649,0.164768430269,0.159237873935,0.172396653622,0.026590594903,0.161487481044,0.153629320763,0.161889645464,,,,,,,,,,4.3856e-07,0.919607458656,0.919607020096,1.51766e-06,0.895503839437,0.895502321777,1.0194432e-05,0.923700420604,0.923690226172,3.9904e-08,0.146180340809,0.146180300905,6.25458e-07,0.881044373885,0.881043748427,5.99575e-07,0.924212983192,0.924212383617,2.997882e-06,0.896697732283,0.896694734401,,,,,,,,,,,,,,,,,,,,,,,,,,,
21,9,False,PP_MULTI,6,Alexa PenaVega|Carlos PenaVega|Alek Skarlatos|Tamar Braxton|Nick Carter|Bindi Irwin,True,62,0.0002667640255632,0.0320116830675797,1.080250997769,0.03900129928,0.230158790202,0.239083771255,0.052404534862,0.227292314822,0.212059289579,,,,,,,,,,,2.79623e-07,0.177955929061,0.177955649438,0.01879104181,0.884533486419,0.865742444609,0.027640558529,0.884298135317,0.856657576788,5.21503e-07,0.198845157542,0.198844636039,0.015710979343,0.888321430082,0.872610450739,0.00016560979,0.866152962421,0.865987352631,,,,,,,,,,,,,,,,,,,,,,,,,,,,,,
21,11,True,PP_FINAL,4,Carlos PenaVega|Alek Skarlatos|Nick Carter|Bindi Irwin,True,27,0.0056502026697496,0.0339012160184975,0.366109345103,0.061692689766,0.160687420639,0.266366040888,0.511253848707,,,,,,,,,,,,,9.5775e-08,0.242314847798,0.242314752023,0.017560365547,0.340599188823,0.323038823276,0.007047722804,0.488217543486,0.481169820682,0.248567625196,0.966773961219,0.718206336023,,,,,,,,,,,,,,,,,,,,,,,,,,,,,,,,,,,,
22,2,False,PP_ELIM,12,Mischa Barton|Kim Fields|Jodie Sweetin|Doug Flutie|Von Miller|Antonio Brown|Paige VanZant|Geraldo Rivera|Nyle DiMarco|Ginger Zee|Wanya Morris|Marla Maples,True,134,2.31e-14,9.233235945e-07,0.788804294952,0.097449120349,0.089717961156,0.088129271174,0.088598125402,0.088669728164,0.089630424951,0.087491522022,0.01750639988,0.088748526514,0.08804141983,0.087478117248,0.088539383309,,,,,3.69052e-07,0.753576385725,0.753576016673,1.88669e-07,0.722850640159,0.72285045149,1.92257e-07,0.75101533435,0.751015142093,1.68515e-07,0.737976447633,0.737976279118,2.65066e-07,0.802797497503,0.802797232437,9.2668e-08,0.689353459652,0.689353366984,1.17529e-07,0.842382644166,0.842382526637,1.14662e-07,0.081411808582,0.08141169392,5.06023e-07,0.73954929536,0.739548789337,1.07847e-07,0.74958464195,0.749584534103,1.09107e-07,0.765131072977,0.76513096387,9.0615e-08,0.702229128129,0.702229037514,,,,,,,,,,,,
22,3,False,PP_ELIM,11,Mischa Barton|Kim Fields|Jodie Sweetin|Doug Flutie|Von Miller|Antonio Brown|Paige VanZant|Nyle DiMarco|Ginger Zee|Wanya Morris|Marla Maples,True,135,8.277e-13,3.0037258808e-06,0.723235936177,0.013338386352,0.097749823886,0.096748410577,0.101566038894,0.101591503498,0.101654457169,0.096631484934,0.095541788593,0.099418386032,0.096067766752,0.099691953314,,,,,,9.4508e-08,0.075511021913,0.075510927405,1.24407e-07,0.714498751219,0.714498626812,8.5357e-07,0.805484883564,0.805484029994,1.04363e-07,0.75264653117,0.752646426807,1.947288e-06,0.766084570303,0.766082623015,4.93944e-07,0.811083172704,0.81108267876,2.02004e-07,0.801828233229,0.801828031225,1.42896e-07,0.752100047514,0.752099904618,3.14285e-07,0.81104643662,0.811046122335,8.7331e-08,0.848327070172,0.848326982841,4.8482e-07,0.840763920745,0.840763435925,,,,,,,,,,,,,,,
22,4,False,PP_ELIM,10,Kim Fields|Jodie Sweetin|Doug Flutie|Von Miller|Antonio Brown|Paige VanZant|Nyle DiMarco|Ginger Zee|Wanya Morris|Marla Maples,True,111,9.6903e-11,3.51641717182e-05,0.78972114397,0.107572197737,0.120118041971,0.12928130404,0.107519098645,0.104338554918,0.103346598455,0.10502955683,0.103946853248,0.104166292854,0.014681501303,,,,,,,1.17e-08,0.737603405465,0.737603393765,0.00316873254,0.763799626128,0.760630893588,0.012682980964,0.78889170663,0.776208725666,3.70551e-07,0.740926769582,0.740926399031,3.25837e-07,0.757020236069,0.757019910232,6.14142e-07,0.784653888025,0.784653273883,8.75586e-07,0.787034852778,0.787033977192,4.7525e-08,0.719298953922,0.719298906397,8.40051e-07,0.748158973733,0.748158133682,2.2019e-08,0.085337119607,0.085337097588,,,,,,,,,,,,,,,,,,
22,6,False,PP_ELIM,9,Kim Fields|Jodie Sweetin|Doug Flutie|Von Miller|Antonio Brown|Paige VanZant|Nyle DiMarco|Ginger Zee|Wanya Morris,True,103,3.1751161e-09,0.0001280206811553,0.891431501416,0.125578967622,0.12340074503,0.018623409566,0.1255449543,0.120284555879,0.119332281162,0.123154417238,0.125617225561,0.118463443643,,,,,,,,5.5044e-08,0.797711192512,0.797711137468,1.356378e-06,0.806629497166,0.806628140788,1.18081e-07,0.104854507896,0.104854389815,7.56782e-07,0.878405816091,0.878405059309,4.1379e-08,0.807730033883,0.807729992504,5.27695e-07,0.885119359245,0.88511883155,8.29189e-07,0.816787247986,0.816786418797,3.05369e-07,0.831118869928,0.831118564559,8.39473e-07,0.81653774412,0.816536904647,,,,,,,,,,,,,,,,,,,,,
22,7,False,PP_MULTI,8,Kim Fields|Jodie Sweetin|Von Miller|Antonio Brown|Paige VanZant|Nyle DiMarco|Ginger Zee|Wanya Morris,True,82,8.29007862e-08,0.0004178199623287,0.97031132144,0.025326457146,0.164577381664,0.025364465817,0.162531969139,0.155854751474,0.154183058634,0.156002141422,0.156159774705,,,,,,,,,5.54483e-07,0.123255303318,0.123254748835,0.003615009345,0.91608530176,0.912470292415,8.38516e-07,0.120893548214,0.120892709698,0.001205781285,0.924862677965,0.92365689668,3.8497317e-05,0.893680736189,0.893642238872,2.939241e-06,0.834938705557,0.834935766316,4.0075421e-05,0.871591719558,0.871551644137,2.2508717e-05,0.782086998752,0.782064490035,,,,,,,,,,,,,,,,,,,,,,,,
22,8,False,PP_ELIM,6,Jodie Sweetin|Antonio Brown|Paige VanZant|Nyle DiMarco|Ginger Zee|Wanya Morris,True,58,0.0005254309164971,0.0630517099796503,1.037884797362,0.026032900655,0.199485917495,0.193274481601,0.188041948938,0.182246596372,0.210918154939,,,,,,,,,,,2.04842e-07,0.138244040146,0.138243835304,0.018003415574,0.909271869003,0.891268453429,0.011916347487,0.883890716508,0.871974369021,0.006281797322,0.867269547111,0.860987749789,0.000215747542,0.861429370101,0.861213622559,0.029809703488,0.876900123865,0.847090420377,,,,,,,,,,,,,,,,,,,,,,,,,,,,,,
22,9,False,PP_MULTI,5,Antonio Brown|Paige VanZant|Nyle DiMarco|Ginger Zee|Wanya Morris,True,50,0.0026146422686795,0.0627514144483071,0.993131685005,0.068516379027,0.283629829312,0.290909706371,0.295176993551,0.061767091739,,,,,,,,,,,,1.0876e-07,0.244584097785,0.244583989025,0.004786914129,0.943104506262,0.938317592133,0.01205736909,0.94260569159,0.9305483225,0.014326176405,0.948938168921,0.934611992516,8.22691e-07,0.235434289967,0.235433467276,,,,,,,,,,,,,,,,,,,,,,,,,,,,,,,,,
22,10,True,PP_FINAL,3,Paige VanZant|Nyle DiMarco|Ginger Zee,True,14,0.0824843024940538,0.1649686049881076,0.696223545831,0.268995427585,0.617201705341,0.113802867074,,,,,,,,,,,,,,1.4961135e-05,0.495776786511,0.495761825376,0.333545418174,0.999517810456,0.665972392282,9.70068e-07,0.340813168435,0.340812198367,,,,,,,,,,,,,,,,,,,,,,,,,,,,,,,,,,,,,,,
23,2,False,PP_ELIM,13,Jake T. Austin|Maureen McCormick|Marilu Henner|Ryan Lochte|Calvin Johnson Jr.|Laurie Hernandez|Amber Rose|Rick Perry|James Hinchcliffe|Babyface|Vanilla Ice|Jana Kramer|Terra Jole,True,135,3e-16,1.293996717e-07,0.712127957047,0.008957312638,0.082837514575,0.081561053402,0.0873532248,0.080346737166,0.078462199029,0.087169792156,0.093078551904,0.079846183465,0.079014215383,0.082920003196,0.079635356954,0.078817855332,,,,7.44e-08,0.058230467051,0.058230392651,6.6943e-07,0.704516255991,0.704515586561,6.58888e-07,0.63713767135,0.637137012462,0.000102270319,0.62084644353,0.620744173211,7.8961e-08,0.633885043513,0.633884964552,1.59039e-07,0.712256472233,0.712256313194,2.9630411e-05,0.660900688753,0.660871058342,0.005738955786,0.654284677876,0.64854572209,3.40542e-07,0.635793729026,0.635793388484,2.71634e-07,0.656597224827,0.656596953193,1.977357e-06,0.694313366512,0.694311389155,5.10343e-07,0.643905707263,0.64390519692,4.1921e-08,0.649212562089,0.649212520168,,,,,,,,,
23,3,False,PP_ELIM,12,Maureen McCormick|Marilu Henner|Ryan Lochte|Calvin Johnson Jr.|Laurie Hernandez|Amber Rose|Rick Perry|James Hinchcliffe|Babyface|Vanilla Ice|Jana Kramer|Terra Jole,True,135,1.64e-14,6.52900475e-07,0.671961857879,0.088192987167,0.088124745515,0.092077699293,0.086425024796,0.086743376468,0.092337490439,0.011137135706,0.087430285822,0.092245373081,0.097492804639,0.090509567471,0.087283509603,,,,,1.53462e-07,0.790436168535,0.790436015073,3.28774e-07,0.723067229242,0.723066900468,3.07716e-07,0.721859267659,0.721858959943,5.49243e-07,0.717120891465,0.717120342222,3.301e-08,0.795923150736,0.795923117726,2.26427e-06,0.702791594628,0.702789330358,3.1626e-08,0.070826731055,0.070826699429,6.02609e-07,0.750127845147,0.750127242538,2.73254e-07,0.701349076371,0.701348803117,7.0968234e-05,0.730899008933,0.730828040699,6.65793e-07,0.70899739928,0.708996733487,3.01747e-07,0.745243639431,0.745243337684,,,,,,,,,,,,
23,4,False,PP_MULTI,11,Maureen McCormick|Marilu Henner|Ryan Lochte|Calvin Johnson Jr.|Laurie Hernandez|Amber Rose|James Hinchcliffe|Babyface|Vanilla Ice|Jana Kramer|Terra Jole,True,119,9.326e-13,3.3842806713e-06,0.773189932649,0.107338996781,0.118434698421,0.114219691069,0.110490400282,0.095900667252,0.106815066234,0.098017158451,0.021235984293,0.012851275452,0.11077239411,0.103923667654,,,,,,1.210706e-06,0.677331350712,0.677330140006,0.008075989424,0.703141433722,0.695065444298,0.004285864267,0.714172364788,0.709886500521,0.00028702475,0.698218342863,0.697931318113,1.9975e-08,0.736933293653,0.736933273678,6.336819e-06,0.685723074059,0.68571673724,1.89658e-06,0.682288660048,0.682286763468,8.03067e-07,0.094745098985,0.094744295918,4.7321e-07,0.073871537225,0.073871064015,0.000365475249,0.676763836894,0.676398361645,2.2e-11,0.70241627342,0.702416273398,,,,,,,,,,,,,,,
23,6,False,PP_ELIM,9,Maureen McCormick|Marilu Henner|Ryan Lochte|Calvin Johnson Jr.|Laurie Hernandez|Amber Rose|James Hinchcliffe|Jana Kramer|Terra Jole,True,111,2.4385231e-09,9.83212520163e-05,0.908874033954,0.127068992827,0.121847422655,0.129428395058,0.118713053004,0.118851178837,0.018939768653,0.11820879197,0.117378969052,0.129563427944,,,,,,,,2.86915e-07,0.946733431364,0.946733144449,2.71709e-07,0.840651495064,0.840651223355,6.2782e-07,0.819976876071,0.819976248251,2.09989e-06,0.843872698141,0.843870598251,3.40863e-07,0.835315551955,0.835315211092,5.3894e-08,0.106099364623,0.106099310729,1.55771e-07,0.84541752558,0.845417369809,9.3283e-08,0.790638308135,0.790638214852,8.5998e-08,0.811354841843,0.811354755845,,,,,,,,,,,,,,,,,,,,,
23,7,False,PP_ELIM,8,Maureen McCormick|Marilu Henner|Ryan Lochte|Calvin Johnson Jr.|Laurie Hernandez|James Hinchcliffe|Jana Kramer|Terra Jole,True,83,1.034767186e-07,0.000521522661578,0.893720219081,0.017059951325,0.148584497328,0.14521381452,0.13434522433,0.139975922233,0.134960723011,0.14003074071,0.139829126542,,,,,,,,,1.58444e-07,0.108867282705,0.108867124261,0.003656150563,0.945787071167,0.942130920604,0.000122379087,0.852297318716,0.852174939629,2.402361e-06,0.808071965639,0.808069563278,1.8179e-08,0.858607974585,0.858607956406,4.94389e-07,0.857908377186,0.857907882797,1.556327e-06,0.887880062046,0.887878505719,1.944205e-06,0.840238798471,0.840236854266,,,,,,,,,,,,,,,,,,,,,,,,
23,8,False,PP_ELIM,7,Marilu Henner|Ryan Lochte|Calvin Johnson Jr.|Laurie Hernandez|James Hinchcliffe|Jana Kramer|Terra Jole,True,91,2.1325755411e-06,0.0015354543895743,0.89568678385,0.18564268232,0.025716700398,0.155474752525,0.149728842684,0.147722800856,0.155557414733,0.180156806484,,,,,,,,,,0.015044120459,0.926046803959,0.9110026835,6.4553e-08,0.136506850883,0.13650678633,7.1982e-08,0.876699047925,0.876698975943,4.8091e-08,0.886782321097,0.886782273006,2.321419e-06,0.89002040442,0.890018083001,1.269e-07,0.880668521819,0.880668394919,0.010063641899,0.875732184384,0.865668542485,,,,,,,,,,,,,,,,,,,,,,,,,,,
23,9,False,PP_ELIM,6,Marilu Henner|Calvin Johnson Jr.|Laurie Hernandez|James Hinchcliffe|Jana Kramer|Terra Jole,True,62,0.0008165156982322,0.0979818837878634,1.010865552283,0.029945271837,0.197936831251,0.188114521115,0.201830234236,0.187922032351,0.194251109211,,,,,,,,,,,2.1196e-08,0.159662888154,0.159662866958,9.97587e-06,0.938457937651,0.938447961781,1.041136e-06,0.95454395399,0.954542912854,0.000144941677,0.950879527209,0.950734585532,2.206928e-06,0.93978460164,0.939782394712,2.884157e-06,0.954659926561,0.954657042404,,,,,,,,,,,,,,,,,,,,,,,,,,,,,,
23,10,False,PP_ELIM,5,Calvin Johnson Jr.|Laurie Hernandez|James Hinchcliffe|Jana Kramer|Terra Jole,True,40,0.0050403875727165,0.1209693017451971,1.051661430166,0.247950784196,0.2342196752,0.237605876426,0.24126755385,0.038956110328,,,,,,,,,,,,0.0139128056,0.945486775775,0.931573970175,0.000123081224,0.943562517104,0.94343943588,0.003800176094,0.960234874761,0.956434698667,0.007148486885,0.956408007383,0.949259520498,6.1371e-08,0.18831784639,0.188317785019,,,,,,,,,,,,,,,,,,,,,,,,,,,,,,,,,
23,11,True,PP_FINAL,4,Calvin Johnson Jr.|Laurie Hernandez|James Hinchcliffe|Jana Kramer,True,26,0.0069865861878281,0.0419195171269684,0.687241356443,0.13854336912,0.528505320049,0.265696505441,0.06725480539,,,,,,,,,,,,,1.5021166e-05,0.330800597816,0.33078557665,0.247831031453,0.992338389558,0.744507358105,0.000799508325,0.496424948788,0.495625440463,2.866053e-06,0.261328794995,0.261325928942,,,,,,,,,,,,,,,,,,,,,,,,,,,,,,,,,,,,
24,2,False,PP_ELIM,12,Charo|Mr. T|Heather Morris|Nancy Kerrigan|Bonner Bolton|Simone Biles|David Ross|Rashad Jennings|Chris Kattan|Erika Jayne|Normani|Nick Viall,True,149,1.08e-14,4.302781675e-07,0.645970817849,0.092345004279,0.099186684962,0.087482094284,0.088368401662,0.088463213816,0.087805202971,0.089457096804,0.086627709212,0.012660442378,0.088468139724,0.086763826012,0.092372183896,,,,,9.1738e-08,0.695717260136,0.695717168398,6.680361e-05,0.717922158127,0.717855354517,5.9148e-08,0.722583904328,0.72258384518,6.522e-08,0.745969796321,0.745969731101,9.6544e-08,0.756995428334,0.75699533179,9.606e-09,0.686825030041,0.686825020435,3.13499e-07,0.69990234398,0.699902030481,3.74577e-07,0.682453228195,0.682452853618,3.908e-09,0.069167467902,0.069167463994,4.8063e-08,0.747270378338,0.747270330275,2.163e-07,0.764823103756,0.764822887456,6.61451e-07,0.715994538769,0.715993877318,,,,,,,,,,,,
24,3,False,PP_ELIM,11,Charo|Mr. T|Heather Morris|Nancy Kerrigan|Bonner Bolton|Simone Biles|David Ross|Rashad Jennings|Erika Jayne|Normani|Nick Viall,True,99,2.6488e-12,9.6119150175e-06,0.757528655898,0.013285230545,0.1068132287,0.094352380602,0.094385980294,0.106763485798,0.094536876826,0.095123192543,0.098062346148,0.101293902382,0.09392907094,0.101454305222,,,,,,7.5087e-08,0.07995296,0.079952884913,0.000120113408,0.743527116673,0.743407003265,3.51128e-07,0.726762971725,0.726762620597,4.7828e-08,0.728873567765,0.728873519937,9.5314155e-05,0.766180408667,0.766085094512,3.56141e-07,0.801930247689,0.801929891548,1.2388e-08,0.783259616331,0.783259603943,6.97714e-07,0.722398999869,0.722398302155,1.428781e-06,0.731648770417,0.731647341636,8.421e-08,0.737321510302,0.737321426092,3.52688e-07,0.724819579167,0.724819226479,,,,,,,,,,,,,,,
24,4,False,PP_ELIM,10,Mr. T|Heather Morris|Nancy Kerrigan|Bonner Bolton|Simone Biles|David Ross|Rashad Jennings|Erika Jayne|Normani|Nick Viall,True,125,5.68812e-11,2.06410364832e-05,0.801707117906,0.014578066425,0.106498725304,0.10845125933,0.110031902531,0.105869969168,0.111654494341,0.105235577236,0.113581261998,0.11007718523,0.114021558436,,,,,,,1.0667e-08,0.091880441491,0.091880430824,7.02142e-07,0.768937896424,0.768937194282,7.21316e-07,0.774664313723,0.774663592407,3.8065e-07,0.761309336843,0.761308956193,6.15671e-07,0.783725049462,0.783724433791,1.88748e-07,0.742292034631,0.742291845883,3.53892e-07,0.78026269057,0.780262336678,8.1678e-07,0.826732362433,0.826731545653,5.03441e-07,0.776497170493,0.776496667052,9.83623e-07,0.781931354787,0.781930371164,,,,,,,,,,,,,,,,,,
24,5,False,PP_ELIM,9,Heather Morris|Nancy Kerrigan|Bonner Bolton|Simone Biles|David Ross|Rashad Jennings|Erika Jayne|Normani|Nick Viall,True,91,2.8506777e-09,0.0001149393229539,0.864733820697,0.121105390445,0.117519002947,0.133381769866,0.11534583091,0.136226872671,0.126318648184,0.014630883782,0.114285339677,0.12118626152,,,,,,,,3.42057e-07,0.797519177435,0.797518835378,2.8461e-08,0.857252897418,0.857252868957,0.006633649054,0.841444947357,0.834811298303,6.84816e-07,0.803730489006,0.80372980419,0.009938824175,0.788441977366,0.778503153191,1.3506496e-05,0.785040602778,0.785027096282,2.3068e-08,0.090675846857,0.090675823789,8.35692e-07,0.798673268045,0.798672432353,2.84702e-06,0.760999009772,0.760996162752,,,,,,,,,,,,,,,,,,,,,
24,6,False,PP_ELIM,8,Heather Morris|Nancy Kerrigan|Bonner Bolton|Simone Biles|David Ross|Rashad Jennings|Normani|Nick Viall,True,98,3.04792726e-08,0.0001536155338685,0.744526072334,0.014170447979,0.139405487242,0.146673175329,0.135873323788,0.14882155541,0.134330414318,0.130119032031,0.150606563904,,,,,,,,,1.19969e-07,0.092261619498,0.092261499529,0.013219570875,0.762572214311,0.749352643436,0.020712479586,0.752229811785,0.731517332199,0.009409444385,0.748672015822,0.739262571437,0.022363667684,0.775602148503,0.753238480819,0.007537571748,0.789890706771,0.782353135023,0.003873506008,0.763048307835,0.759174801827,0.024367380739,0.754060627615,0.729693246876,,,,,,,,,,,,,,,,,,,,,,,,
24,7,False,PP_MULTI,7,Nancy Kerrigan|Bonner Bolton|Simone Biles|David Ross|Rashad Jennings|Normani|Nick Viall,True,56,3.4852884134e-06,0.0025094076576267,0.928937647509,0.032221790177,0.207838882821,0.177150180105,0.20358960235,0.177119099857,0.166618714634,0.035461730056,,,,,,,,,,3.57775e-07,0.152384168135,0.15238381036,0.02114604836,0.856676689011,0.835530640651,2.7455557e-05,0.880304618721,0.880277163164,0.016825825179,0.909130820812,0.892304995633,6.091082e-06,0.853631194663,0.853625103581,6.080642e-06,0.84994628635,0.849940205708,1.942348e-06,0.149810119258,0.14980817691,,,,,,,,,,,,,,,,,,,,,,,,,,,
24,8,False,PP_ELIM,5,Bonner Bolton|Simone Biles|David Ross|Rashad Jennings|Normani,True,60,0.0084791298132062,0.2034991155169499,1.199600363866,0.051653755986,0.237372293872,0.250039248733,0.232786825043,0.228147876367,,,,,,,,,,,,4.2852e-07,0.225365203777,0.225364775257,4.401492e-06,0.96993245666,0.969928055168,7.404921e-06,0.975777170976,0.975769766055,1.752876e-06,0.96883435604,0.968832603164,4.89456e-07,0.975208578389,0.975208088933,,,,,,,,,,,,,,,,,,,,,,,,,,,,,,,,,
24,9,False,PP_ELIM,4,Simone Biles|David Ross|Rashad Jennings|Normani,True,31,0.0287421568391521,0.1724529410349126,1.17235425137,0.058866325739,0.327844741773,0.305298882454,0.307990050034,,,,,,,,,,,,,9.3738e-08,0.233928097898,0.23392800416,0.033091247303,0.964910097758,0.931818850455,0.010236696426,0.949754224279,0.939517527853,0.013773969666,0.947061425973,0.933287456307,,,,,,,,,,,,,,,,,,,,,,,,,,,,,,,,,,,,
24,10,True,PP_FINAL,3,David Ross|Rashad Jennings|Normani,True,11,0.0749817848258971,0.1499635696517941,0.658942944206,0.297544763679,0.593917690348,0.108537545973,,,,,,,,,,,,,,0.027386953631,0.513758436695,0.486371483064,0.323138771057,0.972247589092,0.649108818035,5.74276e-07,0.325096722226,0.32509614795,,,,,,,,,,,,,,,,,,,,,,,,,,,,,,,,,,,,,,,
25,2,False,PP_MULTI,13,Sasha Pieterse|Frankie Muniz|Jordan Fisher|Derek Fisher|Nikki Bella|Terrell Owens|Victoria Arlen|Barbara Corcoran|Lindsey Stirling|Debbie Gibson|Nick Lachey|Drew Scott|Vanessa Lachey,True,127,2e-16,7.63147069e-08,0.713764183882,0.085424936031,0.082107496875,0.082357879751,0.096068747646,0.094572390857,0.093988261943,0.086011673662,0.014898546371,0.085298496528,0.009152667992,0.095886399576,0.091479811453,0.082752691314,,,,9.42101e-07,0.678140041641,0.67813909954,9.9377e-08,0.569376865744,0.569376766367,3.547344e-06,0.588371495219,0.588367947875,0.005570322263,0.629528340132,0.623958017869,0.004045479857,0.647332586364,0.643287106507,0.00372501051,0.685927584809,0.682202574299,2.27539e-06,0.755882298534,0.755880023144,6.31601e-07,0.063548906368,0.063548274767,7.38018e-06,0.638419611063,0.638412230883,1.52109e-07,0.0586740155,0.058673863391,0.005941213456,0.623388841538,0.617447628082,0.000217171751,0.631733081146,0.631515909395,2.651698e-06,0.603119365429,0.603116713731,,,,,,,,,
25,4,False,PP_ELIM,11,Sasha Pieterse|Frankie Muniz|Jordan Fisher|Derek Fisher|Nikki Bella|Terrell Owens|Victoria Arlen|Lindsey Stirling|Nick Lachey|Drew Scott|Vanessa Lachey,True,130,6.224e-13,2.2584784886e-06,0.715455171109,0.099481302859,0.100152221766,0.09328000306,0.01008704136,0.099800064183,0.099958584722,0.094797546683,0.096206965874,0.106616152533,0.099734755623,0.099885361336,,,,,,1.873655e-06,0.715778837946,0.715776964291,3.318714e-06,0.718544465744,0.71854114703,3.50673e-07,0.763187287067,0.763186936394,4.2146e-08,0.075400306433,0.075400264287,2.160676e-06,0.798427007012,0.798424846336,5.030669e-06,0.773570841962,0.773565811293,1.7169e-08,0.70105573879,0.701055721621,7.15952e-07,0.830909280016,0.830908564064,0.003826370366,0.764362448144,0.760536077778,3.029e-08,0.722744413652,0.722744383362,3.77406e-07,0.725778883099,0.725778505693,,,,,,,,,,,,,,,
25,5,False,PP_ELIM,10,Sasha Pieterse|Frankie Muniz|Jordan Fisher|Nikki Bella|Terrell Owens|Victoria Arlen|Lindsey Stirling|Nick Lachey|Drew Scott|Vanessa Lachey,True,104,7.96386e-11,2.88992715358e-05,0.866099509326,0.0127709605,0.10401966595,0.103318920936,0.107019665395,0.111450648462,0.106696056768,0.105249497709,0.122744335268,0.111825944423,0.114904304589,,,,,,,6.3407e-08,0.082675295082,0.082675231675,7.49001e-07,0.751625360651,0.75162461165,1.265275e-06,0.735739524032,0.735738258757,5.03542e-07,0.770648396926,0.770647893384,2.22759e-07,0.743611495266,0.743611272507,9.36628e-07,0.779069887077,0.779068950449,2.408e-09,0.791205124746,0.791205122338,0.007795234744,0.801158501399,0.793363266655,1.285638e-06,0.800275144906,0.800273859268,8.1977173e-05,0.747049053829,0.746967076656,,,,,,,,,,,,,,,,,,
25,6,False,PP_ELIM,9,Frankie Muniz|Jordan Fisher|Nikki Bella|Terrell Owens|Victoria Arlen|Lindsey Stirling|Nick Lachey|Drew Scott|Vanessa Lachey,True,123,1.8688259e-09,7.53510620007e-05,0.823944249861,0.126360773819,0.118899969006,0.120119203275,0.119619579485,0.12647609536,0.118248172099,0.021695933919,0.128493920546,0.120086352492,,,,,,,,1.30635e-07,0.853577927922,0.853577797287,1.587807e-06,0.810411338263,0.810409750456,2.71337e-07,0.847234368678,0.847234097341,1.08595e-07,0.822443947452,0.822443838857,1.97833e-07,0.83247900349,0.832478805657,4.506e-08,0.851775792233,0.851775747173,2.4113e-08,0.11432303618,0.114323012067,7.49962e-07,0.846879462115,0.846878712153,6.0905e-08,0.862332795392,0.862332734487,,,,,,,,,,,,,,,,,,,,,
25,7,False,PP_MULTI,8,Frankie Muniz|Jordan Fisher|Nikki Bella|Terrell Owens|Victoria Arlen|Lindsey Stirling|Drew Scott|Vanessa Lachey,True,82,7.57207577e-08,0.0003816326189431,0.757644046266,0.146399568525,0.159046957233,0.029477829359,0.170520325934,0.152538329174,0.165952217313,0.152487796503,0.023576975959,,,,,,,,,6.280154e-06,0.838658639217,0.838652359063,0.000508805021,0.767784335698,0.767275530677,3.4495e-07,0.136867159712,0.136866814762,0.01235125,0.857755329881,0.845404079881,1.3024534e-05,0.801108366099,0.801095341565,0.00748885636,0.820447012828,0.812958156468,1.6165636e-05,0.790543616166,0.79052745053,9.3575e-08,0.125394771198,0.125394677623,,,,,,,,,,,,,,,,,,,,,,,,
25,8,False,PP_ELIM,6,Frankie Muniz|Jordan Fisher|Terrell Owens|Victoria Arlen|Lindsey Stirling|Drew Scott,True,63,0.0007145936967618,0.0857512436114107,0.998906376868,0.19068193865,0.176943616133,0.029413486468,0.206146212674,0.187677179559,0.209137566516,,,,,,,,,,,2.122315e-06,0.911331988849,0.911329866534,2.81326e-07,0.924350784066,0.92435050274,2.2827e-08,0.156122802345,0.156122779518,0.010025320475,0.928010221553,0.917984901078,2.097254e-06,0.912447638332,0.912445541078,0.012909751631,0.928259670917,0.915349919286,,,,,,,,,,,,,,,,,,,,,,,,,,,,,,
25,9,False,PP_ELIM,5,Frankie Muniz|Jordan Fisher|Victoria Arlen|Lindsey Stirling|Drew Scott,True,48,0.0047188553981716,0.113252529556118,0.983656472355,0.249568161393,0.224102595919,0.038553975233,0.227432286711,0.260342980745,,,,,,,,,,,,0.018945519885,0.952389584184,0.933444064299,2.934515e-06,0.903685457622,0.903682523107,1.05548e-07,0.187215992929,0.187215887381,1.1298785e-05,0.934085639528,0.934074340743,0.029767118378,0.953021193418,0.92325407504,,,,,,,,,,,,,,,,,,,,,,,,,,,,,,,,,
25,10,True,PP_FINAL,4,Frankie Muniz|Jordan Fisher|Lindsey Stirling|Drew Scott,True,25,0.0065823691701327,0.039494215020796,0.754820264521,0.143481648345,0.525248580655,0.266074941147,0.065194829853,,,,,,,,,,,,,1.6067646e-05,0.333687695471,0.333671627825,0.249244318948,0.995189638484,0.745945319536,5.4065144e-05,0.497610714273,0.497556649129,1.977356e-06,0.253506843837,0.253504866481,,,,,,,,,,,,,,,,,,,,,,,,,,,,,,,,,,,,
26,1,False,PP_MULTI,10,Jamie Anderson|Johnny Damon|Kareem Abdul-Jabbar|Arike Ogunbowale|Jennie Finch Daigle|Chris Mazdzer|Mirai Nagasu|Tonya Harding|Josh Norman|Adam Rippon,True,120,4.46957e-11,1.62191792137e-05,0.781088818299,0.018038357771,0.020111582232,0.139555828323,0.125650548205,0.121388902688,0.121093283673,0.11512586136,0.114621545449,0.112404815894,0.112009274406,,,,,,,2.72946e-07,0.096973740663,0.096973467717,1.23543e-07,0.102245969597,0.102245846054,0.009990591254,0.835306247231,0.825315655977,3.755443e-06,0.749850371611,0.749846616168,1.500604e-05,0.752845627308,0.752830621268,2.4295132e-05,0.784463536647,0.784439241515,1.219555e-06,0.784825176141,0.784823956586,1.916437e-06,0.718578571358,0.718576654921,3.425002e-06,0.768333494586,0.768330069584,5.841986e-06,0.784656139778,0.784650297792,,,,,,,,,,,,,,,,,,
26,2,False,PP_MULTI,8,Kareem Abdul-Jabbar|Arike Ogunbowale|Jennie Finch Daigle|Chris Mazdzer|Mirai Nagasu|Tonya Harding|Josh Norman|Adam Rippon,True,96,4.85775046e-08,0.0002448306229509,0.803185972611,0.030719673173,0.022022055276,0.166010809942,0.160412036593,0.146576374586,0.160784078148,0.166780085408,0.146694886873,,,,,,,,,3.12012e-07,0.133611529397,0.133611217385,2.90579e-07,0.115961267472,0.115960976893,0.013397686523,0.806843425761,0.793445739238,0.007877930206,0.813797196494,0.805919266288,3.2971321e-05,0.767577504119,0.767544532798,0.007970966427,0.80824017944,0.800269213013,0.013525601325,0.849756155065,0.83623055374,1.4584259e-05,0.832607446977,0.832592862718,,,,,,,,,,,,,,,,,,,,,,,,
26,3,False,PP_MULTI,6,Jennie Finch Daigle|Chris Mazdzer|Mirai Nagasu|Tonya Harding|Josh Norman|Adam Rippon,True,79,0.0002489918676485,0.0298790241178227,1.09669393228,0.07490854698,0.068217928609,0.064808783295,0.278388575852,0.263879256364,0.2497969089,,,,,,,,,,,4.02856e-07,0.27045893506,0.270458532204,1.368592e-06,0.248919505837,0.248918137245,1.504e-08,0.243772723615,0.243772708575,0.004481666956,0.960973778236,0.95649211128,0.000258709815,0.94397114477,0.943712434955,0.000106541736,0.948994511985,0.948887970249,,,,,,,,,,,,,,,,,,,,,,,,,,,,,,
26,4,True,PP_FINAL,3,Tonya Harding|Josh Norman|Adam Rippon,True,13,0.0800707332219843,0.1601414664439686,0.462899366741,0.113158268001,0.276810455289,0.61003127671,,,,,,,,,,,,,,1.273602e-06,0.338938428297,0.338937154695,2.1177563e-05,0.502511561519,0.502490383956,0.327875116203,0.999721215661,0.671846099458,,,,,,,,,,,,,,,,,,,,,,,,,,,,,,,,,,,,,,,
27,1,False,PP_ELIM,13,Juan Pablo Di Pace|Evanna Lynch|Nancy McKeon|John Schneider|Milo Manheim|Danelle Umstead|Mary Lou Retton|DeMarcus Ware|Nikki Glaser|Bobby Bones|Tinashe|Alexis Ren|Joe Amabile,True,143,4e-16,1.914264641e-07,0.68723288013,0.078722418571,0.085129622143,0.08131601057,0.085138941346,0.080183989289,0.084903623481,0.080120951896,0.078234530273,0.008872693829,0.080266687833,0.078354159294,0.078306232356,0.100450139117,,,,5.05901e-07,0.693544698531,0.69354419263,2.994908e-06,0.693718233283,0.693715238375,1.319922e-06,0.666259235398,0.666257915476,7.22545e-07,0.687155350735,0.68715462819,7.6933e-08,0.647628363603,0.64762828667,1.0296e-07,0.685436263078,0.685436160118,3.14736e-07,0.662894136171,0.662893821435,1.34948e-07,0.656512574822,0.656512439874,7.5041e-08,0.05669714291,0.056697067869,1.74435e-07,0.723156922305,0.72315674787,4.14e-08,0.697821266835,0.697821225435,3.39043e-07,0.63946724131,0.639466902267,0.013839326786,0.692841860681,0.679002533895,,,,,,,,,
27,2,False,PP_ELIM,12,Juan Pablo Di Pace|Evanna Lynch|Nancy McKeon|John Schneider|Milo Manheim|Danelle Umstead|Mary Lou Retton|DeMarcus Ware|Bobby Bones|Tinashe|Alexis Ren|Joe Amabile,True,148,1.02e-14,4.064693657e-07,0.693589513727,0.086384453065,0.08738037471,0.092227135319,0.090019898471,0.08623864974,0.012211971122,0.088259073368,0.087624052477,0.094801450093,0.086129499506,0.086648886493,0.102074555637,,,,,2.87975e-07,0.700890130922,0.700889842947,3.84806e-07,0.681285989026,0.68128560422,1.190474e-06,0.685729513845,0.685728323371,2.5621e-08,0.692567706136,0.692567680515,7.33802e-07,0.740636487669,0.740635753867,3.8443e-08,0.07256834611,0.072568307667,1.89167e-07,0.707589803803,0.707589614636,9.3285e-08,0.716678026861,0.716677933576,5.96923e-07,0.693282836512,0.693282239589,9.1975e-08,0.817069615382,0.817069523407,8.0979e-07,0.730409122094,0.730408312304,0.003704104868,0.730692759469,0.726988654601,,,,,,,,,,,,
27,3,False,PP_ELIM,11,Juan Pablo Di Pace|Evanna Lynch|Nancy McKeon|John Schneider|Milo Manheim|Mary Lou Retton|DeMarcus Ware|Bobby Bones|Tinashe|Alexis Ren|Joe Amabile,True,148,5.031e-13,1.8257603379e-06,0.695743968478,0.092352279731,0.093650741111,0.0119539687,0.107671390675,0.093736696836,0.097997910753,0.094609047999,0.101115602401,0.093901430573,0.094423854226,0.118587076994,,,,,,1.0825e-08,0.701264737436,0.701264726611,6.04879e-07,0.698080617486,0.698080012607,5.4106e-08,0.08279328078,0.082793226674,0.003781945575,0.813622324635,0.80984037906,7.1008e-07,0.745206197683,0.745205487603,1.7078e-07,0.705866286034,0.705866115254,2.7658e-07,0.747242940636,0.747242664056,1.0441e-08,0.737515369276,0.737515358835,5.26522e-07,0.696837474897,0.696836948375,4.75123e-07,0.753131531582,0.753131056459,0.014806106376,0.728643247003,0.713837140627,,,,,,,,,,,,,,,
27,4,False,PP_ELIM,10,Juan Pablo Di Pace|Evanna Lynch|John Schneider|Milo Manheim|Mary Lou Retton|DeMarcus Ware|Bobby Bones|Tinashe|Alexis Ren|Joe Amabile,True,124,8.2321e-12,2.9872471174e-06,0.626922700194,0.104776008833,0.104349954269,0.117592563831,0.08809343844,0.09653202087,0.11391849344,0.122200636033,0.009085630243,0.100289797849,0.143161456192,,,,,,,0.008865571355,0.648742582214,0.639877010859,0.00867763145,0.651074787215,0.642397155765,0.021704766651,0.63252079537,0.610816028719,3.548494e-06,0.659515151719,0.659511603225,0.000131392438,0.658017029276,0.657885636838,0.017315646563,0.63156891195,0.614253265387,0.025917312772,0.674291377316,0.648374064544,8.9334e-08,0.066243713135,0.066243623801,0.004558861945,0.674420727033,0.669861865088,0.047504356378,0.688349995359,0.640845638981,,,,,,,,,,,,,,,,,,
27,6,False,PP_ELIM,9,Juan Pablo Di Pace|Evanna Lynch|John Schneider|Milo Manheim|Mary Lou Retton|DeMarcus Ware|Bobby Bones|Alexis Ren|Joe Amabile,True,103,1.9074966e-09,7.69102634319e-05,0.868167813132,0.111357205411,0.112514463915,0.14696551167,0.111680276372,0.015438046266,0.118523582023,0.134016590425,0.115443708469,0.13406061545,,,,,,,,1.04234e-07,0.804475848072,0.804475743838,1.04655e-06,0.870266571059,0.870265524509,0.021908165965,0.844584390502,0.822676224537,2.53241e-07,0.813635786858,0.813635533617,1.261e-09,0.092439541197,0.092439539936,3.255826e-06,0.770355492605,0.770352236779,0.008819473217,0.809193523729,0.800374050512,2.992938e-06,0.81470071524,0.814697722302,0.008895550349,0.806324460132,0.797428909783,,,,,,,,,,,,,,,,,,,,,
27,7,False,PP_MULTI,8,Juan Pablo Di Pace|Evanna Lynch|John Schneider|Milo Manheim|DeMarcus Ware|Bobby Bones|Alexis Ren|Joe Amabile,True,90,3.48619863e-08,0.0001757044109237,0.840274534592,0.154678849568,0.148751299752,0.024552258914,0.151177332056,0.025641797424,0.162540845338,0.157095225412,0.175562391537,,,,,,,,,7.9457342e-05,0.82963361531,0.829554157968,4.556583e-06,0.849388731023,0.84938417444,1.062748e-06,0.118392461604,0.118391398856,3.198983e-06,0.775270477264,0.775267278281,2.92906e-07,0.123494779823,0.123494486917,0.002903197668,0.830447148366,0.827543950698,9.0059653e-05,0.870776478179,0.870686418526,0.016528439536,0.834274987318,0.817746547782,,,,,,,,,,,,,,,,,,,,,,,,
27,8,False,PP_MULTI,6,Juan Pablo Di Pace|Evanna Lynch|Milo Manheim|Bobby Bones|Alexis Ren|Joe Amabile,True,64,0.0002381033714227,0.028572404570726,0.885419352372,0.037834665354,0.214062727513,0.223632501801,0.254755819499,0.214780200332,0.054934085501,,,,,,,,,,,5.36913e-07,0.166416039455,0.166415502542,0.007012698127,0.85872216844,0.851709470313,0.015822448357,0.858177408087,0.84235495973,0.047709191155,0.871150451142,0.823441259987,0.007378681051,0.863675560334,0.856296879283,4.20774e-07,0.204153305376,0.204152884602,,,,,,,,,,,,,,,,,,,,,,,,,,,,,,
27,9,True,PP_FINAL,4,Evanna Lynch|Milo Manheim|Bobby Bones|Alexis Ren,True,36,0.0060258574184015,0.0361551445104089,0.705418070675,0.135773985582,0.261656594974,0.538794325047,0.063775094398,,,,,,,,,,,,,7.042657e-06,0.318977714654,0.318970671997,0.001036388968,0.482261532137,0.481225143169,0.267472953512,0.996723303703,0.729250350191,3.26059e-07,0.251417170217,0.251416844158,,,,,,,,,,,,,,,,,,,,,,,,,,,,,,,,,,,,
28,2,False,RR_MULTI,12,Kate Flannery|James Van Der Beek|Kel Mitchell|Ray Lewis|Lamar Odom|Sailor Brinkley-Cook|Sean Spicer|Mary Wilson|Lauren Alaina|Ally Brooke|Karamo Brown|Hannah Brown,True,137,5.2e-15,2.074253626e-07,0.629920743274,0.085255301912,0.085051610753,0.085632956988,0.022896264703,0.126424528772,0.105374585264,0.113878398481,0.023093781847,0.091226492232,0.085132024539,0.091123213244,0.084910841264,,,,,4.292e-08,0.731501001354,0.731500958434,1.0624e-07,0.635955515749,0.635955409509,5.37153e-07,0.62864134567,0.628640808517,8.768e-08,0.143238475448,0.143238387768,0.002524475762,0.673470003152,0.67094552739,0.000100754458,0.729160491982,0.729059737524,0.001151447485,0.668493051642,0.667341604157,2.7209e-08,0.162329967718,0.162329940509,1.180195e-06,0.70778509986,0.707783919665,2.21426e-07,0.655546012665,0.655545791239,2.09725e-07,0.642586971319,0.642586761594,1.254732e-06,0.662405496149,0.662404241417,,,,,,,,,,,,
28,4,False,RR_B2,10,Kate Flannery|James Van Der Beek|Kel Mitchell|Lamar Odom|Sailor Brinkley-Cook|Sean Spicer|Lauren Alaina|Ally Brooke|Karamo Brown|Hannah Brown,True,123,3.628e-11,1.31652890012e-05,0.746436136944,0.114092147802,0.107772304668,0.10177726914,0.043439929718,0.104541411502,0.115079924855,0.101835774599,0.101714956308,0.108049042193,0.101697239215,,,,,,,1.13419e-07,0.75960804026,0.759607926841,3.05545e-07,0.787164372686,0.787164067141,4.70482e-07,0.802358875026,0.802358404544,1.02072e-07,0.422504979839,0.422504877767,7.2849e-08,0.829546338267,0.829546265418,2.15673e-07,0.821915448202,0.821915232529,2.71341e-07,0.768773721015,0.768773449674,1.74753e-07,0.78068449368,0.780684318927,1.19076e-07,0.81588305768,0.815882938604,1.08758e-07,0.819562536192,0.819562427434,,,,,,,,,,,,,,,,,,
28,6,False,RR_B2,9,Kate Flannery|James Van Der Beek|Kel Mitchell|Sailor Brinkley-Cook|Sean Spicer|Lauren Alaina|Ally Brooke|Karamo Brown|Hannah Brown,True,79,5.334345e-10,2.15080789004e-05,0.685249321178,0.059607383176,0.057349369653,0.101618403985,0.012601744915,0.174280952043,0.098748595103,0.15166121312,0.152571389202,0.191560948803,,,,,,,,0.000697006345,0.557431411601,0.556734405256,0.000617015101,0.586802292278,0.586185277177,0.001241250435,0.602311148976,0.601069898541,1.431221e-06,0.085963193097,0.085961761876,0.000342080934,0.765054511449,0.764712430515,0.002330551576,0.557129275659,0.554798724083,0.004759511058,0.70965268397,0.704893172912,0.000723769338,0.636238209498,0.63551444016,0.000432711497,0.711713047808,0.711280336311,,,,,,,,,,,,,,,,,,,,,
28,7,False,RR_B2,8,Kate Flannery|James Van Der Beek|Kel Mitchell|Sean Spicer|Lauren Alaina|Ally Brooke|Karamo Brown|Hannah Brown,True,105,8.49544786e-08,0.0004281705722969,0.992364734569,0.146690490302,0.125558731477,0.146709726033,0.149762662568,0.125504278889,0.1256612265,0.041552002105,0.138560882126,,,,,,,,,8.7886e-08,0.90034087586,0.900340787974,2.9703e-08,0.85816120911,0.858161179407,6.2723e-08,0.873183660185,0.873183597462,5.441e-09,0.881180335379,0.881180329938,5.2139e-08,0.848376328669,0.84837627653,1.69921e-07,0.865665915512,0.865665745591,4.035e-09,0.264303628557,0.264303624522,8.58e-10,0.88565127299,0.885651272132,,,,,,,,,,,,,,,,,,,,,,,,
28,8,False,RR_B2,7,Kate Flannery|James Van Der Beek|Kel Mitchell|Sean Spicer|Lauren Alaina|Ally Brooke|Hannah Brown,True,93,1.4985729909e-06,0.0010789725534372,0.965868633101,0.045941848951,0.145002015423,0.167125076364,0.170576112664,0.167103169356,0.157130928652,0.147120848591,,,,,,,,,,2.301e-08,0.277533542017,0.277533519007,6.4711e-08,0.899448053386,0.899447988675,1.490201e-06,0.903565250832,0.903563760631,1.36724e-07,0.914816361805,0.914816225081,1.13356e-07,0.889278245999,0.889278132643,2.75304e-07,0.922075884685,0.922075609381,2.75153e-07,0.933916264411,0.933915989258,,,,,,,,,,,,,,,,,,,,,,,,,,,
28,9,False,RR_B2,6,James Van Der Beek|Kel Mitchell|Sean Spicer|Lauren Alaina|Ally Brooke|Hannah Brown,True,69,0.0033627155573621,0.4035258668834525,0.978169963261,0.181353565957,0.172889142701,0.091203132649,0.192222860251,0.170461298833,0.191869999609,,,,,,,,,,,1.17976e-07,0.959806934523,0.959806816547,7.5521e-08,0.958859567248,0.958859491727,1.2614e-08,0.840770247739,0.840770235125,8.9332e-08,0.949290902569,0.949290813237,8.18e-09,0.949142902563,0.949142894383,1.42099e-07,0.948549276945,0.948549134846,,,,,,,,,,,,,,,,,,,,,,,,,,,,,,
28,10,False,RR_B2,5,James Van Der Beek|Kel Mitchell|Lauren Alaina|Ally Brooke|Hannah Brown,True,48,0.0231023610693681,0.5544566656648333,1.180849574688,0.132225390829,0.218499549312,0.222060049289,0.205210530325,0.222004480245,,,,,,,,,,,,1.5007e-07,0.951623027022,0.951622876952,1.28629e-07,0.986478726676,0.986478598047,2.07549e-07,0.970000687761,0.970000480212,3.66862e-07,0.967156853675,0.967156486813,5.3292e-08,0.982758087632,0.98275803434,,,,,,,,,,,,,,,,,,,,,,,,,,,,,,,,,
28,11,True,RR_FINAL,4,Kel Mitchell|Lauren Alaina|Ally Brooke|Hannah Brown,True,23,0.0187323125210218,0.1123938751261308,0.661089334209,0.229137402693,0.159786115807,0.090299268019,0.520777213481,,,,,,,,,,,,,0.00026262662,0.495364018651,0.495101392031,4.4145e-08,0.49344674245,0.493446698305,8.91167e-07,0.328639210964,0.328638319797,0.253786170934,0.98620968331,0.732423512376,,,,,,,,,,,,,,,,,,,,,,,,,,,,,,,,,,,,
29,2,False,RR_B2,15,Anne Heche|Jesse Metcalfe|Chrishell Stause|Skai Jackson|Justina Machado|Charles Oakley|Veron Davis|Johnny Weir|Nev Schulman|AJ McLean|Nelly|Kaitlyn Bristowe|Carole Baskin|Monica Aldama|Jeannie Mai,True,171,0.0,9.364147e-10,0.57770949888,0.06823327382,0.067730488931,0.068427156996,0.076274078452,0.067751285695,0.024154370524,0.06822479449,0.068302797009,0.067833719629,0.068036783973,0.06826234666,0.06777879424,0.075346572773,0.075384941025,0.068258595782,,3.8128e-08,0.63369296164,0.633692923512,5.0658e-08,0.684040501394,0.684040450736,1.1761e-08,0.649714809569,0.649714797808,1.8431e-08,0.67397308216,0.673973063729,7.3212e-08,0.658418677199,0.658418603987,6.194e-09,0.166522900034,0.16652289384,9.2797e-08,0.581383564892,0.581383472095,3.0378e-08,0.651047124295,0.651047093917,2.09802e-07,0.622679706981,0.622679497179,1.57164e-07,0.671158522012,0.671158364848,2.1903e-08,0.623036581951,0.623036560048,6.485e-09,0.709386889826,0.709386883341,9.832e-08,0.606828071227,0.606827972907,8.3572e-08,0.620803464154,0.620803380582,2.108e-09,0.610374958549,0.610374956441,,,
29,3,False,RR_B2,14,Anne Heche|Jesse Metcalfe|Chrishell Stause|Skai Jackson|Justina Machado|Veron Davis|Johnny Weir|Nev Schulman|AJ McLean|Nelly|Kaitlyn Bristowe|Carole Baskin|Monica Aldama|Jeannie Mai,True,160,0.0,1.33666413e-08,0.624674825316,0.081210684526,0.075873707604,0.07274335948,0.078802000608,0.077301489047,0.072556316469,0.072663400103,0.072581993429,0.073542800609,0.078884417325,0.072613516479,0.02508587516,0.07346503115,0.07267540801,,,1.714e-09,0.641923529316,0.641923527602,5.299e-08,0.657344881225,0.657344828235,3.2963e-08,0.652415557576,0.652415524613,2.1025e-08,0.615615292423,0.615615271398,2.19665e-07,0.701373562106,0.701373342441,2.1878e-07,0.645916835479,0.645916616699,1.98004e-07,0.660211747052,0.660211549048,4.5976e-08,0.667749095303,0.667749049327,1.05557e-07,0.634323199879,0.634323094322,6.6384e-08,0.74409737507,0.744097308686,1.4e-11,0.699297165398,0.699297165384,1.82008e-07,0.202331290837,0.202331108829,4.8502e-08,0.714334998359,0.714334949857,4.7046e-08,0.639381310578,0.639381263532,,,,,,
29,4,False,RR_B2,13,Anne Heche|Jesse Metcalfe|Chrishell Stause|Skai Jackson|Justina Machado|Veron Davis|Johnny Weir|Nev Schulman|AJ McLean|Nelly|Kaitlyn Bristowe|Monica Aldama|Jeannie Mai,True,149,2e-16,7.98004001e-08,0.642772667188,0.021446026122,0.087909735804,0.085598243029,0.077533972745,0.077823631858,0.085527159693,0.077626075948,0.077709799435,0.077713257307,0.087980053803,0.077506408993,0.077751891834,0.08787374343,,,,3.7082e-08,0.153996084414,0.153996047332,1.593e-07,0.72791974876,0.72791958946,3.439e-08,0.658463540015,0.658463505625,1.71134e-07,0.797843677505,0.797843506371,1.3419e-08,0.66131740849,0.661317395071,4.5377e-08,0.690417772538,0.690417727161,3.0683e-08,0.663544370109,0.663544339426,9.3441e-08,0.633307273789,0.633307180348,2.75219e-07,0.708092304075,0.708092028856,1.40795e-07,0.655589951686,0.655589810891,1.21951e-07,0.652751183604,0.652751061653,2.1729e-07,0.666828605015,0.666828387725,1.65e-10,0.720299903912,0.720299903747,,,,,,,,,
29,5,False,RR_B2,12,Jesse Metcalfe|Chrishell Stause|Skai Jackson|Justina Machado|Veron Davis|Johnny Weir|Nev Schulman|AJ McLean|Nelly|Kaitlyn Bristowe|Monica Aldama|Jeannie Mai,True,161,6.4e-15,2.546859513e-07,0.630134548482,0.033230737896,0.0954714874,0.087008437137,0.086936908399,0.09565611291,0.085105620784,0.085259518625,0.086872926753,0.086986589361,0.085149329984,0.085390961586,0.086931369164,,,,,2.6526e-08,0.205836824534,0.205836798008,1.1941e-07,0.746585778917,0.746585659507,6.887e-09,0.735360018061,0.735360011174,4.4812e-08,0.74045192209,0.740451877278,4.6132e-08,0.720328838323,0.720328792191,7.7511e-08,0.733638783238,0.733638705727,1.689e-08,0.686672262922,0.686672246032,4.8425e-08,0.693812622741,0.693812574316,1.4581e-08,0.785096071102,0.785096056521,1.076e-09,0.771027943896,0.77102794282,5.7778e-08,0.677117788545,0.677117730767,9.6154e-08,0.691306314413,0.691306218259,,,,,,,,,,,,
29,6,False,RR_B2,11,Chrishell Stause|Skai Jackson|Justina Machado|Veron Davis|Johnny Weir|Nev Schulman|AJ McLean|Nelly|Kaitlyn Bristowe|Monica Aldama|Jeannie Mai,True,144,7.673e-13,2.7843288829e-06,0.737315692416,0.099385919895,0.104304464511,0.092502574212,0.031191116904,0.104441705641,0.094179763799,0.092552680533,0.099600847376,0.092687835609,0.092644369393,0.096508722128,,,,,,6.2994e-08,0.744519724516,0.744519661522,1.23067e-07,0.774150935888,0.774150812821,1.34604e-07,0.738562611692,0.738562477088,6.8229e-08,0.282660826369,0.28266075814,2.69433e-07,0.765314579423,0.76531430999,1.47149e-07,0.757549905406,0.757549758257,1.63171e-07,0.763684961397,0.763684798226,8.2873e-08,0.79204142951,0.792041346637,6.087e-08,0.757697874446,0.757697813576,1.001e-08,0.755022072138,0.755022062128,2.60587e-07,0.742079362468,0.742079101881,,,,,,,,,,,,,,,
29,7,False,RR_MULTI,10,Chrishell Stause|Skai Jackson|Justina Machado|Johnny Weir|Nev Schulman|AJ McLean|Nelly|Kaitlyn Bristowe|Monica Aldama|Jeannie Mai,True,121,5.95169e-11,2.1597486959e-05,0.763881024731,0.116935724041,0.104618135045,0.116776392965,0.104412058311,0.104512201472,0.117131538445,0.10437989039,0.155155855391,0.044329392364,0.031748811576,,,,,,,2.389581e-06,0.774110743553,0.774108353972,4.5974e-08,0.787874558152,0.787874512178,8.33422e-07,0.775188610497,0.775187777075,1.13795e-07,0.759264903058,0.759264789263,1.0039e-08,0.779369116556,0.779369106517,6.55462e-07,0.799633771828,0.799633116366,1.77895e-07,0.773436668055,0.77343649016,0.001889387249,0.805519724411,0.803630337162,1.8392e-08,0.352419948825,0.352419930433,2.0256e-08,0.19982043013,0.199820409874,,,,,,,,,,,,,,,,,,
29,8,False,RR_B2,8,Chrishell Stause|Skai Jackson|Justina Machado|Johnny Weir|Nev Schulman|AJ McLean|Nelly|Kaitlyn Bristowe,True,76,1.102295028e-07,0.0005555566940323,0.964015744398,0.031621028535,0.150446326161,0.131922814129,0.123805006311,0.12416615697,0.142254065041,0.153173029102,0.142611573751,,,,,,,,,2.77e-08,0.187683762237,0.187683734537,1.68913e-07,0.845496413784,0.845496244871,2.066e-08,0.842301933736,0.842301913076,2.1179e-08,0.876008411721,0.876008390542,2.89874e-07,0.872095821501,0.872095531627,5.36479e-07,0.865126078798,0.865125542319,8.51011e-07,0.839293513438,0.839292662427,5.52573e-07,0.853126783596,0.853126231023,,,,,,,,,,,,,,,,,,,,,,,,
29,9,False,RR_B2,7,Skai Jackson|Justina Machado|Johnny Weir|Nev Schulman|AJ McLean|Nelly|Kaitlyn Bristowe,True,102,1.6946246715e-06,0.0012201297635018,0.885436417854,0.154966372413,0.167601202284,0.145993313375,0.155343031764,0.062630874228,0.167385462461,0.146079743475,,,,,,,,,,9.49025e-07,0.939967849547,0.939966900522,1.60339e-07,0.886420488803,0.886420328464,6.1821e-08,0.89981526248,0.899815200659,4.36039e-07,0.911521013653,0.911520577614,6.4367e-08,0.428985147164,0.428985082797,4.44196e-07,0.923822454822,0.923822010626,9.831e-09,0.925318637524,0.925318627693,,,,,,,,,,,,,,,,,,,,,,,,,,,
29,10,False,RR_MULTI,6,Skai Jackson|Justina Machado|Johnny Weir|Nev Schulman|Nelly|Kaitlyn Bristowe,True,75,0.0005107946610687,0.0612953593282451,1.029589492845,0.059997133515,0.227457411748,0.060147575833,0.175314996466,0.301924193842,0.175158688596,,,,,,,,,,,1.22937e-07,0.303869829989,0.303869707052,0.002284100324,0.911764595494,0.90948049517,5.503e-08,0.301752916876,0.301752861846,8.24421e-07,0.937167194737,0.937166370316,0.013310025777,0.956894096512,0.943584070735,4.169621e-06,0.908717192506,0.908713022885,,,,,,,,,,,,,,,,,,,,,,,,,,,,,,
29,11,True,RR_FINAL,4,Justina Machado|Nev Schulman|Nelly|Kaitlyn Bristowe,True,30,0.0055737135482701,0.0334422812896203,0.639485262583,0.062231326085,0.145661111892,0.520903691638,0.271203870385,,,,,,,,,,,,,2.270982e-06,0.244555559092,0.24455328811,0.000506549628,0.327840672784,0.327334123156,0.253727484379,0.993910392867,0.740182908488,0.005185939557,0.494112079401,0.488926139844,,,,,,,,,,,,,,,,,,,,,,,,,,,,,,,,,,,,
30,2,False,RR_B2,15,"Martin Kove|Brian Austin Green|Melora Hardin|Matt James|Mike ""The Miz"" Mizanin|Suni Lee|Iman Shumpert|Cody Rigsby|Melanie C|Jimmie Allen|Olivia Jade|JoJo Siwa|Christine Chiu|Kenya Moore|Amanda Kloots",True,170,0.0,1.7662905e-09,0.633256239148,0.023043141128,0.074659140774,0.067944052692,0.075221439946,0.068873054144,0.06790873833,0.069944808636,0.071055182156,0.067860078219,0.067858893759,0.067921052374,0.067818660237,0.071048378197,0.070967396078,0.06787598333,,5.266e-09,0.161288420186,0.16128841492,1.91254e-07,0.608020938238,0.608020746984,4.5562e-08,0.607909355198,0.607909309636,5.097e-09,0.614355092199,0.614355087102,1.6157e-08,0.770656392543,0.770656376386,4.06e-09,0.632726306425,0.632726302365,1.20826e-07,0.702253551747,0.702253430921,6.2129e-08,0.697649866177,0.697649804048,9.16e-09,0.635802527635,0.635802518475,5.5499e-08,0.637299773842,0.637299718343,1.56222e-07,0.654071494863,0.654071338641,7.624e-09,0.628337369546,0.628337361922,3.5542e-08,0.638494235327,0.638494199785,1.0314e-08,0.60354971561,0.603549705296,3.223e-09,0.600941769185,0.600941765962,,,
30,3,False,RR_B2,14,"Brian Austin Green|Melora Hardin|Matt James|Mike ""The Miz"" Mizanin|Suni Lee|Iman Shumpert|Cody Rigsby|Melanie C|Jimmie Allen|Olivia Jade|JoJo Siwa|Christine Chiu|Kenya Moore|Amanda Kloots",True,147,0.0,1.27536757e-08,0.618167076865,0.091896743685,0.066739959025,0.082351834381,0.068319080252,0.071539980812,0.091420804828,0.097594087828,0.068027933735,0.082300592336,0.066260626039,0.066614829346,0.008685754314,0.071837344635,0.066410428783,,,5.410403e-06,0.621200839225,0.621195428822,5.63176e-07,0.547212355204,0.547211792028,2.33386e-07,0.627310909813,0.627310676427,1.676488e-06,0.592548712542,0.592547036054,6.223223e-06,0.603714970229,0.603708747006,8.54598e-07,0.637805362962,0.637804508364,2.107531e-06,0.588332107589,0.588330000058,1.5523e-08,0.706886294375,0.706886278852,2.212884e-06,0.600376331323,0.600374118439,8.21352e-07,0.624311160382,0.62431033903,2.88561e-07,0.588813320086,0.588813031525,2.89477e-07,0.061618855546,0.061618566069,8.1033e-07,0.622451187651,0.622450377321,6.56114e-07,0.598341606152,0.598340950038,,,,,,
30,4,False,RR_MULTI,13,"Brian Austin Green|Melora Hardin|Matt James|Mike ""The Miz"" Mizanin|Suni Lee|Iman Shumpert|Cody Rigsby|Melanie C|Jimmie Allen|Olivia Jade|JoJo Siwa|Kenya Moore|Amanda Kloots",True,157,1e-16,4.20509192e-08,0.622048540451,0.027167630084,0.08017098425,0.021954376769,0.083751548287,0.079983801268,0.093053741055,0.107368733944,0.081602176238,0.083971732075,0.08007700566,0.080227747695,0.100292011685,0.08037851099,,,,1.4789e-08,0.192359015669,0.19235900088,1.5726e-08,0.664810659939,0.664810644213,1.95608e-07,0.158364139755,0.158363944147,7.58191e-07,0.664978346345,0.664977588154,9.6736e-08,0.681098032496,0.68109793576,7.91689e-07,0.69641182763,0.696411035941,0.000362492472,0.664336463697,0.663973971225,3.13539e-07,0.692503928819,0.69250361528,7.808e-07,0.695274778421,0.695273997621,3.97531e-07,0.68213592231,0.682135524779,1.54001e-07,0.633561947715,0.633561793714,1.598556e-06,0.683991397676,0.68398979912,4.074e-08,0.664505728032,0.664505687292,,,,,,,,,
30,5,False,RR_B2,11,"Melora Hardin|Mike ""The Miz"" Mizanin|Suni Lee|Iman Shumpert|Cody Rigsby|Melanie C|Jimmie Allen|Olivia Jade|JoJo Siwa|Kenya Moore|Amanda Kloots",True,119,7.972e-13,2.893058392e-06,0.758781884413,0.077812891011,0.132792835818,0.077729337092,0.141466222297,0.132715047271,0.009501021524,0.121792184492,0.077173761397,0.073661555692,0.078309409217,0.07704573419,,,,,,7.859815e-06,0.663460439207,0.663452579392,8.27352e-07,0.719853676151,0.719852848799,2.7264078e-05,0.658740920705,0.658713656627,2.2817554e-05,0.688044227115,0.688021409561,1.81539e-06,0.666762130427,0.666760315037,1.4628e-07,0.069986712133,0.069986565853,1.1880957e-05,0.64384425814,0.643832377183,2.8614644e-05,0.644334737949,0.644306123305,4.588833e-06,0.608992896882,0.608988308049,6.784698e-06,0.647322334003,0.647315549305,7.8812012e-05,0.671924295772,0.67184548376,,,,,,,,,,,,,,,
30,6,False,RR_B2,10,"Melora Hardin|Mike ""The Miz"" Mizanin|Suni Lee|Iman Shumpert|Cody Rigsby|Jimmie Allen|Olivia Jade|JoJo Siwa|Kenya Moore|Amanda Kloots",True,130,4.62474e-11,1.67822547281e-05,0.812032338747,0.11285862136,0.11256539002,0.106155716386,0.102191952883,0.10592844848,0.10254994658,0.105951528303,0.102272402721,0.046932955351,0.102593037918,,,,,,,9.621e-09,0.806618762982,0.806618753361,2.55337e-07,0.827937356957,0.82793710162,1.26707e-07,0.816854615915,0.816854489208,1.5278e-08,0.753345807252,0.753345791974,1.01725e-07,0.800412625388,0.800412523663,4.5907e-08,0.784071730962,0.784071685055,4.7784e-08,0.786930955603,0.786930907819,8.222e-09,0.762764097765,0.762764089543,1.9791e-07,0.513363390772,0.513363192862,2.0949e-08,0.854237450171,0.854237429222,,,,,,,,,,,,,,,,,,
30,7,False,RR_B2,9,"Melora Hardin|Mike ""The Miz"" Mizanin|Suni Lee|Iman Shumpert|Cody Rigsby|Jimmie Allen|Olivia Jade|JoJo Siwa|Amanda Kloots",True,130,1.5734957e-09,6.34433454851e-05,0.783409439424,0.114681810171,0.054884448536,0.122644208638,0.12266553913,0.12019079257,0.114707718558,0.113606783719,0.113797767124,0.122820931555,,,,,,,,2.61029e-07,0.868420057648,0.868419796619,8.9976e-08,0.614279707692,0.614279617716,2.4972e-08,0.847662789929,0.847662764957,2.07348e-07,0.846992600594,0.846992393246,3.8395e-08,0.869434852806,0.869434814411,2.17177e-07,0.826550724299,0.826550507122,1.29086e-07,0.820482048797,0.820481919711,5.194e-09,0.824774522427,0.824774517233,1.89773e-07,0.829735442053,0.82973525228,,,,,,,,,,,,,,,,,,,,,
30,8,False,RR_MULTI,8,Melora Hardin|Suni Lee|Iman Shumpert|Cody Rigsby|Jimmie Allen|Olivia Jade|JoJo Siwa|Amanda Kloots,True,109,4.96545638e-08,0.0002502590015745,0.827831895417,0.127878112094,0.128270554142,0.197207545493,0.170612324811,0.059066138546,0.040030117856,0.148818690856,0.128116516202,,,,,,,,,5.91612e-07,0.843103953645,0.843103362033,6.72313e-07,0.833914137963,0.83391346565,0.002028774606,0.836350945817,0.834322171211,7.6294073e-05,0.858812048046,0.858735753973,2.84e-10,0.419278095016,0.419278094732,7.57936e-07,0.2463898715,0.246389113564,1.483295e-06,0.888606002643,0.888604519348,1.117611e-06,0.859859344117,0.859858226506,,,,,,,,,,,,,,,,,,,,,,,,
30,9,False,RR_MULTI,6,Melora Hardin|Suni Lee|Iman Shumpert|Cody Rigsby|JoJo Siwa|Amanda Kloots,True,53,0.0006005273987504,0.0720632878500453,1.062955857966,0.087810540331,0.040010224951,0.206907682129,0.299182698161,0.168635290898,0.19745356353,,,,,,,,,,,2.310955e-06,0.430042553297,0.430040242342,1.0714e-07,0.229033730299,0.229033623159,0.000129842488,0.895629520354,0.895499677866,0.004852893054,0.943885313836,0.939032420782,1.473983e-06,0.925761647958,0.925760173975,0.000139405665,0.985462989307,0.985323583642,,,,,,,,,,,,,,,,,,,,,,,,,,,,,,
30,10,True,RR_FINAL,4,Iman Shumpert|Cody Rigsby|JoJo Siwa|Amanda Kloots,True,27,0.0269735247866447,0.1618411487198683,1.132768621737,0.458170937539,0.302094505742,0.156276631001,0.083457925718,,,,,,,,,,,,,0.008155810427,0.988291196925,0.980135386498,0.000583471884,0.981156337478,0.980572865594,1.0621e-08,0.491399969865,0.491399959244,3.06082e-07,0.327875301063,0.327874994981,,,,,,,,,,,,,,,,,,,,,,,,,,,,,,,,,,,,
31,1,False,RR_B2,16,Jason Lewis|Cheryl Ladd|Selma Blair|Joseph Baena|Trevor Donovan|Daniel Durant|Wayne Brady|Sam Champion|Jessie James Decker|Jordin Sparks|Heidi D'Amelio|Charli D'Amelio|Teresa Giudice|Vinny Guadagnino|Shangela|Gabby Windey,True,174,0.0,2.811165e-10,0.568315648338,0.018315777169,0.065970532615,0.063693888958,0.064995921899,0.0659209407,0.063636709271,0.063739963877,0.068116247364,0.068289935052,0.063821260166,0.064187230066,0.063653354155,0.068327282306,0.070105901085,0.063604578096,0.063620477221,1.16854e-07,0.134401748105,0.134401631251,6.6048e-08,0.582107594227,0.582107528179,5.5024e-08,0.555555804947,0.555555749923,2.95839e-07,0.587136735072,0.587136439233,5.2554e-08,0.58428696089,0.584286908336,1.8763e-08,0.575905711469,0.575905692706,6.7462e-08,0.598265822884,0.598265755422,9.7467e-08,0.578280705633,0.578280608166,1.8865e-08,0.636865350541,0.636865331676,1.6946e-08,0.640647673948,0.640647657002,2.3215e-08,0.623048235772,0.623048212557,2.288e-09,0.586660170629,0.586660168341,2.1313e-08,0.624761081129,0.624761059816,1.02423e-07,0.636567496509,0.636567394086,1.09147e-07,0.600839198425,0.600839089278,3.0817e-08,0.587512265567,0.58751223475
31,2,False,RR_B2,15,Cheryl Ladd|Selma Blair|Joseph Baena|Trevor Donovan|Daniel Durant|Wayne Brady|Sam Champion|Jessie James Decker|Jordin Sparks|Heidi D'Amelio|Charli D'Amelio|Teresa Giudice|Vinny Guadagnino|Shangela|Gabby Windey,True,168,0.0,1.495028e-09,0.632151991487,0.075698119465,0.067789647954,0.075732550494,0.067677501775,0.067665018881,0.067668175512,0.072999661706,0.074378076288,0.069796438174,0.067787119297,0.067717929179,0.01977279931,0.069812561587,0.067777876475,0.067726523904,,7.3619e-08,0.653387090832,0.653387017213,3.8019e-08,0.635809596733,0.635809558714,1.21952e-07,0.665415381886,0.665415259934,1.18437e-07,0.653348073102,0.653347954665,1.2664e-08,0.674838892381,0.674838879717,6.2833e-08,0.617571824176,0.617571761343,4.0903e-08,0.645764038254,0.645763997351,9.6277e-08,0.692333968439,0.692333872162,9.147e-09,0.615919384469,0.615919375322,1.12855e-07,0.631834675634,0.631834562779,2.04157e-07,0.642002257926,0.642002053769,6.74e-10,0.132219061819,0.132219061145,2.0256e-07,0.660800067051,0.660799864491,1.01888e-07,0.616611435663,0.616611333775,1.28032e-07,0.634127392894,0.634127264862,,,
31,3,False,RR_B2,14,Cheryl Ladd|Selma Blair|Joseph Baena|Trevor Donovan|Daniel Durant|Wayne Brady|Sam Champion|Jessie James Decker|Jordin Sparks|Heidi D'Amelio|Charli D'Amelio|Vinny Guadagnino|Shangela|Gabby Windey,True,156,0.0,2.29251338e-08,0.694352721841,0.021206985039,0.076105191673,0.073529169953,0.077887649057,0.072637242882,0.072587953892,0.081030514062,0.079793098983,0.073522763322,0.072573519233,0.072608284158,0.081092063305,0.072798276349,0.072627288093,,,1.8624e-08,0.136754973788,0.136754955164,9.4816e-08,0.658650543149,0.658650448333,2.7045e-08,0.670963198368,0.670963171323,2.831e-07,0.696473254448,0.696472971348,4.6854e-08,0.731752027699,0.731751980845,4.1831e-08,0.625229138494,0.625229096663,4.6119e-08,0.638410365738,0.638410319619,1.18275e-07,0.634482211762,0.634482093487,1.974e-09,0.646025720278,0.646025718304,1.779e-09,0.762280170088,0.762280168309,1.3776e-08,0.677890931282,0.677890917506,1.5689e-08,0.665615273727,0.665615258038,1.90138e-07,0.726750497639,0.726750307501,6.0291e-08,0.659677071737,0.659677011446,,,,,,
31,4,False,RR_B2,13,Selma Blair|Joseph Baena|Trevor Donovan|Daniel Durant|Wayne Brady|Sam Champion|Jessie James Decker|Jordin Sparks|Heidi D'Amelio|Charli D'Amelio|Vinny Guadagnino|Shangela|Gabby Windey,True,149,2e-16,9.85379538e-08,0.710548695629,0.079129823995,0.086356810333,0.086222728346,0.083369538245,0.078336859164,0.028751017433,0.081706949252,0.078286938007,0.078373645033,0.078526435148,0.083377646772,0.079121249469,0.078440358802,,,,1.407e-08,0.717419435291,0.717419421221,7.0558e-08,0.693277050115,0.693276979557,1.12861e-07,0.654453423868,0.654453311007,2.0784e-08,0.711406968881,0.711406948097,4.7944e-08,0.662553459828,0.662553411884,7.17e-09,0.243978007977,0.243978000807,3.04513e-07,0.744713678162,0.744713373649,3.3081e-08,0.693701652695,0.693701619614,1.66007e-07,0.72224301318,0.722242847173,7.031e-09,0.683509363301,0.68350935627,2.346e-09,0.748980188128,0.748980185782,6.2455e-08,0.717876325219,0.717876262764,2.3015e-08,0.68619123488,0.686191211865,,,,,,,,,
31,5,False,RR_MULTI,12,Selma Blair|Joseph Baena|Trevor Donovan|Daniel Durant|Wayne Brady|Jessie James Decker|Jordin Sparks|Heidi D'Amelio|Charli D'Amelio|Vinny Guadagnino|Shangela|Gabby Windey,True,115,3.1e-15,1.243789965e-07,0.615375715548,0.008584727303,0.030032402258,0.092743936208,0.148959445456,0.064631729368,0.092890881206,0.117976000685,0.065371175214,0.064463138969,0.170809546451,0.079672195504,0.063864821379,,,,,1.595832e-06,0.057026262659,0.057024666827,1.059393e-06,0.125049990832,0.125048931439,0.004386625019,0.579286164425,0.574899539406,0.022817996536,0.638819728391,0.616001731855,1.97704e-06,0.543898499031,0.543896521991,0.007130477148,0.581098558928,0.57396808178,0.011708047796,0.589927930613,0.578219882817,0.000601244834,0.513783719662,0.513182474828,1.8496295e-05,0.536184970169,0.536166473874,0.044185217421,0.568079669886,0.523894452465,0.002858768669,0.604169474386,0.601310705717,0.000124653785,0.550846183269,0.550721529484,,,,,,,,,,,,
31,6,False,RR_B2,10,Trevor Donovan|Daniel Durant|Wayne Brady|Jessie James Decker|Jordin Sparks|Heidi D'Amelio|Charli D'Amelio|Vinny Guadagnino|Shangela|Gabby Windey,True,132,2.63722e-11,9.5699382446e-06,0.725836325119,0.1080402517,0.1078655386,0.107901791428,0.042079355006,0.107883232609,0.103713277997,0.102894699911,0.11316913183,0.103568661712,0.102884059207,,,,,,,2.22936e-07,0.819578824115,0.819578601179,7.8705e-08,0.772573670621,0.772573591916,1.17009e-07,0.766681338985,0.766681221976,7.4163e-08,0.294039706181,0.294039632018,1.93731e-07,0.795773190273,0.795772996542,1.4579e-08,0.817941882664,0.817941868085,4.6228e-08,0.788771381745,0.788771335517,9.1082e-08,0.785982125817,0.785982034735,3.7319e-08,0.790986049978,0.790986012659,4.9227e-08,0.781145249644,0.781145200417,,,,,,,,,,,,,,,,,,
31,7,False,RR_B2,9,Trevor Donovan|Daniel Durant|Wayne Brady|Jordin Sparks|Heidi D'Amelio|Charli D'Amelio|Vinny Guadagnino|Shangela|Gabby Windey,True,127,1.8600849e-09,7.4998625034e-05,0.772387672528,0.113228364997,0.116761808062,0.114213234925,0.041595673284,0.129120874341,0.113308116559,0.128871541628,0.116894270168,0.126006116036,,,,,,,,7.5027e-08,0.856388440772,0.856388365745,5.2105e-08,0.797359521718,0.797359469613,1.35137e-07,0.8188129615,0.818812826363,1.23082e-07,0.28473173634,0.284731613258,1.56808e-07,0.841632090978,0.84163193417,4.1838e-08,0.826151746775,0.826151704937,1.64476e-07,0.817400970055,0.817400805579,3.0717e-08,0.820017330458,0.820017299741,4.69619e-07,0.861036844588,0.861036374969,,,,,,,,,,,,,,,,,,,,,
31,8,False,RR_MULTI,8,Trevor Donovan|Daniel Durant|Wayne Brady|Heidi D'Amelio|Charli D'Amelio|Vinny Guadagnino|Shangela|Gabby Windey,True,118,3.49486455e-08,0.0001761411731879,0.766603091453,0.17041420641,0.170453982255,0.132192812314,0.045349556717,0.132383835689,0.06194035562,0.137669545429,0.149595705567,,,,,,,,,1.995743e-06,0.890535133591,0.890533137848,2.741472e-06,0.84783665487,0.847833913398,3.75408e-07,0.865320881061,0.865320505653,3.9177e-08,0.32876253831,0.328762499133,4.0446e-07,0.905450576814,0.905450172354,6.2555e-08,0.632309147707,0.632309085152,4.15564e-07,0.839070460534,0.83907004497,2.818e-07,0.845364111623,0.845363829823,,,,,,,,,,,,,,,,,,,,,,,,
31,9,False,RR_MULTI,6,Trevor Donovan|Daniel Durant|Wayne Brady|Charli D'Amelio|Shangela|Gabby Windey,True,76,0.001799961337026,0.2159953604431228,0.99705217396,0.108918534758,0.07355810641,0.230495954411,0.178509482524,0.230052257628,0.178465664268,,,,,,,,,,,3.89646e-07,0.891542484761,0.891542095115,6.4689e-08,0.452087626441,0.452087561752,1.044632e-06,0.959830496167,0.959829451535,1.16346e-07,0.939128469751,0.939128353405,3.39335e-07,0.942320181562,0.942319842227,2.869e-08,0.94091191407,0.94091188538,,,,,,,,,,,,,,,,,,,,,,,,,,,,,,
31,10,True,RR_FINAL,4,Wayne Brady|Charli D'Amelio|Shangela|Gabby Windey,True,32,0.0118904727224171,0.0713428363345023,0.687622900712,0.208088791327,0.520539994697,0.062459945622,0.208911268353,,,,,,,,,,,,,0.000286518361,0.495044120386,0.494757602025,0.253775907154,0.990577318137,0.736801410983,4.03195e-07,0.246998301558,0.246997898363,0.000775307041,0.492859275832,0.492083968791,,,,,,,,,,,,,,,,,,,,,,,,,,,,,,,,,,,,
32,1,False,RR_B2,14,Jamie Lynn Spears|Mira Sorvino|Barry Williams|Alyson Hannigan|Xochitl Gomez|Adrian Peterson|Matt Walsh|Tyson Beckford|Jason Mraz|Lele Pons|Harry Jowsey|Mauricio Umansky|Charity Lawson|Ariana Madix,True,164,0.0,9.0163647e-09,0.611701333602,0.077148653422,0.073871792031,0.075303948631,0.080783664108,0.072503286685,0.072695912816,0.01894847062,0.080706585079,0.072570433923,0.072484182315,0.080750412962,0.077204403201,0.072633813731,0.072394440475,,,2.63038e-07,0.622692101685,0.622691838647,3.749e-09,0.631368049089,0.63136804534,3.22e-09,0.657293284257,0.657293281037,1.00802e-07,0.647356658403,0.647356557601,3.2243e-08,0.623175651331,0.623175619088,3.09312e-07,0.742640480765,0.742640171453,6.7312e-08,0.118155396612,0.1181553293,2.79061e-07,0.648854278808,0.648853999747,1.9106e-08,0.61384894447,0.613848925364,1.8157e-08,0.610251378313,0.610251360156,1.28345e-07,0.665269245988,0.665269117643,3.7161e-08,0.628813920328,0.628813883167,4.5046e-08,0.662790847357,0.662790802311,1.8922e-08,0.623868080706,0.623868061784,,,,,,
32,2,False,RR_B2,13,Jamie Lynn Spears|Mira Sorvino|Barry Williams|Alyson Hannigan|Xochitl Gomez|Adrian Peterson|Tyson Beckford|Jason Mraz|Lele Pons|Harry Jowsey|Mauricio Umansky|Charity Lawson|Ariana Madix,True,154,1e-16,5.20154779e-08,0.628406320059,0.015668756924,0.082909867011,0.086324362238,0.080343607927,0.077357770129,0.085941332083,0.083032556137,0.077236657745,0.077506826919,0.086199354326,0.091368938928,0.07756675358,0.078543216053,,,,3.1324e-08,0.105955388418,0.105955357094,8.95711e-07,0.666640042625,0.666639146914,2.42715e-07,0.728534621704,0.728534378989,1.1881e-07,0.721188767599,0.721188648789,9.8387e-08,0.638180527093,0.638180428706,2.5401e-08,0.726562520535,0.726562495134,1.130715e-06,0.713009302281,0.713008171566,1.12113e-07,0.649143482563,0.64914337045,2.44654e-07,0.683006779561,0.683006534907,4.21535e-07,0.696309866042,0.696309444507,4.39034e-07,0.62067951989,0.620679080856,1.46282e-07,0.664194770787,0.664194624505,5.11698e-07,0.67025779516,0.670257283462,,,,,,,,,
32,3,False,RR_B2,12,Mira Sorvino|Barry Williams|Alyson Hannigan|Xochitl Gomez|Adrian Peterson|Tyson Beckford|Jason Mraz|Lele Pons|Harry Jowsey|Mauricio Umansky|Charity Lawson|Ariana Madix,True,138,1.23e-14,4.897162811e-07,0.71237000759,0.08623334116,0.087858542133,0.090193525744,0.085151370555,0.094987297423,0.031357837214,0.085064641128,0.085288040335,0.090056795692,0.093835238755,0.085032506772,0.084940863089,,,,,2.2844e-08,0.719608950081,0.719608927237,3.0608e-08,0.765964607604,0.765964576996,2.908e-08,0.6893931165,0.68939308742,2.1171e-08,0.767515617395,0.767515596224,1.02484e-07,0.712787028366,0.712786925882,2.3903e-08,0.244814750569,0.244814726666,9.4854e-08,0.73703933517,0.737039240316,6.825e-08,0.797319507134,0.797319438884,9.6546e-08,0.72874831845,0.728748221904,3.9404e-08,0.727457420127,0.727457380723,1.2841e-07,0.684945639814,0.684945511404,6.563e-09,0.721769831286,0.721769824723,,,,,,,,,,,,
32,4,False,RR_B2,11,Mira Sorvino|Barry Williams|Alyson Hannigan|Xochitl Gomez|Adrian Peterson|Jason Mraz|Lele Pons|Harry Jowsey|Mauricio Umansky|Charity Lawson|Ariana Madix,True,136,5.145e-13,1.8671542887e-06,0.718505875458,0.097872821693,0.113681404519,0.113866766677,0.088048346518,0.015403363206,0.088776671485,0.097608210639,0.097806175158,0.10976526458,0.088847637747,0.088323337777,,,,,,4.0796e-08,0.772211798648,0.772211757852,1.254217e-06,0.716886589258,0.716885335041,1.19763e-07,0.699263878572,0.699263758809,3.42564e-07,0.68365475578,0.683654413216,7.863e-08,0.100613637819,0.100613559189,4.0193e-08,0.764314036825,0.764313996632,1.96138e-07,0.727092266429,0.727092070291,2.98638e-07,0.711202514463,0.711202215825,1.411124e-06,0.732005198359,0.732003787235,6.5531e-08,0.735188784532,0.735188719001,7.67702e-07,0.708181122654,0.708180354952,,,,,,,,,,,,,,,
32,5,False,RR_B2,10,Mira Sorvino|Barry Williams|Alyson Hannigan|Xochitl Gomez|Jason Mraz|Lele Pons|Harry Jowsey|Mauricio Umansky|Charity Lawson|Ariana Madix,True,133,5.29697e-11,1.92216332524e-05,0.932566206156,0.034598466614,0.106138839019,0.115968537367,0.10266792279,0.103860215511,0.105916036072,0.115952489875,0.106112120893,0.102652884354,0.106132487505,,,,,,,1.53871e-07,0.229411906655,0.229411752784,5.1775e-08,0.788619758513,0.788619706738,2.16128e-07,0.793154744366,0.793154528238,5.192e-09,0.763900478872,0.76390047368,9.866e-09,0.796442856108,0.796442846242,7.7624e-08,0.776593165939,0.776593088315,3.29889e-07,0.834971478035,0.834971148146,2.58331e-07,0.794343456773,0.794343198442,1.3039e-08,0.784310673739,0.7843106607,7.4455e-08,0.803910118916,0.803910044461,,,,,,,,,,,,,,,,,,
32,6,False,RR_B2,9,Barry Williams|Alyson Hannigan|Xochitl Gomez|Jason Mraz|Lele Pons|Harry Jowsey|Mauricio Umansky|Charity Lawson|Ariana Madix,True,113,2.0265385e-09,8.17100325639e-05,0.845461512824,0.126266086677,0.13191425242,0.111264535491,0.113384232365,0.126023052085,0.134365922072,0.026824175115,0.118454534388,0.111503209386,,,,,,,,1.21082e-07,0.817434171042,0.81743404996,1.52774e-07,0.824365287514,0.82436513474,2.20128e-07,0.804241067724,0.804240847596,2.2123e-07,0.865336105624,0.865335884394,2.53947e-07,0.846292576754,0.846292322807,3.13186e-07,0.831938926459,0.831938613273,2.555e-09,0.177382817557,0.177382815002,6.34e-09,0.827051314836,0.827051308496,2.4382e-07,0.849981130519,0.849980886699,,,,,,,,,,,,,,,,,,,,,
32,7,False,RR_B2,8,Barry Williams|Alyson Hannigan|Xochitl Gomez|Jason Mraz|Lele Pons|Harry Jowsey|Charity Lawson|Ariana Madix,True,86,9.86423196e-08,0.0004971572907511,0.962495370218,0.170444409195,0.159027127569,0.11520906101,0.124375770168,0.021499302907,0.170698359278,0.123870879607,0.114875090266,,,,,,,,,3.334154e-06,0.821194706199,0.821191372045,3.459034e-06,0.806859738205,0.806856279171,2.35093e-07,0.861485325044,0.861485089951,2.6708386e-05,0.794325952991,0.794299244605,1.5785e-08,0.135165260336,0.135165244551,2.9051e-08,0.878493571524,0.878493542473,3.42866e-06,0.813386342769,0.813382914109,7.937e-08,0.825535961766,0.825535882396,,,,,,,,,,,,,,,,,,,,,,,,
32,8,False,RR_B2,7,Barry Williams|Alyson Hannigan|Xochitl Gomez|Jason Mraz|Harry Jowsey|Charity Lawson|Ariana Madix,True,91,1.979656067e-06,0.0014253523682148,0.8375200947,0.045855583526,0.16714721656,0.147506158508,0.166930650962,0.170716196987,0.156752865111,0.145091328345,,,,,,,,,,7.4511e-08,0.291644700148,0.291644625637,5.2813e-08,0.905848624292,0.905848571479,2.2337e-08,0.891207803244,0.891207780907,7.2169e-08,0.879570365704,0.879570293535,6.56958e-07,0.900761119898,0.90076046294,5.1819e-07,0.880111483899,0.880110965709,1.70843e-07,0.893661027495,0.893660856652,,,,,,,,,,,,,,,,,,,,,,,,,,,
32,9,False,RR_B2,6,Alyson Hannigan|Xochitl Gomez|Jason Mraz|Harry Jowsey|Charity Lawson|Ariana Madix,True,70,0.0031537420909817,0.3784490509178016,1.034052595626,0.19220103282,0.172847387314,0.170405359103,0.091124944609,0.181504334931,0.191916941223,,,,,,,,,,,5.3884e-08,0.933654568384,0.9336545145,6.2874e-08,0.958328010468,0.958327947594,2.5719e-08,0.975721561205,0.975721535486,1.69459e-07,0.854753779414,0.854753609955,1.13686e-07,0.936393059635,0.936392945949,2.54502e-07,0.969370280706,0.969370026204,,,,,,,,,,,,,,,,,,,,,,,,,,,,,,
32,11,True,RR_FINAL,5,Alyson Hannigan|Xochitl Gomez|Jason Mraz|Charity Lawson|Ariana Madix,True,65,0.0008881172097854,0.0213148130348491,0.643151078523,0.064995424566,0.456438568499,0.206258333584,0.06524368467,0.207063988681,,,,,,,,,,,,1.171973e-06,0.241528937754,0.241527765781,0.211630406651,0.945210980703,0.733580574052,0.005910733575,0.489377118915,0.48346638534,2.416879e-06,0.24193429841,0.241931881531,0.003546395718,0.482961138158,0.47941474244,,,,,,,,,,,,,,,,,,,,,,,,,,,,,,,,,
33,2,False,RR_MULTI,13,Tori Spelling|Eric Roberts|Reginald VelJohnson|Chandler Kinney|Dwight Howard |Danny Amendola|Stephen Nedoroscik|Ilona Maher|Anna Delvey|Brooks Nader|Phaedra Parks|Jenn Tran|Joey Graziadei,True,148,1e-16,2.60450226e-08,0.617272449519,0.015029356675,0.111331587935,0.11151889203,0.077544771269,0.077687949324,0.079362976672,0.077877798748,0.079263712735,0.023734889582,0.093502833594,0.078991772052,0.096509265227,0.077644194155,,,,4.52506e-07,0.097721210687,0.097720758181,0.003183214104,0.66474317416,0.661559960056,0.00327266548,0.650935248647,0.647662583167,7.00473e-07,0.577273649775,0.577272949302,1.276285e-06,0.597394596993,0.597393320708,2.251493e-06,0.583719332983,0.58371708149,2.364069e-06,0.610827067487,0.610824703418,3.02188e-07,0.654441813899,0.654441511711,2.22121e-07,0.151016936723,0.151016714602,9.6094637e-05,0.61307884147,0.612982746833,1.4484e-08,0.678595783365,0.678595768881,0.000100352155,0.676018259071,0.675917906916,6.71209e-07,0.619785257671,0.619784586462,,,,,,,,,
33,3,False,RR_MULTI,11,Eric Roberts|Reginald VelJohnson|Chandler Kinney|Dwight Howard |Danny Amendola|Stephen Nedoroscik|Ilona Maher|Brooks Nader|Phaedra Parks|Jenn Tran|Joey Graziadei,True,126,8.316e-13,3.0175512484e-06,0.731793826509,0.028244906581,0.036043067115,0.09566723878,0.130417546189,0.103078205742,0.095637326635,0.110789866872,0.097990560707,0.111101208994,0.095656067752,0.095374004631,,,,,,5.9374e-08,0.217521897987,0.217521838613,1.43233e-07,0.304490386531,0.304490243298,3.208e-08,0.783980737591,0.783980705511,0.000243936636,0.743104902803,0.742860966167,4.32993e-07,0.740227554018,0.740227121025,1.3186e-07,0.6993375077,0.69933737584,1.153744e-06,0.761783534569,0.761782380825,6.8308e-08,0.750061988694,0.750061920386,6.871e-08,0.808852997276,0.808852928566,1.06603e-07,0.790864252352,0.790864145749,5.75771e-07,0.718743225435,0.718742649664,,,,,,,,,,,,,,,
33,4,False,RR_B2,9,Chandler Kinney|Dwight Howard |Danny Amendola|Stephen Nedoroscik|Ilona Maher|Brooks Nader|Phaedra Parks|Jenn Tran|Joey Graziadei,True,118,1.625314e-09,6.55326606852e-05,0.788560028027,0.123956580414,0.13715889918,0.111002005966,0.124054838319,0.123860232275,0.020951608322,0.124049821017,0.123996767498,0.110969247008,,,,,,,,1.595924e-06,0.792855408806,0.792853812882,1.13405e-07,0.89139431994,0.891394206535,4.774e-09,0.802737218387,0.802737213613,8.47025e-07,0.779280587629,0.779279740604,1.491126e-06,0.81894420608,0.818942714954,4.6611e-08,0.13487058306,0.134870536449,5.43129e-07,0.810858267295,0.810857724166,5.51219e-07,0.796155825084,0.796155273865,1.93418e-07,0.812380178241,0.812379984823,,,,,,,,,,,,,,,,,,,,,
33,5,False,RR_B2,8,Chandler Kinney|Dwight Howard |Danny Amendola|Stephen Nedoroscik|Ilona Maher|Phaedra Parks|Jenn Tran|Joey Graziadei,True,103,6.72209664e-08,0.0003387936706769,0.905173288775,0.127998946618,0.145200117593,0.140048707591,0.145247757179,0.128926416218,0.043727820097,0.139766868989,0.129083365715,,,,,,,,,1.08541e-07,0.84140178712,0.841401678579,7.442e-08,0.848771283818,0.848771209398,2.31248e-07,0.864781306659,0.864781075411,5.81345e-07,0.854338535407,0.854337954062,3.4084e-08,0.877607159685,0.877607125601,3.026e-09,0.266429970348,0.266429967322,6.7833e-08,0.865169846387,0.865169778554,1.55547e-07,0.852694334784,0.852694179237,,,,,,,,,,,,,,,,,,,,,,,,
33,6,False,RR_B2,7,Chandler Kinney|Dwight Howard |Danny Amendola|Stephen Nedoroscik|Ilona Maher|Jenn Tran|Joey Graziadei,True,79,2.3491561458e-06,0.0016913924249516,0.982874075058,0.142201673565,0.156105041045,0.173707450278,0.173685389324,0.181302818392,0.031093275405,0.14190435199,,,,,,,,,,1.536363e-06,0.875850974519,0.875849438156,8.10699e-07,0.903969524153,0.903968713454,2.024984e-06,0.901110009421,0.901107984437,1.82549e-07,0.918163618384,0.918163435835,1.10149e-07,0.879654751623,0.879654641474,1.01347e-07,0.180735775657,0.18073567431,4.13358e-07,0.877972552006,0.877972138648,,,,,,,,,,,,,,,,,,,,,,,,,,,
33,7,False,RR_B2,6,Chandler Kinney|Dwight Howard |Danny Amendola|Stephen Nedoroscik|Ilona Maher|Joey Graziadei,True,74,0.0030477941036606,0.3657352924392711,1.022485640917,0.17046914042,0.091082478538,0.19200939487,0.181374767184,0.192054917364,0.173009301624,,,,,,,,,,,2.38094e-07,0.946602150296,0.946601912202,4.0784e-08,0.887675593191,0.887675552407,1.83746e-07,0.940030189277,0.940030005531,1.25238e-07,0.953730702212,0.953730576974,5.6855e-08,0.947365605969,0.947365549114,5.405e-09,0.96071279071,0.960712785305,,,,,,,,,,,,,,,,,,,,,,,,,,,,,,
33,9,True,RR_FINAL,5,Chandler Kinney|Danny Amendola|Stephen Nedoroscik|Ilona Maher|Joey Graziadei,True,47,0.0002249949604099,0.0053998790498381,0.564782401245,0.089746720133,0.156403439221,0.039942649522,0.456995904935,0.256911286189,,,,,,,,,,,,0.000915625732,0.232065186803,0.231149561071,0.005220692927,0.316345755282,0.311125062355,6.512932e-06,0.173059835971,0.173053323039,0.207039702002,0.952701595175,0.745661893173,0.023391844787,0.647974365077,0.62458252029,,,,,,,,,,,,,,,,,,,,,,,,,,,,,,,,,
34,2,False,RR_MULTI,14,Corey Feldman|Danielle Fishel|Elaine Hendrix|Baron Davis|Jordan Chiles|Andy Richter|Robert Irwin|Hilaria Baldwin|Lauren Jauregui|Scott Hoying|Alix Earle|Jen Affleck|Whitney Leavitt|Dylan Efron,True,154,0.0,7.7589426e-09,0.593300627429,0.025937076767,0.09108399959,0.073357433337,0.016204139485,0.073148781289,0.104191523859,0.072881290685,0.073119562146,0.073465503828,0.092839091036,0.073723169337,0.072768267586,0.072842765149,0.084437395905,,,4.53572e-07,0.203500629845,0.203500176273,5.8259881e-05,0.663935816922,0.663877557041,4.65326e-07,0.60914176824,0.609141302914,5.0393e-08,0.110473114211,0.110473063818,4.4216e-08,0.600315104987,0.600315060771,0.001513470244,0.611582198177,0.610068727933,6.7905e-08,0.602893707537,0.602893639632,7.60371e-07,0.578081272823,0.578080512452,5.69703e-07,0.598395044922,0.598394475219,0.000297871867,0.680274432395,0.679976560528,2.3584e-08,0.59127011317,0.591270089586,7.4828e-08,0.644689727572,0.644689652744,3.98205e-07,0.650696093099,0.650695694894,1.9441e-08,0.613406745678,0.613406726237,,,,,,
34,3,False,RR_B2,12,Danielle Fishel|Elaine Hendrix|Jordan Chiles|Andy Richter|Robert Irwin|Hilaria Baldwin|Lauren Jauregui|Scott Hoying|Alix Earle|Jen Affleck|Whitney Leavitt|Dylan Efron,True,135,1.99e-14,7.928671618e-07,0.832100969707,0.09167491992,0.09158783435,0.084728014139,0.095709597497,0.08581486968,0.0857414632,0.028841631531,0.085743188986,0.08486915543,0.095658703906,0.084706717001,0.08492390436,,,,,1.4114e-08,0.734462724933,0.734462710819,1.36274e-07,0.718253182816,0.718253046542,5.761e-09,0.72502350278,0.725023497019,2.6462e-08,0.767475217017,0.767475190555,1.9976e-08,0.720894170322,0.720894150346,2.5715e-08,0.686443504201,0.686443478486,5.608e-09,0.209047533455,0.209047527847,2.9494e-08,0.745564783723,0.745564754229,1.57989e-07,0.671484993033,0.671484835044,1.48052e-07,0.768460713493,0.768460565441,9.3077e-08,0.709014183598,0.709014090521,1.4258e-07,0.699654767916,0.699654625336,,,,,,,,,,,,
34,4,False,RR_B2,11,Danielle Fishel|Elaine Hendrix|Jordan Chiles|Andy Richter|Robert Irwin|Hilaria Baldwin|Scott Hoying|Alix Earle|Jen Affleck|Whitney Leavitt|Dylan Efron,True,134,5.178e-13,1.8789638563e-06,0.745381674507,0.116770460279,0.084130689322,0.084101374822,0.125052027615,0.109061812546,0.013656079542,0.116648789234,0.083951527423,0.091345972904,0.083577277425,0.091703988888,,,,,,2.558883e-06,0.754094517051,0.754091958168,5.33406e-07,0.723567766354,0.723567232948,8.70532e-07,0.686699843242,0.68669897271,1.625033e-06,0.666636896752,0.666635271719,2.535853e-06,0.722174970809,0.722172434956,3.7412e-08,0.094595237122,0.09459519971,2.639117e-06,0.711528440562,0.711525801445,6.6353e-07,0.697386141501,0.697385477971,9.47288e-07,0.691596002129,0.691595054841,9.09839e-07,0.704443569765,0.704442659926,1.0837894e-05,0.670149908036,0.670139070142,,,,,,,,,,,,,,,
34,6,False,RR_B2,10,Danielle Fishel|Elaine Hendrix|Jordan Chiles|Andy Richter|Robert Irwin|Scott Hoying|Alix Earle|Jen Affleck|Whitney Leavitt|Dylan Efron,True,137,4.0507e-11,1.4699183453e-05,0.767041155003,0.101957728084,0.102056474384,0.101820065987,0.116036074633,0.102163000048,0.038046428275,0.109809063104,0.113182841384,0.101665332419,0.113262991682,,,,,,,4.951e-08,0.757973493874,0.757973444364,4.99951e-07,0.800723795775,0.800723295824,9.3724e-08,0.777135035439,0.777134941715,2.0015e-07,0.80633547918,0.80633527903,9.86e-09,0.799740485533,0.799740475673,6.253e-09,0.268345385208,0.268345378955,7.3443e-08,0.767856195291,0.767856121848,4.86819e-07,0.808968769156,0.808968282337,1.48642e-07,0.842801631285,0.842801482643,5.8656e-08,0.835096854013,0.835096795357,,,,,,,,,,,,,,,,,,
34,7,False,RR_B2,9,Danielle Fishel|Elaine Hendrix|Jordan Chiles|Andy Richter|Robert Irwin|Alix Earle|Jen Affleck|Whitney Leavitt|Dylan Efron,True,118,2.3531567e-09,9.4879277859e-05,0.813139704539,0.128560869671,0.128610275026,0.118292711222,0.1310266491,0.114354652469,0.113221571485,0.034291063555,0.113427695903,0.11821451157,,,,,,,,2.029e-09,0.841895117137,0.841895115108,5.29751e-07,0.822225373952,0.822224844201,1.889e-08,0.793827854807,0.793827835917,2.06456e-07,0.809083830698,0.809083624242,2.10197e-07,0.805297568061,0.805297357864,3.68229e-07,0.807494662195,0.807494293966,7.5221e-08,0.206582743435,0.206582668214,1.09155e-07,0.807265302192,0.807265193037,2.38817e-07,0.84700627166,0.847006032843,,,,,,,,,,,,,,,,,,,,,
34,8,False,RR_B2,8,Danielle Fishel|Elaine Hendrix|Jordan Chiles|Andy Richter|Robert Irwin|Alix Earle|Whitney Leavitt|Dylan Efron,True,109,8.10589046e-08,0.0004085368791703,0.900664263625,0.04956989572,0.145374818859,0.128557597687,0.145223479879,0.135998742321,0.131045882421,0.128085179412,0.136144403701,,,,,,,,,7.1437e-08,0.359598105402,0.359598033965,3.47757e-07,0.849788314028,0.849787966271,2.7516e-07,0.862955745718,0.862955470558,3.57438e-07,0.910944275431,0.910943917993,6.2464e-08,0.846348250387,0.846348187923,1.19654e-07,0.879791999745,0.879791880091,5.171e-08,0.839677623494,0.839677571784,7.321e-09,0.86923371685,0.869233709529,,,,,,,,,,,,,,,,,,,,,,,,
34,9,False,RR_B2,7,Elaine Hendrix|Jordan Chiles|Andy Richter|Robert Irwin|Alix Earle|Whitney Leavitt|Dylan Efron,True,91,2.2112095457e-06,0.0015920708729153,0.8460922261,0.165684697454,0.165479618919,0.078248301171,0.144368989778,0.157345324007,0.144575810666,0.144297258006,,,,,,,,,,1.08237e-07,0.886275036608,0.886274928371,1.6407e-08,0.934691173075,0.934691156668,1.35105e-07,0.860479062096,0.860478926991,1.09022e-07,0.922164659604,0.922164550582,7.7817e-08,0.92399615211,0.923996074293,1.2528e-07,0.918221667415,0.918221542135,4.3756e-08,0.895566981833,0.895566938077,,,,,,,,,,,,,,,,,,,,,,,,,,,
34,10,False,RR_B2,6,Elaine Hendrix|Jordan Chiles|Robert Irwin|Alix Earle|Whitney Leavitt|Dylan Efron,True,61,0.0010295273064915,0.1235432767789856,1.099749033006,0.203540839301,0.203782630185,0.173542144335,0.17314098035,0.034442742688,0.211550663141,,,,,,,,,,,2.186852e-06,0.946500500784,0.946498313932,1.012136e-05,0.938186146098,0.938176024738,7.2234e-06,0.930166131177,0.930158907777,2.975336e-06,0.910526548752,0.910523573416,1.2187e-08,0.186832859159,0.186832846972,3.01242e-07,0.935487363594,0.935487062352,,,,,,,,,,,,,,,,,,,,,,,,,,,,,,
34,11,True,RR_FINAL,5,Elaine Hendrix|Jordan Chiles|Robert Irwin|Alix Earle|Dylan Efron,True,48,0.0004802763542243,0.0115266325013826,0.570280624167,0.040306665687,0.122837435732,0.456630909654,0.25642215435,0.123802834577,,,,,,,,,,,,2.28285e-07,0.186132674285,0.186132446,4.6507413e-05,0.320556980222,0.320510472809,0.214701541891,0.960936922949,0.746235381058,0.015328378639,0.485600643806,0.470272265167,0.000562390482,0.318827336479,0.318264945997,,,,,,,,,,,,,,,,,,,,,,,,,,,,,,,,,
