season,week,is_final,name,viewers_millions,proportion,proportion_min,proportion_max,proportion_range,absolute,absolute_min,absolute_max,absolute_range
1,2,False,John O'Hurley,15.09,0.112686,3.8e-05,0.859259,0.859221,5101274,1719,38898651,38896932
1,2,False,Kelly Monaco,15.09,0.171901,0.002756,0.71538,0.712624,7781937,124763,32385265,32260502
1,2,False,Evander Holyfield,15.09,0.362489,0.021077,0.493658,0.472581,16409859,954150,22347914,21393764
1,2,False,Rachel Hunter,15.09,0.134085,4.5e-05,0.830742,0.830697,6070011,2020,37607694,37605674
1,2,False,Joey McIntyre,15.09,0.192779,0.005071,0.813275,0.808203,8727101,229579,36816939,36587359
1,2,False,Trista Sutter,15.09,0.026062,0.000137,0.2013,0.201163,1179817,6208,9112839,9106631
1,3,False,John O'Hurley,15.67,0.226798,0.000855,0.827295,0.82644,10661778,40213,38891140,38850927
1,3,False,Kelly Monaco,15.67,0.315696,0.021939,0.902966,0.881027,14840887,1031351,42448447,41417096
1,3,False,Evander Holyfield,15.67,0.068276,0.021077,0.337798,0.316721,3209653,990824,15879897,14889073
1,3,False,Rachel Hunter,15.67,0.139721,0.000471,0.24852,0.248049,6568300,22129,11682914,11660786
1,3,False,Joey McIntyre,15.67,0.249508,0.005071,0.821988,0.816917,11729381,238403,38641650,38403246
1,4,False,John O'Hurley,15.52,0.330993,0.004451,0.951883,0.947432,15411036,207242,44319656,44112414
1,4,False,Kelly Monaco,15.52,0.274853,0.021939,0.914967,0.893028,12797160,1021478,42600879,41579401
1,4,False,Rachel Hunter,15.52,0.071581,0.000471,0.229953,0.229482,3332814,21917,10706599,10684682
1,4,False,Joey McIntyre,15.52,0.322573,0.023474,0.49989,0.476415,15018990,1092956,23274860,22181904
1,5,False,John O'Hurley,18.59,0.12764,0.004451,0.5,0.495549,7118478,248237,27884998,27636762
1,5,False,Kelly Monaco,18.59,0.609676,0.250058,0.964351,0.714293,34001651,13945709,53781834,39836125
1,5,False,Joey McIntyre,18.59,0.262684,0.023474,0.481009,0.457535,14649872,1309152,26825863,25516711
1,6,True,John O'Hurley,22.36,0.254145,0.004451,0.499848,0.495397,17048079,298578,33529824,33231246
1,6,True,Kelly Monaco,22.36,0.745855,0.500152,0.995549,0.495397,50031921,33550176,66781422,33231246
2,1,False,Tatum O'Neal,17.46,0.135724,8.9e-05,0.221598,0.221509,7109228,4658,11607289,11602631
2,1,False,Tia Carrere,17.46,0.098447,0.000295,0.599994,0.599699,5156655,15469,31427685,31412216
2,1,False,George Hamilton,17.46,0.128095,0.002301,0.495503,0.493202,6709640,120506,25954450,25833944
2,1,False,Lisa Rinna,17.46,0.112106,0.000809,0.58483,0.584021,5872131,42378,30633389,30591011
2,1,False,Stacy Keibler,17.46,0.09923,4.7e-05,0.646636,0.646589,5197665,2485,33870816,33868330
2,1,False,Jerry Rice,17.46,0.096814,1.1e-05,0.649991,0.64998,5071097,570,34046540,34045970
2,1,False,Giselle Fernandez,17.46,0.086475,0.000262,0.66125,0.660988,4529539,13738,34636286,34622548
2,1,False,Master P,17.46,0.12919,0.004347,0.496114,0.491767,6766981,227703,25986455,25758752
2,1,False,Drew Lachey,17.46,0.098401,0.000262,0.548003,0.547741,5154247,13733,28704414,28690681
2,1,False,Kenny Mayne,17.46,0.015518,5.9e-05,0.120275,0.120216,812816,3090,6299982,6296892
2,2,False,Tatum O'Neal,17.36,0.019473,0.000221,0.135267,0.135047,1014129,11491,7044727,7033236
2,2,False,Tia Carrere,17.36,0.102477,0.000445,0.574238,0.573793,5337027,23166,29906291,29883125
2,2,False,George Hamilton,17.36,0.116255,0.002301,0.583953,0.581652,6054585,119816,30412248,30292432
2,2,False,Lisa Rinna,17.36,0.139803,0.005444,0.602413,0.596969,7280949,283520,31373666,31090145
2,2,False,Stacy Keibler,17.36,0.111118,0.000206,0.582587,0.58238,5787021,10754,30341109,30330355
2,2,False,Jerry Rice,17.36,0.101635,0.000762,0.643252,0.64249,5293174,39683,33500578,33460895
2,2,False,Giselle Fernandez,17.36,0.113508,0.000262,0.171847,0.171584,5911493,13659,8949774,8936115
2,2,False,Master P,17.36,0.169426,0.004347,0.616389,0.612042,8823708,226399,32101521,31875122
2,2,False,Drew Lachey,17.36,0.126304,0.000262,0.668278,0.668016,6577914,13655,34803913,34790259
2,3,False,Tia Carrere,18.98,0.109182,0.000445,0.702168,0.701723,6216806,25328,39981428,39956100
2,3,False,George Hamilton,18.98,0.120706,0.002382,0.617585,0.615204,6873001,135617,35165307,35029690
2,3,False,Lisa Rinna,18.98,0.100079,0.005444,0.707752,0.702308,5698476,309978,40299385,39989408
2,3,False,Stacy Keibler,18.98,0.115209,0.000206,0.606762,0.606555,6560017,11757,34549024,34537267
2,3,False,Jerry Rice,18.98,0.12656,0.009619,0.703028,0.69341,7206320,547698,40030436,39482738
2,3,False,Giselle Fernandez,18.98,0.016249,0.000262,0.134894,0.134632,925201,14934,7680852,7665918
2,3,False,Master P,18.98,0.298959,0.023907,0.418645,0.394738,17022716,1361253,23837623,22476370
2,3,False,Drew Lachey,18.98,0.113057,0.000262,0.679383,0.679121,6437463,14929,38684091,38669162
2,4,False,Tia Carrere,19.37,0.263357,0.000523,0.467756,0.467233,15303668,30407,27181306,27150899
2,4,False,George Hamilton,19.37,0.162777,0.024857,0.752479,0.727622,9458951,1444424,43726560,42282136
2,4,False,Lisa Rinna,19.37,0.108095,0.005444,0.77589,0.770446,6281390,316347,45086974,44770626
2,4,False,Stacy Keibler,19.37,0.134371,0.000206,0.628177,0.62797,7808299,11999,36503358,36491359
2,4,False,Jerry Rice,19.37,0.146882,0.009619,0.696254,0.686635,8535296,558952,40459339,39900387
2,4,False,Master P,19.37,0.043786,0.023907,0.212441,0.188535,2544404,1389224,12344964,10955740
2,4,False,Drew Lachey,19.37,0.140733,0.000316,0.637744,0.637428,8177992,18382,37059303,37040921
2,5,False,Tia Carrere,18.83,0.062269,0.000523,0.240112,0.239588,3517580,29559,13563908,13534349
2,5,False,George Hamilton,18.83,0.205782,0.024857,0.328271,0.303414,11624602,1404156,18544003,17139847
2,5,False,Lisa Rinna,18.83,0.161537,0.005444,0.839106,0.833662,9125227,307528,47401097,47093569
2,5,False,Stacy Keibler,18.83,0.154702,0.00083,0.790866,0.790036,8739101,46881,44676040,44629159
2,5,False,Jerry Rice,18.83,0.218688,0.009619,0.706698,0.697079,12353700,543369,39921372,39378003
2,5,False,Drew Lachey,18.83,0.197022,0.000325,0.758525,0.758201,11129790,18333,42849094,42830761
2,6,False,George Hamilton,19.96,0.06741,0.024857,0.268707,0.24385,4036483,1488420,16090152,14601732
2,6,False,Lisa Rinna,19.96,0.232927,0.026061,0.332471,0.306409,13947651,1560561,19908339,18347778
2,6,False,Stacy Keibler,19.96,0.179614,0.00083,0.832483,0.831654,10755316,49694,49849108,49799414
2,6,False,Jerry Rice,19.96,0.268475,0.029688,0.820301,0.790613,16076286,1777707,49119617,47341910
2,6,False,Drew Lachey,19.96,0.251574,0.00086,0.783577,0.782717,15064265,51491,46920580,46869089
2,7,False,Lisa Rinna,19.26,0.134339,0.026061,0.291634,0.265572,7762081,1505832,16850596,15344765
2,7,False,Stacy Keibler,19.26,0.154776,0.00083,0.333175,0.332345,8942956,47951,19250841,19202890
2,7,False,Jerry Rice,19.26,0.440142,0.029688,0.899962,0.870275,25431433,1715363,51999830,50284468
2,7,False,Drew Lachey,19.26,0.270743,0.00086,0.88173,0.88087,15643530,49685,50946371,50896686
2,8,True,Stacy Keibler,27.23,0.110853,0.00083,0.329634,0.328804,9055584,67794,26927824,26860030
2,8,True,Jerry Rice,27.23,0.498012,0.029688,0.972486,0.942798,40682601,2425198,79442351,77017153
2,8,True,Drew Lachey,27.23,0.391135,0.014943,0.964465,0.949521,31951814,1220717,78787125,77566407
3,1,False,Harry Hamlin,20.22,0.104216,0.000576,0.475592,0.475016,6321750,34966,28849419,28814453
3,1,False,Vivica A. Fox,20.22,0.096876,0.000562,0.459538,0.458975,5876468,34121,27875558,27841437
3,1,False,Monique Coleman,20.22,0.100852,0.000953,0.492973,0.49202,6117687,57808,29903716,29845907
3,1,False,Joey Lawrence,20.22,0.109318,0.000398,0.554224,0.553826,6631258,24147,33619204,33595058
3,1,False,Mario Lopez,20.22,0.096248,0.00082,0.637066,0.636247,5838409,49717,38644448,38594731
3,1,False,Emmitt Smith,20.22,0.107182,0.000385,0.484827,0.484442,6501648,23365,29409595,29386230
3,1,False,Shanna Moakler,20.22,0.056216,1e-05,0.085244,0.085234,3410068,618,5170923,5170305
3,1,False,Willa Ford,20.22,0.111925,2.5e-05,0.52351,0.523485,6789382,1540,31756118,31754578
3,1,False,Sara Evans,20.22,0.098813,0.00248,0.631605,0.629124,5993994,150455,38313134,38162679
3,1,False,Jerry Springer,20.22,0.105121,0.001379,0.468611,0.467232,6376666,83679,28425946,28342267
3,1,False,Tucker Carlson,20.22,0.013232,0.000106,0.044154,0.044048,802669,6454,2678393,2671938
3,2,False,Harry Hamlin,17.92,0.056764,0.005608,0.096999,0.091392,3051611,301478,5214691,4913213
3,2,False,Vivica A. Fox,17.92,0.113235,0.000562,0.503692,0.503129,6087537,30239,27078477,27048237
3,2,False,Monique Coleman,17.92,0.142211,0.000953,0.537127,0.536174,7645277,51233,28875934,28824701
3,2,False,Joey Lawrence,17.92,0.114611,0.000398,0.598378,0.59798,6161503,21400,32168790,32147390
3,2,False,Mario Lopez,17.92,0.10122,0.00813,0.622477,0.614348,5441570,437057,33464388,33027332
3,2,False,Emmitt Smith,17.92,0.094984,0.00373,0.528981,0.525251,5106326,200535,28438019,28237484
3,2,False,Shanna Moakler,17.92,0.00626,1.4e-05,0.056691,0.056677,336539,758,3047691,3046933
3,2,False,Willa Ford,17.92,0.167207,0.000195,0.567664,0.56747,8989036,10460,30517628,30507168
3,2,False,Sara Evans,17.92,0.102977,0.006122,0.601752,0.59563,5536068,329094,32350176,32021082
3,2,False,Jerry Springer,17.92,0.100531,0.014768,0.512765,0.497998,5404533,793903,27566259,26772355
3,3,False,Harry Hamlin,17.91,0.01038,0.005608,0.064111,0.058503,557722,301309,3444661,3143352
3,3,False,Vivica A. Fox,17.91,0.076026,0.000562,0.113491,0.112928,4084884,30222,6097867,6067644
3,3,False,Monique Coleman,17.91,0.124571,0.000953,0.593817,0.592864,6693206,51204,31905811,31854607
3,3,False,Joey Lawrence,17.91,0.135129,0.005889,0.57156,0.565671,7260459,316422,30709900,30393478
3,3,False,Mario Lopez,17.91,0.133608,0.009189,0.54384,0.534651,7178769,493714,29220511,28726797
3,3,False,Emmitt Smith,17.91,0.134172,0.021814,0.537283,0.515469,7209061,1172072,28868231,27696159
3,3,False,Willa Ford,17.91,0.128794,0.005772,0.531818,0.526046,6920101,310140,28574587,28264447
3,3,False,Sara Evans,17.91,0.122076,0.006122,0.566305,0.560183,6559170,328910,30427543,30098633
3,3,False,Jerry Springer,17.91,0.135243,0.014768,0.507118,0.492351,7266628,793460,27247463,26454003
3,4,False,Vivica A. Fox,18.38,0.013334,0.000562,0.091624,0.091062,735215,31016,5052174,5021158
3,4,False,Monique Coleman,18.38,0.16068,0.005322,0.657928,0.652606,8859901,293472,36278150,35984679
3,4,False,Joey Lawrence,18.38,0.162562,0.005889,0.60144,0.595551,8963644,324726,33163387,32838661
3,4,False,Mario Lopez,18.38,0.139646,0.009189,0.60795,0.598762,7700078,506670,33522382,33015712
3,4,False,Emmitt Smith,18.38,0.149737,0.021814,0.595589,0.573775,8256508,1202830,32840774,31637945
3,4,False,Willa Ford,18.38,0.091643,0.005772,0.154144,0.148372,5053191,318279,8499486,8181207
3,4,False,Sara Evans,18.38,0.111324,0.023088,0.168785,0.145696,6138394,1273087,9306786,8033699
3,4,False,Jerry Springer,18.38,0.171075,0.019576,0.540326,0.52075,9433070,1079440,29793584,28714144
3,5,False,Monique Coleman,20.1,0.192324,0.016098,0.685638,0.66954,11597166,970688,41343976,40373289
3,5,False,Joey Lawrence,20.1,0.188092,0.021398,0.693064,0.671667,11341952,1290274,41791772,40501498
3,5,False,Mario Lopez,20.1,0.181714,0.01631,0.670196,0.653886,10957379,983497,40412800,39429303
3,5,False,Emmitt Smith,20.1,0.192677,0.021814,0.687213,0.665399,11618416,1315390,41438970,40123579
3,5,False,Willa Ford,20.1,0.031046,0.005772,0.104604,0.098832,1872095,348063,6307638,5959575
3,5,False,Sara Evans,20.1,0.048186,0.023088,0.130371,0.107282,2905615,1392223,7861349,6469127
3,5,False,Jerry Springer,20.1,0.16596,0.029928,0.224923,0.194995,10007378,1804658,13562870,11758213
3,7,False,Monique Coleman,20.69,0.175888,0.016098,0.255455,0.239357,10917340,999201,15856104,14856903
3,7,False,Joey Lawrence,20.69,0.170362,0.021398,0.883093,0.861695,10574387,1328150,54813554,53485404
3,7,False,Mario Lopez,20.69,0.23497,0.01631,0.846873,0.830563,14584591,1012364,52565393,51553029
3,7,False,Emmitt Smith,20.69,0.361424,0.021814,0.843865,0.822051,22433594,1353999,52378679,51024680
3,7,False,Jerry Springer,20.69,0.057356,0.029928,0.196572,0.166644,3560089,1857625,12201205,10343580
3,8,False,Monique Coleman,20.51,0.088415,0.016098,0.229158,0.21306,5440193,990508,14100104,13109596
3,8,False,Joey Lawrence,20.51,0.190467,0.021398,0.333301,0.311904,11719448,1316595,20508041,19191446
3,8,False,Mario Lopez,20.51,0.364441,0.01631,0.892698,0.876388,22424045,1003556,54927732,53924176
3,8,False,Emmitt Smith,20.51,0.356677,0.021814,0.911672,0.889858,21946314,1342219,56095167,54752948
3,9,False,Joey Lawrence,21.98,0.19136,0.021398,0.317234,0.295837,12618246,1410959,20918428,19507470
3,9,False,Mario Lopez,21.98,0.288311,0.02355,0.5,0.47645,19011223,1552900,32969995,31417094
3,9,False,Emmitt Smith,21.98,0.52033,0.250029,0.955052,0.705023,34310531,16486919,62976141,46489222
3,10,True,Mario Lopez,,0.263491,0.02355,0.498389,0.474839,,,,
3,10,True,Emmitt Smith,,0.736509,0.501611,0.97645,0.474839,,,,
4,2,False,John Ratzenberger,20.42,0.11351,0.003172,0.591336,0.588164,6953651,194334,36225247,36030914
4,2,False,Ian Ziering,20.42,0.101756,0.002996,0.559661,0.556665,6233584,183535,34284825,34101290
4,2,False,Clyde Drexler,20.42,0.126211,0.018576,0.444411,0.425835,7731699,1137971,27224605,26086634
4,2,False,Laila Ali,20.42,0.094764,0.000175,0.532368,0.532193,5805249,10715,32612839,32602124
4,2,False,Apolo Anton Ohno,20.42,0.093074,3.9e-05,0.573763,0.573724,5701689,2386,35148718,35146332
4,2,False,Shandi Finnessey,20.42,0.061946,0.005482,0.080396,0.074914,3794817,335826,4925030,4589205
4,2,False,Paulina Porizkova,20.42,0.006944,7.7e-05,0.031074,0.030996,425418,4735,1903569,1898835
4,2,False,Heather Mills,20.42,0.102271,0.000405,0.499431,0.499026,6265121,24811,30595158,30570348
4,2,False,Billy Ray Cyrus,20.42,0.111395,0.002894,0.465566,0.462672,6824047,177305,28520589,28343284
4,2,False,Joey Fatone,20.42,0.097979,0.000581,0.491892,0.491311,6002196,35621,30133312,30097691
4,2,False,Leeza Gibbons,20.42,0.090149,0.006635,0.623408,0.616773,5522528,406472,38189984,37783512
4,3,False,John Ratzenberger,18.24,0.121595,0.010909,0.49057,0.479661,6653662,596935,26843978,26247043
4,3,False,Ian Ziering,18.24,0.109113,0.002996,0.458644,0.455648,5970665,163941,25096985,24933044
4,3,False,Clyde Drexler,18.24,0.160123,0.029283,0.475484,0.446201,8761906,1602374,26018507,24416132
4,3,False,Laila Ali,18.24,0.107874,0.006431,0.563441,0.55701,5902860,351889,30831503,30479614
4,3,False,Apolo Anton Ohno,18.24,0.100903,0.000358,0.603522,0.603164,5521388,19601,33024728,33005128
4,3,False,Shandi Finnessey,18.24,0.008866,0.005482,0.05685,0.051368,485162,299973,3110855,2810881
4,3,False,Heather Mills,18.24,0.090589,0.000514,0.49703,0.496517,4957040,28100,27197506,27169406
4,3,False,Billy Ray Cyrus,18.24,0.122711,0.008103,0.49664,0.488537,6714773,443382,27176134,26732752
4,3,False,Joey Fatone,18.24,0.120838,0.000581,0.522966,0.522384,6612279,31818,28616685,28584867
4,3,False,Leeza Gibbons,18.24,0.057388,0.006635,0.122769,0.116134,3140265,363078,6717904,6354827
4,4,False,John Ratzenberger,18.84,0.158561,0.010909,0.54742,0.536511,8961853,616571,30940189,30323618
4,4,False,Ian Ziering,18.84,0.125291,0.002996,0.515494,0.512498,7081442,169334,29135730,28966396
4,4,False,Clyde Drexler,18.84,0.115096,0.029283,0.161374,0.132091,6505199,1655084,9120867,7465783
4,4,False,Laila Ali,18.84,0.132047,0.006431,0.559131,0.5527,7463317,363464,31602085,31238622
4,4,False,Apolo Anton Ohno,18.84,0.107289,0.000358,0.530441,0.530083,6063975,20245,29980540,29960294
4,4,False,Heather Mills,18.84,0.107378,0.000514,0.542328,0.541814,6068991,29024,30652376,30623351
4,4,False,Billy Ray Cyrus,18.84,0.12967,0.008103,0.55349,0.545388,7328953,457967,31283271,30825305
4,4,False,Joey Fatone,18.84,0.109409,0.000581,0.574983,0.574402,6183792,32865,32498040,32465175
4,4,False,Leeza Gibbons,18.84,0.01526,0.006635,0.042783,0.036148,862478,375021,2418097,2043076
4,5,False,John Ratzenberger,18.87,0.158201,0.011007,0.590203,0.579196,8955766,623097,33411405,32788308
4,5,False,Ian Ziering,18.87,0.163287,0.002996,0.558277,0.555281,9243649,169604,31604072,31434468
4,5,False,Clyde Drexler,18.87,0.039221,0.029283,0.121349,0.092065,2220328,1657720,6869543,5211824
4,5,False,Laila Ali,18.87,0.130196,0.006431,0.549909,0.543478,7370405,364043,31130338,30766295
4,5,False,Apolo Anton Ohno,18.87,0.132016,0.000358,0.573224,0.572866,7473426,20277,32450227,32429949
4,5,False,Heather Mills,18.87,0.093358,0.000514,0.142855,0.142342,5284990,29070,8087028,8057958
4,5,False,Billy Ray Cyrus,18.87,0.144353,0.008103,0.596273,0.588171,8171819,458696,33755033,33296337
4,5,False,Joey Fatone,18.87,0.139368,0.00255,0.617766,0.615216,7889617,144360,34971736,34827376
4,6,False,John Ratzenberger,18.87,0.134425,0.026412,0.178443,0.152031,7609807,1495179,10101635,8606456
4,6,False,Ian Ziering,18.87,0.185241,0.002996,0.633049,0.630053,10486513,169603,35836920,35667317
4,6,False,Laila Ali,18.87,0.163256,0.006431,0.589751,0.58332,9241904,364043,33385803,33021761
4,6,False,Apolo Anton Ohno,18.87,0.166131,0.000875,0.66413,0.663255,9404693,49556,37596408,37546851
4,6,False,Heather Mills,18.87,0.015602,0.000514,0.115352,0.114838,883231,29070,6530065,6500994
4,6,False,Billy Ray Cyrus,18.87,0.159621,0.020008,0.676643,0.656635,9036136,1132674,38304765,37172092
4,6,False,Joey Fatone,18.87,0.175724,0.00255,0.620453,0.617903,9947715,144360,35123866,34979506
4,7,False,John Ratzenberger,18.97,0.035575,0.026412,0.142788,0.116376,2024599,1503103,8126054,6622951
4,7,False,Ian Ziering,18.97,0.193616,0.002996,0.736404,0.733408,11018690,170502,41908732,41738230
4,7,False,Laila Ali,18.97,0.195218,0.006431,0.685836,0.679405,11109873,365972,39030936,38664965
4,7,False,Apolo Anton Ohno,18.97,0.181088,0.000955,0.747909,0.746954,10305699,54374,42563522,42509149
4,7,False,Billy Ray Cyrus,18.97,0.18173,0.050334,0.244098,0.193764,10342236,2864511,13891615,11027104
4,7,False,Joey Fatone,18.97,0.212773,0.002703,0.735805,0.733102,12108902,153830,41874673,41720843
4,8,False,Ian Ziering,19.44,0.17185,0.016826,0.253516,0.23669,10022294,981299,14785077,13803778
4,8,False,Laila Ali,19.44,0.221657,0.006431,0.803113,0.796682,12927049,375039,46837558,46462519
4,8,False,Apolo Anton Ohno,19.44,0.263561,0.000955,0.839204,0.838249,15370889,55721,48942398,48886678
4,8,False,Billy Ray Cyrus,19.44,0.078057,0.050334,0.196554,0.146219,4552268,2935482,11463001,8527519
4,8,False,Joey Fatone,19.44,0.264875,0.007984,0.798531,0.790547,15447500,465598,46570301,46104703
4,9,False,Ian Ziering,19.58,0.116077,0.016826,0.234839,0.218013,6818360,988366,13794424,12806058
4,9,False,Laila Ali,19.58,0.202241,0.012347,0.33842,0.326073,11879650,725240,19878764,19153524
4,9,False,Apolo Anton Ohno,19.58,0.380724,0.162724,0.925832,0.763108,22363743,9558409,54383366,44824957
4,9,False,Joey Fatone,19.58,0.300958,0.011413,0.503811,0.492398,17678246,670428,29593871,28923443
4,10,True,Laila Ali,,0.123866,0.012347,0.332744,0.320397,,,,
4,10,True,Apolo Anton Ohno,,0.596037,0.333933,0.970508,0.636576,,,,
4,10,True,Joey Fatone,,0.280098,0.015465,0.493306,0.477841,,,,
5,1,False,Cameron Mathison,21.25,0.10294,3.3e-05,0.474573,0.47454,6562431,2075,30254004,30251929
5,1,False,Jane Seymour,21.25,0.096084,0.000123,0.446975,0.446851,6125379,7863,28494640,28486777
5,1,False,Sabrina Bryan,21.25,0.096052,9.1e-05,0.496231,0.496141,6123322,5776,31634751,31628975
5,1,False,Jennie Garth,21.25,0.096197,0.000137,0.456202,0.456065,6132571,8703,29082856,29074153
5,1,False,Floyd Mayweather Jr. ,21.25,0.102083,8.3e-05,0.478981,0.478898,6507814,5309,30535045,30529736
5,1,False,Josie Maran,21.25,0.012283,3.8e-05,0.056605,0.056567,783035,2445,3608596,3606150
5,1,False,Albert Reed,21.25,0.047411,1.7e-05,0.072822,0.072805,3022441,1093,4642428,4641335
5,1,False,Helio Castroneves,21.25,0.090247,0.000225,0.418562,0.418337,5753249,14321,26683322,26669001
5,1,False,Mel B,21.25,0.089563,1e-06,0.514429,0.514428,5709643,52,32794859,32794806
5,1,False,Wayne Newton,21.25,0.090327,0.008111,0.527083,0.518972,5758356,517081,33601560,33084479
5,1,False,Marie Osmond,21.25,0.100319,0.000432,0.449171,0.448739,6395317,27519,28634654,28607135
5,1,False,Mark Cuban,21.25,0.076493,0.000232,0.381484,0.381252,4876442,14800,24319606,24304806
5,2,False,Cameron Mathison,20.21,0.153546,0.001828,0.531178,0.52935,9309468,110805,32205324,32094520
5,2,False,Jane Seymour,20.21,0.158616,0.006452,0.50358,0.497128,9616878,391172,30532065,30140894
5,2,False,Sabrina Bryan,20.21,0.084944,0.000232,0.44102,0.440788,5150174,14039,26739029,26724990
5,2,False,Jennie Garth,20.21,0.085541,0.000733,0.498094,0.497361,5186372,44444,30199444,30155000
5,2,False,Floyd Mayweather Jr. ,20.21,0.09891,0.002044,0.467599,0.465555,5996906,123915,28350501,28226585
5,2,False,Albert Reed,20.21,0.006001,2.8e-05,0.046474,0.046446,363858,1709,2817700,2815991
5,2,False,Helio Castroneves,20.21,0.08062,0.00025,0.458943,0.458694,4888001,15143,27825738,27810595
5,2,False,Mel B,20.21,0.084728,0.000625,0.482615,0.481991,5137062,37867,29260952,29223085
5,2,False,Wayne Newton,20.21,0.084874,0.02662,0.106819,0.080199,5145916,1613998,6476462,4862464
5,2,False,Marie Osmond,20.21,0.078041,0.000452,0.436089,0.435637,4731618,27407,26440061,26412654
5,2,False,Mark Cuban,20.21,0.084179,0.015557,0.438089,0.422533,5103748,943216,26561362,25618147
5,3,False,Cameron Mathison,19.62,0.105338,0.009558,0.485862,0.476304,6200211,562593,28597841,28035248
5,3,False,Jane Seymour,19.62,0.137145,0.006452,0.462681,0.456229,8072342,379752,27233382,26853630
5,3,False,Sabrina Bryan,19.62,0.094714,0.000232,0.456541,0.45631,5574841,13629,26872014,26858385
5,3,False,Jennie Garth,19.62,0.087649,0.002812,0.544568,0.541756,5159009,165495,32053259,31887764
5,3,False,Floyd Mayweather Jr. ,19.62,0.079856,0.014438,0.106494,0.092056,4700297,849793,6268210,5418417
5,3,False,Helio Castroneves,19.62,0.138526,0.011509,0.505417,0.493908,8153640,677448,29748851,29071403
5,3,False,Mel B,19.62,0.100093,0.000988,0.453275,0.452287,5891471,58179,26679766,26621587
5,3,False,Wayne Newton,19.62,0.027639,0.02662,0.082505,0.055885,1626810,1566880,4856250,3289370
5,3,False,Marie Osmond,19.62,0.101951,0.004793,0.402941,0.398148,6000842,282125,23717105,23434980
5,3,False,Mark Cuban,19.62,0.12709,0.029041,0.439036,0.409995,7480537,1709325,25841642,24132318
5,4,False,Cameron Mathison,19.4,0.133483,0.009558,0.568367,0.558809,7768735,556285,33078970,32522685
5,4,False,Jane Seymour,19.4,0.150413,0.006452,0.545186,0.538734,8754027,375494,31729810,31354316
5,4,False,Sabrina Bryan,19.4,0.115843,0.000556,0.539046,0.53849,6742084,32383,31372494,31340111
5,4,False,Jennie Garth,19.4,0.124905,0.004022,0.525028,0.521006,7269486,234073,30556632,30322559
5,4,False,Floyd Mayweather Jr. ,19.4,0.017543,0.014438,0.077293,0.062856,1020993,840264,4498461,3658196
5,4,False,Helio Castroneves,19.4,0.120339,0.011509,0.587922,0.576413,7003715,669852,34217072,33547221
5,4,False,Mel B,19.4,0.124383,0.00234,0.53578,0.53344,7239107,136170,31182402,31046231
5,4,False,Marie Osmond,19.4,0.131117,0.004793,0.485446,0.480653,7630995,278962,28252961,27974000
5,4,False,Mark Cuban,19.4,0.081974,0.029041,0.128506,0.099466,4770859,1690158,7479070,5788912
5,5,False,Cameron Mathison,21.37,0.194283,0.01239,0.64566,0.63327,12455483,794343,41393283,40598940
5,5,False,Jane Seymour,21.37,0.162112,0.013597,0.621709,0.608112,10392979,871710,39857786,38986076
5,5,False,Sabrina Bryan,21.37,0.093578,0.004538,0.136861,0.132323,5999278,290937,8774147,8483210
5,5,False,Jennie Garth,21.37,0.127084,0.014365,0.602321,0.587956,8147375,920924,38614811,37693887
5,5,False,Helio Castroneves,21.37,0.14796,0.022094,0.608851,0.586757,9485694,1416466,39033451,37616986
5,5,False,Mel B,21.37,0.086265,0.00234,0.551687,0.549347,5530461,149998,35368659,35218661
5,5,False,Marie Osmond,21.37,0.158431,0.031544,0.562739,0.531196,10157006,2022256,36077211,34054954
5,5,False,Mark Cuban,21.37,0.030287,0.029041,0.046441,0.017401,1941725,1861787,2977346,1115558
5,6,False,Cameron Mathison,21.43,0.158763,0.01239,0.692102,0.679711,10206850,796573,44495206,43698633
5,6,False,Jane Seymour,21.43,0.127029,0.024947,0.164963,0.140015,8166709,1603864,10605444,9001580
5,6,False,Sabrina Bryan,21.43,0.016436,0.004538,0.114685,0.110147,1056642,291753,7373078,7081324
5,6,False,Jennie Garth,21.43,0.195776,0.014365,0.648762,0.634398,12586463,923509,41708934,40785425
5,6,False,Helio Castroneves,21.43,0.153427,0.022094,0.590286,0.568191,9863816,1420442,37949459,36529016
5,6,False,Mel B,21.43,0.14629,0.00234,0.598128,0.595789,9404955,150419,38453668,38303249
5,6,False,Marie Osmond,21.43,0.20228,0.031544,0.60918,0.577637,13004566,2027934,39164209,37136275
5,7,False,Cameron Mathison,20.47,0.138155,0.023184,0.200524,0.17734,8484106,1423728,12314180,10890452
5,7,False,Jane Seymour,20.47,0.033251,0.024947,0.121892,0.096944,2041953,1532015,7485363,5953347
5,7,False,Jennie Garth,20.47,0.160207,0.017422,0.744617,0.727195,9838306,1069896,45726952,44657056
5,7,False,Helio Castroneves,20.47,0.246002,0.022094,0.70497,0.682876,15107008,1356811,43292222,41935411
5,7,False,Mel B,20.47,0.179493,0.015792,0.712813,0.697021,11022659,969779,43773844,42804065
5,7,False,Marie Osmond,20.47,0.242892,0.031544,0.723865,0.692322,14915967,1937089,44452555,42515466
5,8,False,Cameron Mathison,21.81,0.048617,0.023184,0.169557,0.146373,3180997,1516927,11094130,9577203
5,8,False,Jennie Garth,21.81,0.169776,0.028199,0.250717,0.222518,11108441,1845028,16404389,14559361
5,8,False,Helio Castroneves,21.81,0.251003,0.022094,0.826862,0.804768,16423098,1445630,54101569,52655939
5,8,False,Mel B,21.81,0.24026,0.015792,0.771104,0.755312,15720215,1033262,50453320,49420057
5,8,False,Marie Osmond,21.81,0.290345,0.033,0.845757,0.812757,18997249,2159168,55337859,53178691
5,9,False,Jennie Garth,22.85,0.084929,0.028199,0.233296,0.205098,5821868,1933007,15992470,14059463
5,9,False,Helio Castroneves,22.85,0.447717,0.153802,0.862826,0.709024,30691000,10543156,59146725,48603569
5,9,False,Mel B,22.85,0.234012,0.021993,0.497802,0.475809,16041518,1507648,34124348,32616700
5,9,False,Marie Osmond,22.85,0.233342,0.036837,0.376629,0.339792,15995614,2525170,25817889,23292719
5,10,True,Helio Castroneves,,0.487215,0.325132,0.890308,0.565176,,,,
5,10,True,Mel B,,0.278347,0.021993,0.477583,0.45559,,,,
5,10,True,Marie Osmond,,0.234438,0.036837,0.36255,0.325714,,,,
6,2,False,Cristian de la Fuente,20.51,0.097941,0.001158,0.549829,0.54867,6026288,71276,33830952,33759676
6,2,False,Steve Guttenberg,20.51,0.069498,0.006837,0.089846,0.083009,4276212,420708,5528233,5107525
6,2,False,Priscilla Presley,20.51,0.104613,0.0006,0.481043,0.480443,6436833,36947,29598581,29561634
6,2,False,Marlee Matlin,20.51,0.094689,9.3e-05,0.556624,0.556531,5826205,5745,34249073,34243328
6,2,False,Shannon Elizabeth,20.51,0.102219,5.7e-05,0.524488,0.524431,6289536,3488,32271758,32268270
6,2,False,Marissa Jaret Winokur,20.51,0.088399,0.000829,0.725551,0.724721,5439180,51026,44643126,44592100
6,2,False,Jason Taylor,20.51,0.107077,5.2e-05,0.571075,0.571024,6588436,3183,35138265,35135082
6,2,False,Kristi Yamaguchi,20.51,0.095349,0.000381,0.58932,0.588939,5866829,23471,36260882,36237410
6,2,False,Monica Seles,20.51,0.016499,3e-06,0.055138,0.055135,1015173,212,3392643,3392432
6,2,False,Penn Jillette,20.51,0.012497,5.1e-05,0.049061,0.04901,768917,3122,3018731,3015609
6,2,False,Adam Carolla,20.51,0.116625,0.001887,0.518486,0.516599,7175953,116108,31902465,31786357
6,2,False,Mario,20.51,0.094595,0.001294,0.521932,0.520638,5820438,79598,32114467,32034869
6,3,False,Cristian de la Fuente,20.56,0.111653,0.001255,0.508512,0.507258,6886772,77381,31365050,31287669
6,3,False,Steve Guttenberg,20.56,0.009995,0.006837,0.042518,0.035681,616487,421727,2622502,2200775
6,3,False,Priscilla Presley,20.56,0.111032,0.0006,0.52364,0.52304,6848463,37034,32298139,32261105
6,3,False,Marlee Matlin,20.56,0.10299,0.011191,0.533796,0.522605,6352406,690246,32924542,32234296
6,3,False,Shannon Elizabeth,20.56,0.117717,0.00082,0.521472,0.520652,7260754,50600,32164421,32113821
6,3,False,Marissa Jaret Winokur,20.56,0.122242,0.017235,0.543081,0.525846,7539857,1063060,33497215,32434154
6,3,False,Jason Taylor,20.56,0.131796,0.003747,0.493486,0.489739,8129148,231117,30438242,30207125
6,3,False,Kristi Yamaguchi,20.56,0.108769,0.000495,0.611393,0.610897,6708844,30556,37710693,37680137
6,3,False,Adam Carolla,20.56,0.086912,0.007674,0.119844,0.112171,5360752,473306,7392002,6918696
6,3,False,Mario,20.56,0.096896,0.009421,0.563689,0.554268,5976518,581089,34768316,34187227
6,4,False,Cristian de la Fuente,19.68,0.123917,0.001255,0.55103,0.549776,7316031,74069,32532832,32458763
6,4,False,Priscilla Presley,19.68,0.08732,0.001073,0.126387,0.125314,5155378,63366,7461911,7398545
6,4,False,Marlee Matlin,19.68,0.120287,0.011191,0.576314,0.565123,7101724,660702,34025575,33364873
6,4,False,Shannon Elizabeth,19.68,0.146633,0.00082,0.548647,0.547826,8657184,48434,32392105,32343671
6,4,False,Marissa Jaret Winokur,19.68,0.129228,0.017235,0.585599,0.568363,7629605,1017560,34573737,33556177
6,4,False,Jason Taylor,19.68,0.133842,0.003747,0.536004,0.532257,7902026,221225,31645693,31424468
6,4,False,Kristi Yamaguchi,19.68,0.117612,0.000495,0.605174,0.604678,6943803,29248,35729459,35700211
6,4,False,Adam Carolla,19.68,0.019345,0.007674,0.08312,0.075447,1142126,453047,4907411,4454364
6,4,False,Mario,19.68,0.121818,0.009421,0.606207,0.596785,7192123,556217,35790433,35234215
6,5,False,Cristian de la Fuente,17.2,0.151481,0.00251,0.63415,0.63164,7816443,129525,32722164,32592639
6,5,False,Priscilla Presley,17.2,0.015287,0.001073,0.097797,0.096724,788789,55381,5046347,4990967
6,5,False,Marlee Matlin,17.2,0.107088,0.011191,0.154245,0.143054,5525717,577443,7959035,7381592
6,5,False,Shannon Elizabeth,17.2,0.143017,0.00116,0.618397,0.617237,7379696,59832,31909261,31849429
6,5,False,Marissa Jaret Winokur,17.2,0.188338,0.017235,0.668719,0.651484,9718229,889330,34505881,33616551
6,5,False,Jason Taylor,17.2,0.145293,0.003747,0.619124,0.615377,7497103,193347,31946819,31753472
6,5,False,Kristi Yamaguchi,17.2,0.116042,0.000495,0.688294,0.687798,5987791,25562,35515964,35490402
6,5,False,Mario,17.2,0.133454,0.009421,0.6824,0.672979,6886231,486125,35211855,34725730
6,6,False,Cristian de la Fuente,18.04,0.14746,0.00251,0.715127,0.712617,7980532,135850,38702692,38566842
6,6,False,Marlee Matlin,18.04,0.023723,0.011191,0.108809,0.097618,1283906,605643,5888734,5283091
6,6,False,Shannon Elizabeth,18.04,0.116941,0.002542,0.162141,0.159599,6328861,137580,8775056,8637476
6,6,False,Marissa Jaret Winokur,18.04,0.199121,0.017235,0.708238,0.691003,10776429,932763,38329835,37397072
6,6,False,Jason Taylor,18.04,0.206399,0.003747,0.716922,0.713175,11170338,202790,38799809,38597019
6,6,False,Kristi Yamaguchi,18.04,0.15051,0.000495,0.700172,0.699677,8145614,26810,37893309,37866498
6,6,False,Mario,18.04,0.155845,0.009421,0.722142,0.712721,8434319,509866,39082309,38572443
6,7,False,Cristian de la Fuente,18.22,0.293332,0.018967,0.823936,0.804969,16033540,1036753,45036352,43999599
6,7,False,Shannon Elizabeth,18.22,0.021417,0.002542,0.131065,0.128523,1170670,138953,7164025,7025072
6,7,False,Marissa Jaret Winokur,18.22,0.177918,0.017235,0.757763,0.740528,9724986,942070,41419342,40477273
6,7,False,Jason Taylor,18.22,0.18425,0.003747,0.729235,0.725488,10071080,204813,39859984,39655171
6,7,False,Kristi Yamaguchi,18.22,0.18725,0.002065,0.697482,0.695417,10235107,112895,38124390,38011496
6,7,False,Mario,18.22,0.135833,0.009789,0.197279,0.18749,7424617,535070,10783252,10248182
6,8,False,Cristian de la Fuente,18.38,0.233384,0.018967,0.848162,0.829195,12868816,1045858,46767667,45721809
6,8,False,Marissa Jaret Winokur,18.38,0.177065,0.021749,0.26238,0.240631,9763352,1199230,14467612,13268382
6,8,False,Jason Taylor,18.38,0.235116,0.014977,0.844328,0.829351,12964285,825831,46556237,45730407
6,8,False,Kristi Yamaguchi,18.38,0.325904,0.010146,0.8263,0.816154,17970372,559467,45562201,45002735
6,8,False,Mario,18.38,0.028531,0.009789,0.166419,0.15663,1573175,539769,9176321,8636552
6,9,False,Cristian de la Fuente,18.47,0.16354,0.018967,0.358786,0.339819,9061764,1050979,19880329,18829351
6,9,False,Marissa Jaret Winokur,18.47,0.099219,0.021749,0.243763,0.222014,5497737,1205102,13506911,12301810
6,9,False,Jason Taylor,18.47,0.269946,0.014977,0.508658,0.493681,14957681,829874,28184753,27354879
6,9,False,Kristi Yamaguchi,18.47,0.467295,0.14635,0.903544,0.757194,25892818,8109245,50065367,41956122
6,10,True,Cristian de la Fuente,,0.154208,0.018967,0.34461,0.325643,,,,
6,10,True,Jason Taylor,,0.289655,0.014977,0.498718,0.483741,,,,
6,10,True,Kristi Yamaguchi,,0.556137,0.323627,0.946238,0.622611,,,,
7,1,False,Ted McGinley,21.34,0.00755,1.2e-05,0.043177,0.043165,483338,779,2764206,2763427
7,1,False,Cloris Leachman,21.34,0.111398,0.014656,0.427608,0.412952,7131722,938268,27375440,26437172
7,1,False,Susan Lucci,21.34,0.102199,0.00426,0.405461,0.401201,6542806,272755,25957617,25684862
7,1,False,Cody Linley,21.34,0.092656,0.0001,0.432111,0.432011,5931835,6414,27663768,27657354
7,1,False,Misty May-Treanor,21.34,0.048087,0.000511,0.075383,0.074872,3078552,32689,4826022,4793332
7,1,False,Maurice Greene,21.34,0.094798,0.001862,0.461487,0.459625,6068979,119205,29544423,29425218
7,1,False,Warren Sapp,21.34,0.092351,0.000526,0.372103,0.371577,5912323,33658,23822034,23788376
7,1,False,Jeffrey Ross,21.34,0.019706,0.000111,0.064364,0.064253,1261604,7111,4120605,4113494
7,1,False,Toni Braxton,21.34,0.097116,0.000107,0.478105,0.477998,6217352,6830,30608272,30601441
7,1,False,Lance Bass,21.34,0.090317,3.2e-05,0.452196,0.452164,5782122,2040,28949597,28947557
7,1,False,Kim Kardashian,21.34,0.058154,0.000616,0.089986,0.08937,3723041,39456,5760919,5721463
7,1,False,Rocco DiSpirito,21.34,0.092266,0.008589,0.393592,0.385003,5906853,549870,25197740,24647870
7,1,False,Brooke Burke,21.34,0.0934,0.000221,0.447873,0.447652,5979474,14180,28672840,28658661
7,2,False,Cloris Leachman,18.88,0.175755,0.028266,0.535149,0.506883,9954737,1601003,30310850,28709848
7,2,False,Susan Lucci,18.88,0.091268,0.00426,0.495105,0.490844,5169415,241308,28042727,27801419
7,2,False,Cody Linley,18.88,0.114027,0.003182,0.539653,0.536471,6458510,180241,30565943,30385701
7,2,False,Misty May-Treanor,18.88,0.005971,0.000511,0.056842,0.056332,338220,28915,3219552,3190637
7,2,False,Maurice Greene,18.88,0.110637,0.012192,0.560025,0.547832,6266457,690570,31719801,31029231
7,2,False,Warren Sapp,18.88,0.121826,0.000526,0.479644,0.479119,6900238,29773,27167054,27137281
7,2,False,Toni Braxton,18.88,0.080381,0.000107,0.457139,0.457032,4552807,6042,25892326,25886285
7,2,False,Lance Bass,18.88,0.101074,0.006721,0.5504,0.543679,5724809,380650,31174632,30793982
7,2,False,Kim Kardashian,18.88,0.014674,0.000616,0.049763,0.049146,831131,34904,2818550,2783646
7,2,False,Rocco DiSpirito,18.88,0.08818,0.024859,0.114662,0.089804,4994490,1408002,6494474,5086473
7,2,False,Brooke Burke,18.88,0.096207,0.000222,0.438461,0.438239,5449187,12597,24834457,24821860
7,4,False,Cloris Leachman,17.76,0.136809,0.028266,0.641723,0.613457,7289188,1506025,34190988,32684964
7,4,False,Susan Lucci,17.76,0.103216,0.004772,0.472138,0.467366,5499336,254228,25155503,24901275
7,4,False,Cody Linley,17.76,0.133876,0.004626,0.495561,0.490934,7132900,246495,26403478,26156983
7,4,False,Maurice Greene,17.76,0.161384,0.018973,0.524504,0.505532,8598560,1010869,27945595,26934726
7,4,False,Warren Sapp,17.76,0.090088,0.008358,0.586244,0.577886,4799894,445337,31235095,30789758
7,4,False,Toni Braxton,17.76,0.083929,0.010083,0.121466,0.111383,4471748,537238,6471722,5934484
7,4,False,Lance Bass,17.76,0.119222,0.00672,0.435146,0.428426,6352146,358064,23184585,22826521
7,4,False,Rocco DiSpirito,17.76,0.026852,0.024859,0.078353,0.053494,1430670,1324471,4174637,2850166
7,4,False,Brooke Burke,17.76,0.144624,0.001829,0.545061,0.543232,7705559,97453,29040857,28943403
7,5,False,Cloris Leachman,18.5,0.132103,0.028266,0.183434,0.155168,7331722,1568776,10180607,8611832
7,5,False,Susan Lucci,18.5,0.168383,0.010542,0.550491,0.539949,9345281,585077,30552229,29967152
7,5,False,Cody Linley,18.5,0.123652,0.004626,0.573914,0.569287,6862673,256766,31852203,31595438
7,5,False,Maurice Greene,18.5,0.127011,0.018973,0.602857,0.583884,7049126,1052988,33458576,32405587
7,5,False,Warren Sapp,18.5,0.133125,0.008358,0.664597,0.656239,7388439,463892,36885138,36421245
7,5,False,Toni Braxton,18.5,0.016661,0.010083,0.099039,0.088955,924694,559623,5496638,4937015
7,5,False,Lance Bass,18.5,0.171587,0.018246,0.513499,0.495253,9523057,1012631,28499190,27486558
7,5,False,Brooke Burke,18.5,0.127478,0.001829,0.620339,0.61851,7075007,101514,34428813,34327299
7,6,False,Cloris Leachman,18.88,0.046283,0.028266,0.155559,0.127293,2621473,1600999,8810853,7209854
7,6,False,Susan Lucci,18.88,0.110914,0.010542,0.162828,0.152286,6282151,597095,9222578,8625483
7,6,False,Cody Linley,18.88,0.16718,0.004626,0.672952,0.668326,9469065,262040,38116007,37853967
7,6,False,Maurice Greene,18.88,0.158478,0.018973,0.685792,0.666819,8976191,1074617,38843231,37768614
7,6,False,Warren Sapp,18.88,0.130246,0.008358,0.763636,0.755277,7377120,473421,43252320,42778899
7,6,False,Lance Bass,18.88,0.206113,0.018246,0.612537,0.594292,11674227,1033431,34694120,33660689
7,6,False,Brooke Burke,18.88,0.180787,0.002952,0.719377,0.716426,10239772,167192,40745541,40578350
7,7,False,Susan Lucci,17.09,0.023246,0.010542,0.12717,0.116628,1191828,540485,6519993,5979509
7,7,False,Cody Linley,17.09,0.232553,0.025453,0.767553,0.7421,11922967,1304970,39352454,38047484
7,7,False,Maurice Greene,17.09,0.144387,0.018973,0.209,0.190028,7402701,972733,10715449,9742716
7,7,False,Warren Sapp,17.09,0.21304,0.032726,0.755842,0.723116,10922548,1677837,38752015,37074177
7,7,False,Lance Bass,17.09,0.197636,0.018246,0.741898,0.723653,10132805,935452,38037125,37101672
7,7,False,Brooke Burke,17.09,0.189139,0.002952,0.775922,0.77297,9697150,151340,39781517,39630177
7,8,False,Cody Linley,18.69,0.181646,0.025453,0.270823,0.24537,10184894,1427144,15185025,13757881
7,8,False,Maurice Greene,18.69,0.046811,0.018973,0.178695,0.159723,2624668,1063803,10019444,8955641
7,8,False,Warren Sapp,18.69,0.280909,0.032726,0.790451,0.757725,15750582,1834920,44320584,42485664
7,8,False,Lance Bass,18.69,0.259518,0.018246,0.767919,0.749673,14551151,1023031,43057198,42034167
7,8,False,Brooke Burke,18.69,0.231117,0.005539,0.812806,0.807268,12958706,310552,45574045,45263493
7,9,False,Cody Linley,19.63,0.116198,0.025453,0.2437,0.218247,6842923,1498921,14351489,12852568
7,9,False,Warren Sapp,19.63,0.272043,0.032726,0.514562,0.481837,16020628,1927206,30302575,28375369
7,9,False,Lance Bass,19.63,0.172344,0.018246,0.343059,0.324814,10149355,1074484,20202753,19128269
7,9,False,Brooke Burke,19.63,0.439414,0.149751,0.915975,0.766224,25877094,8818825,53941746,45122921
7,10,True,Warren Sapp,,0.339439,0.032726,0.503304,0.470579,,,,
7,10,True,Lance Bass,,0.146902,0.018246,0.339931,0.321685,,,,
7,10,True,Brooke Burke,,0.513659,0.31593,0.93539,0.61946,,,,
8,2,False,Gilles Marini,21.22,0.078073,0.000305,0.474127,0.473823,4970143,19394,30182941,30163548
8,2,False,Denise Richards,21.22,0.050796,0.000578,0.083061,0.082483,3233684,36764,5287634,5250870
8,2,False,David Alan Grier,21.22,0.091289,0.005006,0.426976,0.42197,5811479,318678,27181273,26862596
8,2,False,Lawrence Taylor,21.22,0.092238,7e-06,0.449996,0.449989,5871880,432,28646727,28646295
8,2,False,Ty Murray,21.22,0.081763,0.0003,0.451496,0.451195,5205019,19109,28742213,28723104
8,2,False,Shawn Johnson,21.22,0.081383,0.0002,0.436936,0.436736,5180824,12703,27815321,27802618
8,2,False,Steve Wozniak,21.22,0.104262,0.014961,0.435592,0.420631,6637349,952400,27729797,26777397
8,2,False,Belinda Carlisle,21.22,0.006898,1e-06,0.035461,0.03546,439120,63,2257433,2257370
8,2,False,Chuck Wicks,21.22,0.080712,0.000113,0.528332,0.528219,5138131,7194,33633609,33626415
8,2,False,Lil' Kim,21.22,0.07242,0.000904,0.469565,0.46866,4610275,57578,29892491,29834913
8,2,False,Steve-O,21.22,0.117129,0.016575,0.51276,0.496185,7456454,1055134,32642292,31587159
8,2,False,Holly Madison,21.22,0.077939,0.002482,0.597588,0.595106,4961581,157981,38042450,37884469
8,2,False,Melissa Rycroft,21.22,0.065097,0.000159,0.449761,0.449602,4144061,10093,28631783,28621689
8,3,False,Gilles Marini,20.34,0.118018,0.000411,0.509588,0.509177,7201453,25084,31095062,31069978
8,3,False,Denise Richards,20.34,0.010886,0.000578,0.05002,0.049442,664288,35239,3052203,3016964
8,3,False,David Alan Grier,20.34,0.09225,0.005006,0.462436,0.457431,5629123,305462,28217874,27912412
8,3,False,Lawrence Taylor,20.34,0.083914,0.000431,0.474205,0.473775,5120422,26270,28936014,28909744
8,3,False,Ty Murray,20.34,0.096349,0.001129,0.486956,0.485828,5879204,68870,29714081,29645211
8,3,False,Shawn Johnson,20.34,0.11821,0.000224,0.472396,0.472172,7213159,13668,28825628,28811960
8,3,False,Steve Wozniak,20.34,0.081435,0.024449,0.121079,0.09663,4969134,1491860,7388228,5896368
8,3,False,Chuck Wicks,20.34,0.083625,0.000113,0.521862,0.521749,5102778,6896,31844017,31837122
8,3,False,Lil' Kim,20.34,0.092251,0.000904,0.43357,0.432666,5629144,55190,26456449,26401259
8,3,False,Steve-O,20.34,0.089896,0.016575,0.453928,0.437353,5485452,1011377,27698672,26687295
8,3,False,Holly Madison,20.34,0.065802,0.002482,0.10577,0.103288,4015218,151429,6454071,6302641
8,3,False,Melissa Rycroft,20.34,0.067365,0.000416,0.485222,0.484806,4110625,25361,29608231,29582869
8,4,False,Gilles Marini,20.48,0.09649,0.000411,0.457633,0.457222,5928327,25257,28116987,28091730
8,4,False,David Alan Grier,20.48,0.068934,0.005006,0.100898,0.095892,4235332,307564,6199162,5891598
8,4,False,Lawrence Taylor,20.48,0.127101,0.010401,0.524225,0.513824,7809094,639034,32208391,31569358
8,4,False,Ty Murray,20.48,0.092042,0.001129,0.509553,0.508424,5655079,69344,31306925,31237581
8,4,False,Shawn Johnson,20.48,0.114354,0.001672,0.477333,0.475661,7025936,102747,29327343,29224596
8,4,False,Steve Wozniak,20.48,0.030465,0.024449,0.086652,0.062203,1871784,1502128,5323907,3821779
8,4,False,Chuck Wicks,20.48,0.120551,0.000145,0.535133,0.534988,7406681,8889,32878580,32869691
8,4,False,Lil' Kim,20.48,0.115099,0.000904,0.48359,0.482685,7071711,55570,29711759,29656190
8,4,False,Steve-O,20.48,0.127832,0.019096,0.503947,0.484852,7853997,1173256,30962533,29789277
8,4,False,Holly Madison,20.48,0.019604,0.002482,0.080082,0.077601,1204477,152471,4920257,4767785
8,4,False,Melissa Rycroft,20.48,0.087526,0.001508,0.498715,0.497207,5377582,92658,30641033,30548375
8,5,False,Gilles Marini,19.88,0.131236,0.000411,0.500782,0.500371,7826943,24511,29866616,29842105
8,5,False,David Alan Grier,19.88,0.011895,0.005006,0.060715,0.05571,709430,298548,3621063,3322515
8,5,False,Lawrence Taylor,19.88,0.149534,0.018612,0.588932,0.57032,8918230,1110042,35123929,34013887
8,5,False,Ty Murray,19.88,0.120546,0.010969,0.590088,0.579119,7189364,654187,35192837,34538650
8,5,False,Shawn Johnson,19.88,0.102732,0.001672,0.58451,0.582837,6126948,99735,34860158,34760424
8,5,False,Chuck Wicks,19.88,0.12741,0.000932,0.525658,0.524726,7598741,55565,31350248,31294683
8,5,False,Lil' Kim,19.88,0.129951,0.000905,0.533457,0.532552,7750273,53947,31815369,31761421
8,5,False,Steve-O,19.88,0.115464,0.026827,0.15187,0.125043,6886301,1599947,9057513,7457565
8,5,False,Melissa Rycroft,19.88,0.11123,0.00151,0.509956,0.508446,6633772,90060,30413773,30323713
8,6,False,Gilles Marini,19.46,0.122112,0.002782,0.542783,0.540001,7128876,162389,31687660,31525272
8,6,False,Lawrence Taylor,19.46,0.109408,0.018612,0.160649,0.142037,6387240,1086590,9378686,8292096
8,6,False,Ty Murray,19.46,0.179009,0.018446,0.63876,0.620314,10450553,1076865,37290794,36213929
8,6,False,Shawn Johnson,19.46,0.133783,0.001672,0.561831,0.560159,7810241,97628,32799707,32702079
8,6,False,Chuck Wicks,19.46,0.134182,0.002414,0.586373,0.583959,7833568,140928,34232481,34091553
8,6,False,Lil' Kim,19.46,0.147768,0.001264,0.594172,0.592908,8626693,73782,34687774,34613992
8,6,False,Steve-O,19.46,0.036038,0.026827,0.099548,0.072721,2103917,1566146,5811605,4245459
8,6,False,Melissa Rycroft,19.46,0.1377,0.00151,0.570671,0.569161,8038912,88157,33315790,33227633
8,7,False,Gilles Marini,20.53,0.150252,0.002782,0.642331,0.639549,9254036,171317,39561146,39389829
8,7,False,Lawrence Taylor,20.53,0.029454,0.018612,0.115053,0.096441,1814044,1146336,7086139,5939803
8,7,False,Ty Murray,20.53,0.20304,0.018446,0.738308,0.719862,12505254,1136075,45472366,44336291
8,7,False,Shawn Johnson,20.53,0.165737,0.001672,0.625601,0.623929,10207744,102996,38530770,38427774
8,7,False,Chuck Wicks,20.53,0.105499,0.002414,0.164602,0.162188,6497660,148677,10137858,9989181
8,7,False,Lil' Kim,20.53,0.166512,0.002407,0.69372,0.691314,10255495,148217,42726221,42578004
8,7,False,Melissa Rycroft,20.53,0.179506,0.003035,0.670219,0.667184,11055768,186955,41278798,41091843
8,8,False,Gilles Marini,19.23,0.178515,0.002782,0.757384,0.754603,10298515,160469,43693488,43533018
8,8,False,Ty Murray,19.23,0.157113,0.018446,0.803996,0.78555,9063856,1064137,46382507,45318370
8,8,False,Shawn Johnson,19.23,0.292764,0.00599,0.740654,0.734665,16889536,345548,42728356,42382808
8,8,False,Chuck Wicks,19.23,0.018374,0.002414,0.131733,0.129319,1060007,139262,7599658,7460396
8,8,False,Lil' Kim,19.23,0.119225,0.002407,0.201544,0.199138,6878062,138831,11627079,11488248
8,8,False,Melissa Rycroft,19.23,0.23401,0.020202,0.755895,0.735693,13500024,1165469,43607600,42442131
8,9,False,Gilles Marini,20.28,0.253591,0.002782,0.806305,0.803523,15428506,169231,49055572,48886341
8,9,False,Ty Murray,20.28,0.192002,0.032467,0.279555,0.247088,11681425,1975287,17008104,15032817
8,9,False,Shawn Johnson,20.28,0.286959,0.00599,0.872387,0.866397,17458570,364416,53076034,52711618
8,9,False,Lil' Kim,20.28,0.029672,0.002407,0.171698,0.169291,1805249,146412,10446100,10299688
8,9,False,Melissa Rycroft,20.28,0.237775,0.020202,0.828716,0.808513,14466250,1229106,50419052,49189947
8,10,False,Gilles Marini,,0.21759,0.002782,0.505659,0.502877,,,,
8,10,False,Ty Murray,,0.107158,0.032467,0.249326,0.216859,,,,
8,10,False,Shawn Johnson,,0.450794,0.145177,0.892923,0.747746,,,,
8,10,False,Melissa Rycroft,,0.224458,0.020202,0.340829,0.320627,,,,
8,11,True,Gilles Marini,,0.276331,0.022588,0.493179,0.470591,,,,
8,11,True,Shawn Johnson,,0.544676,0.331892,0.95721,0.625318,,,,
8,11,True,Melissa Rycroft,,0.178992,0.020202,0.329476,0.309274,,,,
9,1,False,Ashley Hamiliton,17.79,0.008538,1e-06,0.030055,0.030054,455653,31,1604022,1603991
9,1,False,Debi Mazar,17.79,0.075798,0.002167,0.394545,0.392379,4045331,115637,21056881,20941243
9,1,False,Melissa Joan Hart,17.79,0.078441,0.000305,0.355996,0.355692,4186399,16267,18999529,18983262
9,1,False,Mark Dacascos,17.79,0.070988,0.000392,0.391953,0.391561,3788607,20905,20918542,20897637
9,1,False,Chuck Liddell,17.79,0.08055,0.000414,0.424125,0.423711,4298974,22117,22635567,22613450
9,1,False,Natalie Coughlin,17.79,0.075657,0.000101,0.40985,0.409749,4037840,5406,21873711,21868305
9,1,False,Louie Vito,17.79,0.066815,7.6e-05,0.461524,0.461448,3565894,4046,24631534,24627488
9,1,False,Michael Irvin,17.79,0.086803,0.001899,0.328911,0.327012,4632683,101348,17553998,17452650
9,1,False,Joanna Krupa,17.79,0.066161,1.3e-05,0.464213,0.4642,3531013,699,24775053,24774353
9,1,False,Kathy Ireland,17.79,0.041767,0.001659,0.056078,0.054418,2229089,88552,2992866,2904314
9,1,False,Tom DeLay,17.79,0.087456,0.001951,0.471425,0.469474,4667510,104117,25159965,25055847
9,1,False,Macy Gray,17.79,0.009252,1.8e-05,0.038212,0.038194,493772,958,2039366,2038408
9,1,False,Aaron Carter,17.79,0.064157,0.000198,0.399455,0.399258,3424059,10552,21318937,21308385
9,1,False,Mya,17.79,0.071167,0.00014,0.462704,0.462564,3798159,7456,24694502,24687046
9,1,False,Donny Osmond,17.79,0.06549,0.000736,0.33679,0.336054,3495217,39272,17974498,17935226
9,1,False,Kelly Osbourne,17.79,0.050961,0.000289,0.462183,0.461894,2719800,15434,24666723,24651289
9,2,False,Debi Mazar,17.03,0.049671,0.002167,0.085397,0.08323,2537711,110692,4362918,4252226
9,2,False,Melissa Joan Hart,17.03,0.079747,0.001253,0.380991,0.379738,4074288,64006,19464809,19400803
9,2,False,Mark Dacascos,17.03,0.089127,0.001271,0.354879,0.353608,4553520,64946,18130793,18065848
9,2,False,Chuck Liddell,17.03,0.082249,0.00093,0.490666,0.489736,4202119,47529,25068125,25020596
9,2,False,Natalie Coughlin,17.03,0.075305,0.000134,0.362998,0.362864,3847354,6864,18545574,18538709
9,2,False,Louie Vito,17.03,0.081739,0.003043,0.467267,0.464224,4176061,155455,23872672,23717217
9,2,False,Michael Irvin,17.03,0.095605,0.003229,0.397178,0.393948,4884462,164990,20291802,20126812
9,2,False,Joanna Krupa,17.03,0.081661,0.00179,0.405398,0.403608,4172084,91448,20711781,20620333
9,2,False,Kathy Ireland,17.03,0.006012,0.001659,0.025199,0.02354,307130,84764,1287436,1202672
9,2,False,Tom DeLay,17.03,0.046667,0.002007,0.07696,0.074953,2384231,102542,3931907,3829365
9,2,False,Aaron Carter,17.03,0.069908,0.000198,0.312192,0.311995,3571600,10097,15949904,15939806
9,2,False,Mya,17.03,0.08981,0.000283,0.530969,0.530686,4588394,14463,27127230,27112767
9,2,False,Donny Osmond,17.03,0.09984,0.000736,0.405057,0.404321,5100838,37593,20694341,20656748
9,2,False,Kelly Osbourne,17.03,0.052656,0.002539,0.269013,0.266474,2690208,129715,13743865,13614151
9,3,False,Debi Mazar,16.35,0.00975,0.002167,0.034128,0.031961,478222,106273,1673979,1567707
9,3,False,Melissa Joan Hart,16.35,0.099018,0.001253,0.40619,0.404937,4856819,61450,19923618,19862167
9,3,False,Mark Dacascos,16.35,0.109443,0.002029,0.380079,0.37805,5368190,99527,18642869,18543341
9,3,False,Chuck Liddell,16.35,0.063562,0.005793,0.089673,0.083881,3117720,284126,4398469,4114343
9,3,False,Natalie Coughlin,16.35,0.087141,0.000325,0.388197,0.387872,4274247,15949,19041087,19025137
9,3,False,Louie Vito,16.35,0.089243,0.003043,0.478943,0.4759,4377383,149248,23492161,23342913
9,3,False,Michael Irvin,16.35,0.099476,0.015898,0.422377,0.406479,4879307,779774,20717589,19937815
9,3,False,Joanna Krupa,16.35,0.08749,0.00179,0.430597,0.428807,4291406,87796,21120799,21033002
9,3,False,Tom DeLay,16.35,0.01303,0.002007,0.04524,0.043233,639146,98448,2219046,2120598
9,3,False,Aaron Carter,16.35,0.092886,0.000796,0.337392,0.336595,4556036,39055,16549061,16510005
9,3,False,Mya,16.35,0.079054,0.000283,0.425007,0.424724,3877613,13886,20846607,20832721
9,3,False,Donny Osmond,16.35,0.097386,0.000736,0.430256,0.42952,4776795,36092,21104055,21067963
9,3,False,Kelly Osbourne,16.35,0.07252,0.002539,0.294212,0.291673,3557115,124535,14431109,14306573
9,4,False,Melissa Joan Hart,16.79,0.101941,0.001253,0.485558,0.484305,5134759,63100,24457558,24394458
9,4,False,Mark Dacascos,16.79,0.11577,0.002029,0.459445,0.457415,5831321,102203,23142221,23040018
9,4,False,Chuck Liddell,16.79,0.012501,0.005792,0.05661,0.050818,629686,291767,2851467,2559700
9,4,False,Natalie Coughlin,16.79,0.057008,0.000325,0.091495,0.09117,2871500,16375,4608626,4592251
9,4,False,Louie Vito,16.79,0.109991,0.011681,0.551757,0.540076,5540264,588387,27792005,27203618
9,4,False,Michael Irvin,16.79,0.113538,0.015897,0.501744,0.485846,5718917,800754,25272834,24472079
9,4,False,Joanna Krupa,16.79,0.095957,0.00179,0.458101,0.456311,4833355,90159,23074558,22984400
9,4,False,Aaron Carter,16.79,0.119942,0.003865,0.41676,0.412894,6041477,194695,20992177,20797483
9,4,False,Mya,16.79,0.095558,0.000283,0.504374,0.504091,4813274,14258,25405335,25391078
9,4,False,Donny Osmond,16.79,0.095409,0.000736,0.509619,0.508883,4805741,37058,25669493,25632434
9,4,False,Kelly Osbourne,16.79,0.082384,0.002539,0.373577,0.371038,4149706,127891,18817093,18689202
9,5,False,Melissa Joan Hart,16.82,0.070317,0.001253,0.129335,0.128082,3548182,63213,6526228,6463015
9,5,False,Mark Dacascos,16.82,0.122805,0.002029,0.516055,0.514026,6196764,102386,26040133,25937747
9,5,False,Natalie Coughlin,16.82,0.007309,0.000325,0.055166,0.054841,368794,16404,2783683,2767279
9,5,False,Louie Vito,16.82,0.077395,0.011681,0.123568,0.111886,3905350,589438,6235224,5645786
9,5,False,Michael Irvin,16.82,0.113178,0.015897,0.523383,0.507486,5710985,802185,26409914,25607729
9,5,False,Joanna Krupa,16.82,0.140819,0.00179,0.514712,0.512922,7105744,90320,25972349,25882029
9,5,False,Aaron Carter,16.82,0.1298,0.003865,0.47337,0.469505,6549698,195042,23886247,23691205
9,5,False,Mya,16.82,0.111061,0.000283,0.560985,0.560702,5604117,14283,28307291,28293007
9,5,False,Donny Osmond,16.82,0.114053,0.000874,0.566229,0.565355,5755124,44105,28571920,28527815
9,5,False,Kelly Osbourne,16.82,0.113263,0.002539,0.430188,0.427649,5715242,128119,21707276,21579157
9,6,False,Melissa Joan Hart,17.38,0.020951,0.001253,0.093734,0.092481,1092392,65318,4887291,4821973
9,6,False,Mark Dacascos,17.38,0.094711,0.003958,0.183545,0.179587,4938252,206358,9570024,9363666
9,6,False,Louie Vito,17.38,0.025664,0.011681,0.099386,0.087705,1338102,609063,5181994,4572931
9,6,False,Michael Irvin,17.38,0.122378,0.028666,0.166904,0.138238,6380809,1494642,8702370,7207728
9,6,False,Joanna Krupa,17.38,0.142822,0.00179,0.516712,0.514922,7446735,93327,26941364,26848038
9,6,False,Aaron Carter,17.38,0.145913,0.003865,0.528536,0.524671,7607928,201536,27557871,27356335
9,6,False,Mya,17.38,0.134552,0.000646,0.590748,0.590102,7015567,33663,30801604,30767941
9,6,False,Donny Osmond,17.38,0.138926,0.000874,0.621395,0.620521,7243599,45574,32399547,32353974
9,6,False,Kelly Osbourne,17.38,0.174082,0.011894,0.485354,0.47346,9076615,620141,25306354,24686213
9,7,False,Mark Dacascos,16.69,0.044282,0.003958,0.141635,0.137677,2217196,198162,7091667,6893505
9,7,False,Michael Irvin,16.69,0.045829,0.028666,0.131527,0.102861,2294649,1435299,6585571,5150273
9,7,False,Joanna Krupa,16.69,0.185495,0.011487,0.641646,0.630159,9287726,575176,32127219,31552043
9,7,False,Aaron Carter,16.69,0.151627,0.020153,0.206102,0.185949,7591963,1009076,10319524,9310447
9,7,False,Mya,16.69,0.189153,0.026348,0.723225,0.696877,9470892,1319248,36211875,34892628
9,7,False,Donny Osmond,16.69,0.162288,0.02108,0.701904,0.680823,8125746,1055487,35144319,34088832
9,7,False,Kelly Osbourne,16.69,0.221327,0.023034,0.678474,0.65544,11081828,1153311,33971201,32817890
9,8,False,Joanna Krupa,17.62,0.134653,0.013573,0.245825,0.232252,7117737,717469,12994318,12276849
9,8,False,Aaron Carter,17.62,0.051762,0.020153,0.177142,0.156989,2736163,1065299,9363736,8298436
9,8,False,Mya,17.62,0.219403,0.026348,0.825985,0.799637,11597638,1392755,43661549,42268793
9,8,False,Donny Osmond,17.62,0.284961,0.02108,0.787817,0.766737,15063024,1114304,41644020,40529716
9,8,False,Kelly Osbourne,17.62,0.309221,0.023034,0.860151,0.837117,16345438,1217574,45467580,44250006
9,9,False,Joanna Krupa,18.84,0.103795,0.013573,0.223323,0.20975,5866474,767146,12622199,11855053
9,9,False,Mya,18.84,0.233249,0.026348,0.504003,0.477655,13183261,1489189,28486262,26997073
9,9,False,Donny Osmond,18.84,0.449806,0.169013,0.918597,0.749584,25423038,9552615,51919085,42366470
9,9,False,Kelly Osbourne,18.84,0.21315,0.024652,0.361006,0.336354,12047226,1393334,20404036,19010702
9,10,True,Mya,,0.316978,0.026348,0.490397,0.464049,,,,
9,10,True,Donny Osmond,,0.490232,0.31701,0.910829,0.59382,,,,
9,10,True,Kelly Osbourne,,0.19279,0.024652,0.358325,0.333673,,,,
10,2,False,Aiden Turner,22.97,0.098986,0.009054,0.421622,0.412568,6821120,623892,29053966,28430073
10,2,False,Shannen Doherty,22.97,0.00744,2.9e-05,0.055813,0.055785,512724,1968,3846103,3844134
10,2,False,Niecy Nash,22.97,0.099366,0.000768,0.417216,0.416448,6847320,52914,28750323,28697409
10,2,False,Buzz Aldrin,22.97,0.096536,0.038104,0.114086,0.075981,6652266,2625771,7861647,5235876
10,2,False,Chad Ochocinco,22.97,0.12468,0.023887,0.448262,0.424375,8591688,1646071,30889718,29243648
10,2,False,Evan Lysacek,22.97,0.090333,7.2e-05,0.543564,0.543492,6224855,4939,37456970,37452031
10,2,False,Pamela Anderson,22.97,0.097777,0.000184,0.449878,0.449694,6737844,12660,31001107,30988447
10,2,False,Nicole Scherzinger,22.97,0.093166,0.000362,0.485122,0.48476,6420092,24942,33429730,33404789
10,2,False,Erin Andrews,22.97,0.078684,0.00027,0.574604,0.574334,5422109,18596,39595943,39577346
10,2,False,Kate Gosselin,22.97,0.122466,0.023681,0.482768,0.459087,8439113,1631829,33267523,31635694
10,2,False,Jake Pavelka,22.97,0.090566,0.004107,0.56247,0.558364,6240871,282991,38759824,38476833
10,3,False,Aiden Turner,21.21,0.077672,0.00953,0.119505,0.109975,4942278,606373,7604077,6997704
10,3,False,Niecy Nash,21.21,0.106393,0.003868,0.470797,0.466929,6769796,246094,29956791,29710697
10,3,False,Buzz Aldrin,21.21,0.038843,0.038104,0.062729,0.024625,2471552,2424580,3991461,1566881
10,3,False,Chad Ochocinco,21.21,0.122741,0.023887,0.504075,0.480188,7810006,1519946,32074304,30554358
10,3,False,Evan Lysacek,21.21,0.10454,0.001062,0.430461,0.429399,6651859,67599,27390247,27322649
10,3,False,Pamela Anderson,21.21,0.101351,0.001728,0.390899,0.389171,6448992,109947,24872911,24762964
10,3,False,Nicole Scherzinger,21.21,0.112053,0.00631,0.540935,0.534625,7129908,401476,34419696,34018220
10,3,False,Erin Andrews,21.21,0.082774,0.002437,0.366797,0.364361,5266891,155050,23339312,23184262
10,3,False,Kate Gosselin,21.21,0.15413,0.032338,0.484124,0.451786,9807292,2057656,30804820,28747164
10,3,False,Jake Pavelka,21.21,0.099504,0.008543,0.392004,0.383461,6331426,543615,24943214,24399599
10,4,False,Aiden Turner,20.56,0.018227,0.00953,0.079626,0.070096,1124219,587790,4911318,4323527
10,4,False,Niecy Nash,20.56,0.137426,0.003868,0.520896,0.517028,8476466,238552,32128846,31890294
10,4,False,Chad Ochocinco,20.56,0.125115,0.023887,0.566804,0.542917,7717074,1473366,34960497,33487131
10,4,False,Evan Lysacek,20.56,0.127958,0.001143,0.49319,0.492047,7892420,70518,30419987,30349469
10,4,False,Pamela Anderson,20.56,0.126632,0.001728,0.453628,0.4519,7810681,106577,27979797,27873219
10,4,False,Nicole Scherzinger,20.56,0.117363,0.00631,0.575422,0.569112,7238972,389173,35492023,35102850
10,4,False,Erin Andrews,20.56,0.113051,0.00265,0.429527,0.426876,6972968,163473,26493197,26329724
10,4,False,Kate Gosselin,20.56,0.111951,0.032338,0.151475,0.119137,6905112,1994597,9342975,7348378
10,4,False,Jake Pavelka,20.56,0.122278,0.008543,0.454733,0.44619,7542088,526955,28047945,27520990
10,5,False,Niecy Nash,21.07,0.16389,0.022929,0.600521,0.577592,10359469,1449342,37958961,36509619
10,5,False,Chad Ochocinco,21.07,0.169384,0.023887,0.604482,0.580595,10706792,1509913,38209303,36699390
10,5,False,Evan Lysacek,21.07,0.126985,0.001143,0.570952,0.569808,8026695,72267,36089862,36017595
10,5,False,Pamela Anderson,21.07,0.131036,0.003843,0.533254,0.529411,8282769,242923,33706993,33464070
10,5,False,Nicole Scherzinger,21.07,0.120962,0.00631,0.553142,0.546833,7646018,398826,34964123,34565297
10,5,False,Erin Andrews,21.07,0.157965,0.003732,0.509152,0.505421,9984964,235877,32183517,31947640
10,5,False,Kate Gosselin,21.07,0.039049,0.032338,0.095011,0.062673,2468270,2044074,6005616,3961542
10,5,False,Jake Pavelka,21.07,0.09073,0.008543,0.156285,0.147741,5735022,540026,9878746,9338720
10,6,False,Niecy Nash,20.4,0.18457,0.022929,0.693061,0.670132,11295669,1403255,42415342,41012087
10,6,False,Chad Ochocinco,20.4,0.199698,0.023887,0.699492,0.675605,12221491,1461900,42808938,41347039
10,6,False,Evan Lysacek,20.4,0.166227,0.001143,0.665962,0.664819,10173076,69969,40756893,40686924
10,6,False,Pamela Anderson,20.4,0.111506,0.003843,0.162554,0.158711,6824145,235199,9948310,9713111
10,6,False,Nicole Scherzinger,20.4,0.166083,0.00631,0.648153,0.641843,10164280,386144,39666952,39280808
10,6,False,Erin Andrews,20.4,0.155257,0.003732,0.604163,0.600431,9501752,228376,36974766,36746389
10,6,False,Jake Pavelka,20.4,0.01666,0.008543,0.046298,0.037755,1019588,522854,2833437,2310582
10,7,False,Niecy Nash,19.64,0.160963,0.022929,0.224561,0.201632,9483956,1350976,13231156,11880180
10,7,False,Chad Ochocinco,19.64,0.176879,0.023887,0.74579,0.721903,10421705,1407437,43941973,42534536
10,7,False,Evan Lysacek,19.64,0.183114,0.001324,0.669441,0.668117,10789049,78028,39443465,39365436
10,7,False,Pamela Anderson,19.64,0.021109,0.003843,0.125189,0.121346,1243762,226436,7376115,7149679
10,7,False,Nicole Scherzinger,19.64,0.186676,0.00631,0.694451,0.688141,10998933,371758,40917041,40545282
10,7,False,Erin Andrews,19.64,0.271259,0.013592,0.650461,0.636869,15982595,800844,38325152,37524308
10,8,False,Niecy Nash,19.16,0.057725,0.022929,0.20363,0.180701,3318053,1317959,11704678,10386720
10,8,False,Chad Ochocinco,19.16,0.19065,0.023887,0.268818,0.244931,10958542,1373039,15451668,14078629
10,8,False,Evan Lysacek,19.16,0.265984,0.001324,0.79463,0.793305,15288753,76121,45675313,45599192
10,8,False,Nicole Scherzinger,19.16,0.237973,0.00631,0.819639,0.81333,13678686,362672,47112875,46750203
10,8,False,Erin Andrews,19.16,0.247668,0.013592,0.775649,0.762057,14235966,781271,44584332,43803061
10,9,False,Chad Ochocinco,19.04,0.10004,0.023887,0.256839,0.232951,5714309,1364439,14670629,13306190
10,9,False,Evan Lysacek,19.04,0.213895,0.006749,0.511262,0.504513,12217663,385494,29203261,28817767
10,9,False,Nicole Scherzinger,19.04,0.477355,0.14473,0.889019,0.744289,27266540,8266976,50780757,42513781
10,9,False,Erin Andrews,19.04,0.20871,0.013592,0.339977,0.326385,11921488,776378,19419494,18643116
10,10,True,Evan Lysacek,19.36,0.277855,0.016998,0.503942,0.486944,16137844,987219,29268946,28281727
10,10,True,Nicole Scherzinger,19.36,0.556335,0.323281,0.96941,0.646129,32311924,18776177,56303355,37527179
10,10,True,Erin Andrews,19.36,0.16581,0.013592,0.335868,0.322276,9630232,789426,19507198,18717772
11,1,False,David Hasselhoff,21.0,0.010693,2.4e-05,0.039098,0.039074,673654,1497,2463143,2461646
11,1,False,Florence Henderson,21.0,0.089168,0.001945,0.467398,0.465454,5617562,122513,29446100,29323587
11,1,False,Kyle Massey,21.0,0.091633,0.000183,0.442382,0.442198,5772901,11558,27870060,27858502
11,1,False,Jennifer Grey,21.0,0.092983,0.000172,0.501751,0.50158,5857953,10805,31610316,31599511
11,1,False,Rick Fox,21.0,0.081619,4.5e-05,0.543149,0.543105,5141992,2818,34218411,34215593
11,1,False,Kurt Warner,21.0,0.094862,3.4e-05,0.502897,0.502863,5976325,2152,31682507,31680355
11,1,False,Margaret Cho,21.0,0.095482,0.000944,0.479989,0.479045,6015386,59468,30239293,30179825
11,1,False,Michael Bolton,21.0,0.07462,0.000562,0.111649,0.111087,4701074,35420,7033895,6998475
11,1,False,Brandy,21.0,0.097159,0.001099,0.470701,0.469602,6121021,69249,29654179,29584931
11,1,False,The Situation,21.0,0.090336,0.000822,0.552739,0.551916,5691178,51817,34822534,34770717
11,1,False,Audrina Patridge,21.0,0.096749,3.9e-05,0.435225,0.435186,6095171,2458,27419205,27416747
11,1,False,Bristol Palin,21.0,0.084695,5.6e-05,0.382874,0.382818,5335783,3509,24121070,24117561
11,2,False,Florence Henderson,21.34,0.087303,0.001945,0.488817,0.486873,5589430,124502,31295554,31171052
11,2,False,Kyle Massey,21.34,0.126412,0.000183,0.481479,0.481296,8093305,11745,30825756,30814011
11,2,False,Jennifer Grey,21.34,0.108717,0.000541,0.479044,0.478503,6960389,34667,30669839,30635172
11,2,False,Rick Fox,21.34,0.087303,0.000837,0.568587,0.56775,5589424,53613,36402667,36349054
11,2,False,Kurt Warner,21.34,0.105833,0.000304,0.540969,0.540665,6775717,19485,34634473,34614988
11,2,False,Margaret Cho,21.34,0.064208,0.000944,0.100968,0.100024,4110807,60434,6464243,6403809
11,2,False,Michael Bolton,21.34,0.017799,0.000562,0.070029,0.069467,1139529,35995,4483474,4447479
11,2,False,Brandy,21.34,0.099157,0.001099,0.467479,0.46638,6348329,70373,29929398,29859025
11,2,False,The Situation,21.34,0.095218,0.000822,0.544977,0.544154,6096138,52658,34891047,34838388
11,2,False,Audrina Patridge,21.34,0.122324,0.000396,0.474323,0.473927,7831540,25369,30367580,30342210
11,2,False,Bristol Palin,21.34,0.085725,0.001004,0.421972,0.420968,5488393,64278,27015889,26951612
11,3,False,Florence Henderson,19.89,0.111939,0.001945,0.522472,0.520528,6679070,116032,31174358,31058327
11,3,False,Kyle Massey,19.89,0.121038,0.000183,0.537727,0.537543,7222001,10946,32084535,32073589
11,3,False,Jennifer Grey,19.89,0.09895,0.000541,0.495346,0.494804,5904030,32309,29555783,29523474
11,3,False,Rick Fox,19.89,0.121582,0.000837,0.560208,0.55937,7254462,49966,33425919,33375954
11,3,False,Kurt Warner,19.89,0.126418,0.000304,0.60609,0.605786,7542971,18159,36163596,36145437
11,3,False,Margaret Cho,19.89,0.011074,0.000944,0.06985,0.068906,660748,56322,4167726,4111404
11,3,False,Brandy,19.89,0.103609,0.001099,0.493132,0.492033,6182036,65585,29423736,29358151
11,3,False,The Situation,19.89,0.083084,0.001705,0.126734,0.12503,4957366,101704,7561842,7460138
11,3,False,Audrina Patridge,19.89,0.115709,0.000396,0.542341,0.541945,6904011,23643,32359890,32336247
11,3,False,Bristol Palin,19.89,0.106597,0.002549,0.492001,0.489451,6360306,152115,29356208,29204093
11,4,False,Florence Henderson,19.53,0.084909,0.001945,0.118048,0.116104,4973818,113914,6915030,6801116
11,4,False,Kyle Massey,19.53,0.129307,0.000183,0.512632,0.512449,7574572,10746,30028969,30018223
11,4,False,Jennifer Grey,19.53,0.157005,0.000541,0.565195,0.564654,9197039,31719,33108011,33076293
11,4,False,Rick Fox,19.53,0.143998,0.000837,0.630058,0.62922,8435120,49054,36907513,36858459
11,4,False,Kurt Warner,19.53,0.111078,0.001118,0.605507,0.604389,6506712,65505,35469404,35403899
11,4,False,Brandy,19.53,0.101325,0.001099,0.55689,0.555791,5935426,64388,32621524,32557136
11,4,False,The Situation,19.53,0.01674,0.001705,0.081805,0.0801,980568,99848,4791953,4692105
11,4,False,Audrina Patridge,19.53,0.111742,0.00054,0.566138,0.565599,6545607,31612,33163243,33131631
11,4,False,Bristol Palin,19.53,0.143896,0.007429,0.561851,0.554422,8429137,435169,32912079,32476911
11,5,False,Florence Henderson,19.33,0.011453,0.001945,0.092429,0.090484,664150,112770,5359948,5247177
11,5,False,Kyle Massey,19.33,0.21232,0.007667,0.594437,0.586769,12312429,444634,34471393,34026759
11,5,False,Jennifer Grey,19.33,0.150863,0.004499,0.613085,0.608586,8748535,260887,35552794,35291907
11,5,False,Rick Fox,19.33,0.112771,0.002046,0.64648,0.644435,6539587,118619,37489403,37370785
11,5,False,Kurt Warner,19.33,0.150958,0.017822,0.581048,0.563226,8754050,1033473,33694949,32661476
11,5,False,Brandy,19.33,0.139605,0.001099,0.638695,0.637596,8095717,63741,37037924,36974182
11,5,False,Audrina Patridge,19.33,0.071095,0.00054,0.11931,0.11877,4122817,31295,6918775,6887481
11,5,False,Bristol Palin,19.33,0.150935,0.019186,0.643655,0.62447,8752716,1112575,37325563,36212988
11,6,False,Kyle Massey,20.41,0.225654,0.014295,0.686866,0.672571,13818168,875373,42060907,41185534
11,6,False,Jennifer Grey,20.41,0.151068,0.016754,0.66438,0.647626,9250792,1025937,40683970,39658033
11,6,False,Rick Fox,20.41,0.105132,0.013841,0.160762,0.146922,6437868,847551,9844446,8996895
11,6,False,Kurt Warner,20.41,0.201189,0.052286,0.622042,0.569756,12319983,3201772,38091339,34889567
11,6,False,Brandy,20.41,0.125486,0.001099,0.619383,0.618284,7684235,67309,37928532,37861222
11,6,False,Audrina Patridge,20.41,0.0123,0.00054,0.085628,0.085088,753214,33046,5243509,5210463
11,6,False,Bristol Palin,20.41,0.179171,0.022728,0.635035,0.612307,10971739,1391794,38887009,37495215
11,7,False,Kyle Massey,19.93,0.220379,0.02207,0.723046,0.700976,13179124,1319831,43239612,41919781
11,7,False,Jennifer Grey,19.93,0.185791,0.016754,0.725916,0.709162,11110671,1001912,43411221,42409309
11,7,False,Rick Fox,19.93,0.026138,0.013841,0.134482,0.120642,1563114,827703,8042307,7214604
11,7,False,Kurt Warner,19.93,0.151408,0.052286,0.214414,0.162128,9054476,3126794,12822371,9695577
11,7,False,Brandy,19.93,0.156594,0.006298,0.705011,0.698713,9364615,376645,42161055,41784410
11,7,False,Bristol Palin,19.93,0.25969,0.025684,0.720663,0.694979,15530001,1535960,43097087,41561127
11,8,False,Kyle Massey,19.95,0.223559,0.023068,0.770635,0.747568,13381338,1380750,46127154,44746403
11,8,False,Jennifer Grey,19.95,0.235929,0.020576,0.749687,0.729111,14121792,1231609,44873253,43641644
11,8,False,Kurt Warner,19.95,0.072182,0.052286,0.193756,0.141471,4320554,3129618,11597478,8467860
11,8,False,Brandy,19.95,0.171485,0.019802,0.248572,0.22877,10264401,1185244,14878503,13693259
11,8,False,Bristol Palin,19.95,0.296844,0.05774,0.809265,0.751525,17767915,3456068,48439354,44983285
11,9,False,Kyle Massey,20.68,0.23866,0.023068,0.515972,0.492904,14805733,1431061,32009372,30578310
11,9,False,Jennifer Grey,20.68,0.441917,0.149065,0.887774,0.738709,27415200,9247526,55074842,45827316
11,9,False,Brandy,20.68,0.093505,0.019802,0.227028,0.207226,5800753,1228431,14084106,12855675
11,9,False,Bristol Palin,20.68,0.225919,0.05774,0.357332,0.299593,14015313,3581999,22167823,18585824
11,10,True,Kyle Massey,23.7,0.261058,0.038038,0.486049,0.448011,18562792,2704740,34561004,31856265
11,10,True,Jennifer Grey,23.7,0.580177,0.306467,0.904222,0.597755,41254096,21791667,64295620,42503953
11,10,True,Bristol Palin,23.7,0.158765,0.05774,0.356325,0.298586,11289112,4105640,25336880,21231240
12,2,False,Ralph Macchio,,0.096906,0.000259,0.679823,0.679564,,,,
12,2,False,Chelsea Kane,,0.105291,0.000296,0.50455,0.504254,,,,
12,2,False,Kirstie Alley,,0.103874,0.000211,0.564702,0.564491,,,,
12,2,False,Hines Ward,,0.096228,0.000411,0.513367,0.512956,,,,
12,2,False,Sugar Ray Leonard,,0.110765,0.000391,0.481342,0.480951,,,,
12,2,False,Chris Jericho,,0.096336,0.00011,0.526439,0.526329,,,,
12,2,False,Petra Nemcova,,0.114861,0.001693,0.558943,0.557251,,,,
12,2,False,Mike Catherwood,,0.008663,1.3e-05,0.07458,0.074567,,,,
12,2,False,Romeo,,0.099961,0.000164,0.567186,0.567022,,,,
12,2,False,Wendy Williams,,0.080867,0.000988,0.109598,0.10861,,,,
12,2,False,Kendra Wilkinson,,0.086247,0.000287,0.525054,0.524767,,,,
12,3,False,Ralph Macchio,,0.10459,0.000259,0.615466,0.615206,,,,
12,3,False,Chelsea Kane,,0.109008,0.000296,0.569408,0.569112,,,,
12,3,False,Kirstie Alley,,0.095277,0.000211,0.56509,0.564879,,,,
12,3,False,Hines Ward,,0.168931,0.002199,0.587946,0.585747,,,,
12,3,False,Sugar Ray Leonard,,0.062621,0.000391,0.104855,0.104464,,,,
12,3,False,Chris Jericho,,0.118759,0.001474,0.550658,0.549184,,,,
12,3,False,Petra Nemcova,,0.108521,0.001693,0.622308,0.620616,,,,
12,3,False,Romeo,,0.103109,0.000607,0.624857,0.62425,,,,
12,3,False,Wendy Williams,,0.017293,0.000988,0.086023,0.085034,,,,
12,3,False,Kendra Wilkinson,,0.111891,0.001337,0.599634,0.598297,,,,
12,4,False,Ralph Macchio,,0.133388,0.000677,0.66133,0.660653,,,,
12,4,False,Chelsea Kane,,0.10549,0.000296,0.606744,0.606448,,,,
12,4,False,Kirstie Alley,,0.143617,0.000352,0.502697,0.502346,,,,
12,4,False,Hines Ward,,0.111078,0.002199,0.562069,0.559869,,,,
12,4,False,Sugar Ray Leonard,,0.009264,0.000391,0.079121,0.07873,,,,
12,4,False,Chris Jericho,,0.13135,0.001474,0.63668,0.635206,,,,
12,4,False,Petra Nemcova,,0.080837,0.001693,0.11894,0.117247,,,,
12,4,False,Romeo,,0.124122,0.000607,0.574581,0.573974,,,,
12,4,False,Kendra Wilkinson,,0.160854,0.018744,0.649638,0.630894,,,,
12,5,False,Ralph Macchio,,0.134866,0.00251,0.605975,0.603465,,,,
12,5,False,Chelsea Kane,,0.130274,0.000957,0.614703,0.613746,,,,
12,5,False,Kirstie Alley,,0.189516,0.001901,0.581819,0.579918,,,,
12,5,False,Hines Ward,,0.143468,0.002199,0.64119,0.638991,,,,
12,5,False,Chris Jericho,,0.105475,0.001474,0.155352,0.153878,,,,
12,5,False,Petra Nemcova,,0.011622,0.001693,0.083803,0.082111,,,,
12,5,False,Romeo,,0.145414,0.000607,0.653702,0.653096,,,,
12,5,False,Kendra Wilkinson,,0.139365,0.018744,0.588024,0.56928,,,,
12,6,False,Ralph Macchio,,0.19667,0.00251,0.689779,0.687268,,,,
12,6,False,Chelsea Kane,,0.154935,0.002436,0.682217,0.679781,,,,
12,6,False,Kirstie Alley,,0.175057,0.002494,0.665622,0.663127,,,,
12,6,False,Hines Ward,,0.155356,0.002199,0.712933,0.710733,,,,
12,6,False,Chris Jericho,,0.021184,0.001474,0.124255,0.122781,,,,
12,6,False,Romeo,,0.203328,0.00067,0.654363,0.653693,,,,
12,6,False,Kendra Wilkinson,,0.09347,0.018744,0.163798,0.145054,,,,
12,7,False,Ralph Macchio,,0.167995,0.009577,0.681185,0.671607,,,,
12,7,False,Chelsea Kane,,0.277773,0.020282,0.698861,0.678579,,,,
12,7,False,Kirstie Alley,,0.187063,0.024681,0.763294,0.738612,,,,
12,7,False,Hines Ward,,0.217155,0.010532,0.837188,0.826656,,,,
12,7,False,Romeo,,0.129951,0.022421,0.197222,0.174801,,,,
12,7,False,Kendra Wilkinson,,0.020064,0.018744,0.038108,0.019364,,,,
12,8,False,Ralph Macchio,,0.207993,0.046709,0.294463,0.247754,,,,
12,8,False,Chelsea Kane,,0.256768,0.020282,0.736969,0.716687,,,,
12,8,False,Kirstie Alley,,0.254833,0.024681,0.77628,0.751599,,,,
12,8,False,Hines Ward,,0.242482,0.016457,0.744812,0.728355,,,,
12,8,False,Romeo,,0.037924,0.022421,0.163999,0.141578,,,,
12,9,False,Ralph Macchio,,0.131511,0.046709,0.282605,0.235895,,,,
12,9,False,Chelsea Kane,,0.143615,0.020282,0.326656,0.306374,,,,
12,9,False,Kirstie Alley,,0.248174,0.024681,0.509291,0.48461,,,,
12,9,False,Hines Ward,,0.4767,0.1459,0.849312,0.703413,,,,
12,10,True,Chelsea Kane,,0.166717,0.020282,0.316097,0.295815,,,,
12,10,True,Kirstie Alley,,0.298937,0.042472,0.498157,0.455686,,,,
12,10,True,Hines Ward,,0.534346,0.334072,0.937247,0.603175,,,,
13,1,False,Elisabetta Canalis,19.03,0.046355,0.000693,0.065847,0.065154,2646379,39566,3759194,3719628
13,1,False,David Arquette,19.03,0.100009,0.000461,0.488031,0.487569,5709529,26341,27861666,27835325
13,1,False,Ricki Lake,19.03,0.096506,0.000796,0.559199,0.558403,5509521,45456,31924669,31879212
13,1,False,J.R. Martinez,19.03,0.099475,0.000111,0.472943,0.472831,5679040,6338,27000288,26993950
13,1,False,Metta World Peace (Ron),19.03,0.010227,3.5e-05,0.043443,0.043408,583845,2012,2480182,2478171
13,1,False,Hope Solo,19.03,0.101241,0.000233,0.531825,0.531592,5779828,13273,30361869,30348596
13,1,False,Chynna Phillips,19.03,0.094171,4.7e-05,0.502631,0.502584,5376250,2677,28695225,28692548
13,1,False,Kristin Cavallari,19.03,0.091984,1.9e-05,0.562304,0.562284,5251375,1103,32101912,32100810
13,1,False,Carson Kressley,19.03,0.098673,0.002961,0.44339,0.440429,5633233,169044,25313137,25144093
13,1,False,Chaz Bono,19.03,0.097108,0.003452,0.484966,0.481513,5543913,197098,27686683,27489584
13,1,False,Nancy Grace,19.03,0.093564,8.9e-05,0.374576,0.374487,5341574,5089,21384572,21379483
13,1,False,Rob Kardashian,19.03,0.070687,0.000637,0.536265,0.535628,4035513,36373,30615351,30578978
13,2,False,Elisabetta Canalis,16.23,0.0049,0.000693,0.054617,0.053924,238558,33744,2659317,2625573
13,2,False,David Arquette,16.23,0.102901,0.014743,0.528251,0.513509,5010233,717814,25720551,25002737
13,2,False,Ricki Lake,16.23,0.078973,0.000796,0.533332,0.532536,3845183,38768,25967955,25929187
13,2,False,J.R. Martinez,16.23,0.092736,0.000908,0.440478,0.43957,4515328,44193,21446864,21402670
13,2,False,Hope Solo,16.23,0.10332,0.013834,0.575268,0.561434,5030664,673600,28009800,27336200
13,2,False,Chynna Phillips,16.23,0.100359,0.001412,0.418595,0.417183,4886475,68749,20381369,20312621
13,2,False,Kristin Cavallari,16.23,0.053934,0.000733,0.078964,0.078231,2626038,35696,3844774,3809078
13,2,False,Carson Kressley,16.23,0.138202,0.015787,0.486833,0.471046,6729035,768690,23703919,22935229
13,2,False,Chaz Bono,16.23,0.110097,0.02243,0.528409,0.505979,5360603,1092098,25728230,24636132
13,2,False,Nancy Grace,16.23,0.129071,0.007706,0.41802,0.410314,6284461,375213,20353388,19978174
13,2,False,Rob Kardashian,16.23,0.085509,0.003424,0.462661,0.459237,4163422,166723,22526955,22360232
13,3,False,David Arquette,16.4,0.098087,0.014743,0.579001,0.564259,4825888,725333,28486856,27761523
13,3,False,Ricki Lake,16.4,0.094893,0.000796,0.539146,0.53835,4668717,39174,26525993,26486819
13,3,False,J.R. Martinez,16.4,0.135922,0.000908,0.495095,0.494187,6687358,44656,24358679,24314023
13,3,False,Hope Solo,16.4,0.113144,0.013834,0.588848,0.575014,5566686,680655,28971327,28290671
13,3,False,Chynna Phillips,16.4,0.065767,0.001412,0.104532,0.10312,3235717,69469,5142977,5073508
13,3,False,Kristin Cavallari,16.4,0.007464,0.000733,0.052651,0.051918,367224,36070,2590431,2554362
13,3,False,Carson Kressley,16.4,0.110068,0.015787,0.526239,0.510452,5415348,776741,25890970,25114229
13,3,False,Chaz Bono,16.4,0.137023,0.027235,0.46074,0.433505,6741554,1339982,22668429,21328447
13,3,False,Nancy Grace,16.4,0.138278,0.016423,0.472637,0.456215,6803271,807995,23253750,22445754
13,3,False,Rob Kardashian,16.4,0.099354,0.003424,0.466543,0.463119,4888238,168469,22953936,22785467
13,4,False,David Arquette,16.3,0.122955,0.014743,0.518495,0.503753,6012513,720910,25354427,24633517
13,4,False,Ricki Lake,16.3,0.12596,0.000796,0.530765,0.529968,6159462,38935,25954384,25915449
13,4,False,J.R. Martinez,16.3,0.114412,0.000908,0.547746,0.546839,5594758,44384,26784787,26740403
13,4,False,Hope Solo,16.3,0.103455,0.013834,0.641499,0.627665,5058940,676505,31369308,30692803
13,4,False,Chynna Phillips,16.3,0.010178,0.001412,0.071053,0.069641,497727,69045,3474477,3405432
13,4,False,Carson Kressley,16.3,0.095222,0.015787,0.135936,0.120148,4656364,772005,6647253,5875248
13,4,False,Chaz Bono,16.3,0.150241,0.027235,0.513391,0.486156,7346792,1331812,25104843,23773031
13,4,False,Nancy Grace,16.3,0.158796,0.016423,0.525288,0.508866,7765102,803069,25686594,24883526
13,4,False,Rob Kardashian,16.3,0.11878,0.003424,0.519194,0.51577,5808342,167442,25388609,25221168
13,5,False,David Arquette,17.47,0.138118,0.014743,0.589548,0.574806,7238761,772656,30898218,30125562
13,5,False,Ricki Lake,17.47,0.145135,0.000796,0.601817,0.601021,7606551,41730,31541240,31499510
13,5,False,J.R. Martinez,17.47,0.141653,0.000908,0.618799,0.617891,7424026,47570,32431248,32383678
13,5,False,Hope Solo,17.47,0.146421,0.013834,0.589416,0.575581,7673938,725064,30891272,30166209
13,5,False,Carson Kressley,17.47,0.021503,0.015787,0.104553,0.088766,1126983,827419,5479623,4652204
13,5,False,Chaz Bono,17.47,0.110632,0.027235,0.155852,0.128617,5798203,1427408,8168213,6740805
13,5,False,Nancy Grace,17.47,0.142149,0.016423,0.596341,0.579918,7450009,860712,31254228,30393516
13,5,False,Rob Kardashian,17.47,0.154389,0.003424,0.590247,0.586823,8091530,179460,30934854,30755394
13,6,False,David Arquette,16.99,0.113135,0.014743,0.163775,0.149032,5766510,751427,8347596,7596169
13,6,False,Ricki Lake,16.99,0.151418,0.001912,0.659008,0.657096,7717795,97461,33589644,33492183
13,6,False,J.R. Martinez,16.99,0.150345,0.000908,0.689318,0.68841,7663079,46263,35134543,35088280
13,6,False,Hope Solo,16.99,0.181865,0.02413,0.693969,0.669839,9269682,1229898,35371581,34141682
13,6,False,Chaz Bono,16.99,0.037207,0.027235,0.111082,0.083847,1896442,1388189,5661872,4273683
13,6,False,Nancy Grace,16.99,0.150702,0.016423,0.700894,0.684471,7681268,837063,35724564,34887501
13,6,False,Rob Kardashian,16.99,0.215327,0.020549,0.678625,0.658077,10975224,1047359,34589526,33542167
13,7,False,David Arquette,16.3,0.027558,0.014743,0.138264,0.123522,1347592,720910,6761131,6040221
13,7,False,Ricki Lake,16.3,0.202926,0.003268,0.733353,0.730085,9923079,159818,35860978,35701160
13,7,False,J.R. Martinez,16.3,0.191353,0.012424,0.775906,0.763482,9357138,607514,37941804,37334290
13,7,False,Hope Solo,16.3,0.213299,0.02413,0.805051,0.780921,10430332,1179950,39366997,38187048
13,7,False,Nancy Grace,16.3,0.151263,0.025073,0.22754,0.202467,7396742,1226080,11126726,9900646
13,7,False,Rob Kardashian,16.3,0.213602,0.020549,0.789708,0.769159,10445117,1004823,38616704,37611880
13,8,False,Ricki Lake,18.03,0.270264,0.003268,0.8621,0.858832,14618561,176780,46630985,46454205
13,8,False,J.R. Martinez,18.03,0.23047,0.012424,0.894375,0.881951,12466095,671992,48376747,47704754
13,8,False,Hope Solo,18.03,0.175438,0.02413,0.292052,0.267922,9489420,1305183,15797080,14491897
13,8,False,Nancy Grace,18.03,0.058499,0.025073,0.185096,0.160022,3164224,1356210,10011825,8655615
13,8,False,Rob Kardashian,18.03,0.26533,0.020549,0.798684,0.778135,14351699,1111470,43200791,42089321
13,9,False,Ricki Lake,18.5,0.151332,0.003268,0.33522,0.331952,8398910,181388,18604717,18423329
13,9,False,J.R. Martinez,18.5,0.489274,0.152428,0.915305,0.762877,27154713,8459774,50799442,42339668
13,9,False,Hope Solo,18.5,0.108204,0.02413,0.276396,0.252266,6005343,1339207,15339962,14000755
13,9,False,Rob Kardashian,18.5,0.25119,0.020549,0.499004,0.478455,13941034,1140444,27694702,26554258
13,10,True,Ricki Lake,19.61,0.138591,0.003268,0.329391,0.326123,8153288,192271,19378068,19185797
13,10,True,J.R. Martinez,19.61,0.557657,0.339375,0.969117,0.629742,32806941,19965413,57013157,37047743
13,10,True,Rob Kardashian,19.61,0.303753,0.020549,0.491529,0.47098,17869772,1208870,28916648,27707778
14,2,False,William Levy,17.96,0.09927,0.000389,0.505863,0.505475,5348694,20935,27255922,27234986
14,2,False,Jack Wagner,17.96,0.049437,1e-06,0.074587,0.074586,2663673,49,4018752,4018703
14,2,False,Sherri Sheperd,17.96,0.087407,0.000444,0.612861,0.612417,4709489,23920,33020935,32997014
14,2,False,Jaleel White,17.96,0.087904,4.9e-05,0.481538,0.481489,4736272,2623,25945264,25942640
14,2,False,Roshon Fegan,17.96,0.094322,8.7e-05,0.598714,0.598626,5082060,4698,32258692,32253994
14,2,False,Melissa Gilbert,17.96,0.114676,3.3e-05,0.448809,0.448776,6178754,1760,24181805,24180045
14,2,False,Martina Navratilova,17.96,0.012137,3.3e-05,0.055913,0.05588,653954,1786,3012593,3010807
14,2,False,Donald Driver,17.96,0.084918,0.000215,0.600833,0.600619,4575370,11562,32372894,32361332
14,2,False,Gavin DeGraw,17.96,0.103444,0.000455,0.513609,0.513154,5573577,24496,27673248,27648752
14,2,False,Gladys Knight,17.96,0.084124,4.4e-05,0.506692,0.506648,4532605,2393,27300567,27298174
14,2,False,Katherine Jenkins,17.96,0.10486,0.000394,0.521586,0.521192,5649866,21202,28103034,28081832
14,2,False,Maria Menounos,17.96,0.0775,6.8e-05,0.487819,0.487751,4175685,3667,26283688,26280021
14,3,False,William Levy,16.87,0.073159,0.000403,0.481162,0.480759,3702555,20383,24351612,24331229
14,3,False,Jack Wagner,16.87,0.004993,1.1e-05,0.041616,0.041606,252711,543,2106207,2105664
14,3,False,Sherri Sheperd,16.87,0.054179,0.000493,0.091487,0.090993,2742011,24960,4630141,4605181
14,3,False,Jaleel White,16.87,0.091592,0.001375,0.464282,0.462907,4635479,69608,23497331,23427723
14,3,False,Roshon Fegan,16.87,0.080118,0.002688,0.467272,0.464585,4054775,136024,23648655,23512631
14,3,False,Melissa Gilbert,16.87,0.150641,0.002716,0.504722,0.502006,7623954,137437,25543959,25406521
14,3,False,Donald Driver,16.87,0.092071,0.00047,0.640835,0.640365,4659735,23767,32432641,32408873
14,3,False,Gavin DeGraw,16.87,0.107775,0.001991,0.499326,0.497336,5454485,100743,25270896,25170153
14,3,False,Gladys Knight,16.87,0.184728,0.003512,0.562605,0.559093,9349098,177743,28473441,28295699
14,3,False,Katherine Jenkins,16.87,0.092856,0.000394,0.424109,0.423716,4699426,19916,21464169,21444253
14,3,False,Maria Menounos,16.87,0.067887,0.000394,0.49918,0.498787,3435771,19931,25263525,25243595
14,4,False,William Levy,16.39,0.125875,0.000403,0.522778,0.522376,6189260,19803,25705018,25685215
14,4,False,Sherri Sheperd,16.39,0.00725,0.000493,0.065751,0.065258,356470,24250,3232964,3208714
14,4,False,Jaleel White,16.39,0.133155,0.001375,0.505899,0.504523,6547246,67627,24875044,24807416
14,4,False,Roshon Fegan,16.39,0.104515,0.002688,0.48715,0.484462,5139004,132154,23953162,23821008
14,4,False,Melissa Gilbert,16.39,0.109928,0.002716,0.546338,0.543622,5405144,133527,26863439,26729912
14,4,False,Donald Driver,16.39,0.093595,0.00047,0.636629,0.636159,4602084,23091,31303049,31279958
14,4,False,Gavin DeGraw,16.39,0.071851,0.001991,0.118298,0.116308,3532929,97876,5816735,5718859
14,4,False,Gladys Knight,16.39,0.129082,0.00851,0.564066,0.555555,6346955,418455,27735103,27316648
14,4,False,Katherine Jenkins,16.39,0.110543,0.000394,0.465726,0.465332,5435418,19349,22899731,22880382
14,4,False,Maria Menounos,16.39,0.114206,0.001615,0.540797,0.539182,5615491,79403,26590984,26511582
14,5,False,William Levy,16.65,0.118547,0.000403,0.588529,0.588126,5921425,20117,29397034,29376917
14,5,False,Jaleel White,16.65,0.151372,0.001375,0.57165,0.570274,7561009,68700,28553894,28485194
14,5,False,Roshon Fegan,16.65,0.159299,0.002688,0.552901,0.550213,7956985,134250,27617388,27483138
14,5,False,Melissa Gilbert,16.65,0.12143,0.002716,0.612089,0.609373,6065439,135645,30573832,30438187
14,5,False,Donald Driver,16.65,0.094602,0.00047,0.657253,0.656784,4725373,23457,32829799,32806342
14,5,False,Gavin DeGraw,16.65,0.01419,0.001991,0.092781,0.09079,708806,99429,4634396,4534967
14,5,False,Gladys Knight,16.65,0.086945,0.00851,0.140095,0.131585,4342891,425093,6997762,6572669
14,5,False,Katherine Jenkins,16.65,0.142909,0.000394,0.531476,0.531083,7138326,19656,26547246,26527591
14,5,False,Maria Menounos,16.65,0.110706,0.001615,0.524762,0.523147,5529746,80662,26211861,26131199
14,6,False,William Levy,17.62,0.135973,0.000772,0.68131,0.680538,7187529,40785,36014042,35973257
14,6,False,Jaleel White,17.62,0.087576,0.001375,0.134859,0.133484,4629286,72702,7128649,7055947
14,6,False,Roshon Fegan,17.62,0.162895,0.002688,0.629376,0.626688,8610645,142072,33268798,33126726
14,6,False,Melissa Gilbert,17.62,0.145068,0.002716,0.704869,0.702154,7668300,143547,37259398,37115851
14,6,False,Donald Driver,17.62,0.144123,0.00047,0.554675,0.554206,7618325,24824,29320132,29295309
14,6,False,Gladys Knight,17.62,0.021235,0.00851,0.11088,0.10237,1122464,449858,5861121,5411263
14,6,False,Katherine Jenkins,17.62,0.157048,0.000394,0.621947,0.621553,8301565,20801,32876112,32855311
14,6,False,Maria Menounos,17.62,0.146082,0.003478,0.617543,0.614065,7721886,183827,32643307,32459480
14,7,False,William Levy,16.2,0.160855,0.001426,0.732748,0.731322,7817545,69281,35611551,35542270
14,7,False,Jaleel White,16.2,0.014125,0.001375,0.126421,0.125045,686459,66843,6144038,6077194
14,7,False,Roshon Fegan,16.2,0.099623,0.002688,0.189757,0.18707,4841696,130622,9222211,9091589
14,7,False,Melissa Gilbert,16.2,0.116445,0.013749,0.200992,0.187244,5659215,668179,9768216,9100037
14,7,False,Donald Driver,16.2,0.235865,0.001713,0.665555,0.663843,11463063,83237,32345988,32262750
14,7,False,Katherine Jenkins,16.2,0.194422,0.002934,0.690765,0.687831,9448907,142594,33571191,33428597
14,7,False,Maria Menounos,16.2,0.178665,0.003478,0.728423,0.724945,8683115,169012,35401347,35232335
14,8,False,William Levy,16.37,0.201276,0.01175,0.85456,0.84281,9884683,577041,41967455,41390414
14,8,False,Roshon Fegan,16.37,0.04815,0.002688,0.158334,0.155646,2364649,131993,7775770,7643778
14,8,False,Melissa Gilbert,16.37,0.052616,0.013749,0.164167,0.150419,2583981,675190,8062257,7387067
14,8,False,Donald Driver,16.37,0.246366,0.024328,0.791976,0.767647,12099024,1194766,38893933,37699167
14,8,False,Katherine Jenkins,16.37,0.252498,0.020389,0.751617,0.731227,12400164,1001319,36911894,35910575
14,8,False,Maria Menounos,16.37,0.199094,0.023296,0.24174,0.218444,9777499,1144067,11871868,10727801
14,9,False,William Levy,,0.19375,0.029287,0.3345,0.305213,,,,
14,9,False,Donald Driver,,0.435643,0.171742,0.83506,0.663318,,,,
14,9,False,Katherine Jenkins,,0.265957,0.043077,0.497937,0.45486,,,,
14,9,False,Maria Menounos,,0.104651,0.023296,0.226675,0.203379,,,,
14,10,True,William Levy,15.79,0.157147,0.029287,0.3219,0.292613,7444045,1387320,15248419,13861099
14,10,True,Donald Driver,15.79,0.571931,0.341581,0.910583,0.569002,27092378,16180696,43134329,26953633
14,10,True,Katherine Jenkins,15.79,0.270922,0.043077,0.480901,0.437824,12833577,2040581,22780293,20739712
15,1,False,Gilles Marini,14.11,0.091232,0.000129,0.454483,0.454354,3861840,5448,19238256,19232808
15,1,False,Sabrina Bryan,14.11,0.097803,0.000135,0.366291,0.366156,4139985,5719,15505087,15499368
15,1,False,Kirstie Alley,14.11,0.079146,0.000675,0.483234,0.482559,3350241,28581,20455316,20426735
15,1,False,Kelly Monaco,14.11,0.08864,0.000792,0.427517,0.426725,3752129,33524,18096775,18063250
15,1,False,Apolo Anton Ohno,14.11,0.087033,1.8e-05,0.439286,0.439268,3684095,774,18594979,18594205
15,1,False,Emmitt Smith,14.11,0.082275,9.9e-05,0.486474,0.486375,3482690,4182,20592439,20588257
15,1,False,Shawn Johnson,14.11,0.087303,4e-06,0.433313,0.433309,3695547,190,18342155,18341965
15,1,False,Pamela Anderson,14.11,0.00978,8.6e-05,0.041751,0.041665,414001,3655,1767333,1763678
15,1,False,Helio Castroneves,14.11,0.08269,3e-06,0.444319,0.444316,3500282,108,18808016,18807908
15,1,False,Joey Fatone,14.11,0.044568,0.000203,0.062434,0.062232,1886561,8579,2642839,2634260
15,1,False,Drew Lachey,14.11,0.087421,0.000446,0.45106,0.450614,3700532,18884,19093385,19074502
15,1,False,Bristol Palin,14.11,0.093422,0.003769,0.421722,0.417952,3954542,159561,17851487,17691926
15,1,False,Melissa Rycroft,14.11,0.068688,2.9e-05,0.445529,0.4455,2907556,1238,18859249,18858012
15,2,False,Gilles Marini,12.38,0.128248,0.000129,0.496234,0.496105,4763136,4780,18430134,18425354
15,2,False,Sabrina Bryan,12.38,0.125876,0.000219,0.408042,0.407823,4675025,8123,15154682,15146559
15,2,False,Kirstie Alley,12.38,0.090287,0.009167,0.466066,0.456899,3353250,340470,17309710,16969240
15,2,False,Kelly Monaco,12.38,0.092431,0.002057,0.422802,0.420745,3432896,76388,15702850,15626462
15,2,False,Apolo Anton Ohno,12.38,0.096289,0.000461,0.425829,0.425368,3576161,17121,15815277,15798156
15,2,False,Emmitt Smith,12.38,0.087719,0.001992,0.371632,0.36964,3257887,73981,13802429,13728448
15,2,False,Shawn Johnson,12.38,0.09332,4.8e-05,0.475065,0.475016,3465906,1790,17643902,17642112
15,2,False,Helio Castroneves,12.38,0.051817,0.000675,0.076433,0.075758,1924488,25063,2838716,2813653
15,2,False,Joey Fatone,12.38,0.005704,0.000203,0.028946,0.028743,211841,7527,1075045,1067519
15,2,False,Drew Lachey,12.38,0.049106,0.003738,0.084883,0.081145,1823782,138847,3152568,3013722
15,2,False,Bristol Palin,12.38,0.096886,0.018966,0.440115,0.42115,3598359,704379,16345872,15641493
15,2,False,Melissa Rycroft,12.38,0.082317,0.00296,0.398594,0.395634,3057268,109930,14803770,14693840
15,3,False,Gilles Marini,13.55,0.102452,0.005345,0.482696,0.477351,4164655,217288,19621591,19404303
15,3,False,Sabrina Bryan,13.55,0.12708,0.011144,0.436988,0.425844,5165820,453011,17763554,17310543
15,3,False,Kirstie Alley,13.55,0.117802,0.010647,0.495012,0.484365,4788654,432810,20122248,19689438
15,3,False,Kelly Monaco,13.55,0.099055,0.00516,0.451747,0.446588,4026566,209744,18363528,18153784
15,3,False,Apolo Anton Ohno,13.55,0.104507,0.007162,0.453016,0.445853,4248221,291154,18415095,18123940
15,3,False,Emmitt Smith,13.55,0.139754,0.006222,0.400578,0.394356,5681009,252915,16283504,16030589
15,3,False,Shawn Johnson,13.55,0.128119,4.8e-05,0.50401,0.503962,5208051,1959,20488024,20486065
15,3,False,Helio Castroneves,13.55,0.007327,0.000675,0.047996,0.047321,297853,27432,1951030,1923598
15,3,False,Drew Lachey,13.55,0.010627,0.003738,0.056314,0.052575,431999,151969,2289160,2137191
15,3,False,Bristol Palin,13.55,0.079406,0.018966,0.105094,0.086128,3227840,770948,4272067,3501119
15,3,False,Melissa Rycroft,13.55,0.08387,0.003492,0.427539,0.424048,3409333,141946,17379479,17237533
15,4,False,Gilles Marini,13.64,0.108708,0.005345,0.587006,0.58166,4448328,218732,24020272,23801540
15,4,False,Sabrina Bryan,13.64,0.072631,0.011194,0.101097,0.089903,2972067,458075,4136904,3678829
15,4,False,Kirstie Alley,13.64,0.16762,0.025435,0.560583,0.535148,6858999,1040818,22939065,21898247
15,4,False,Kelly Monaco,13.64,0.140677,0.009289,0.55561,0.546322,5756503,380088,22735582,22355493
15,4,False,Apolo Anton Ohno,13.64,0.144138,0.013179,0.522057,0.508877,5898111,539293,21362555,20823262
15,4,False,Emmitt Smith,13.64,0.099082,0.00833,0.504858,0.496527,4054424,340868,20658769,20317902
15,4,False,Shawn Johnson,13.64,0.117523,0.003079,0.503721,0.500642,4809026,125978,20612249,20486271
15,4,False,Bristol Palin,13.64,0.020471,0.018965,0.066122,0.047157,837668,776065,2705716,1929651
15,4,False,Melissa Rycroft,13.64,0.129151,0.01244,0.484091,0.471651,5284874,509042,19809016,19299974
15,6,False,Gilles Marini,13.9,0.096222,0.026229,0.151996,0.125767,4012469,1093740,6338219,5244479
15,6,False,Sabrina Bryan,13.9,0.01308,0.011194,0.083658,0.072464,545434,466806,3488536,3021730
15,6,False,Kirstie Alley,13.9,0.108379,0.025435,0.169083,0.143647,4519386,1060657,7050758,5990100
15,6,False,Kelly Monaco,13.9,0.137172,0.026038,0.514831,0.488793,5720069,1085794,21468468,20382674
15,6,False,Apolo Anton Ohno,13.9,0.193888,0.013179,0.588179,0.574999,8085115,549573,24527051,23977478
15,6,False,Emmitt Smith,13.9,0.163602,0.029179,0.57098,0.541801,6822220,1216751,23809849,22593098
15,6,False,Shawn Johnson,13.9,0.162473,0.02176,0.569843,0.548083,6775113,907391,23762442,22855051
15,6,False,Melissa Rycroft,13.9,0.125185,0.018181,0.45688,0.4387,5220194,758130,19051901,18293772
15,8,False,Gilles Marini,13.79,0.042457,0.026229,0.142994,0.116765,1756438,1085085,5915661,4830577
15,8,False,Kirstie Alley,13.79,0.05126,0.025435,0.136192,0.110757,2120612,1052263,5634271,4582008
15,8,False,Kelly Monaco,13.79,0.196463,0.036128,0.598489,0.562361,8127671,1494621,24759502,23264881
15,8,False,Apolo Anton Ohno,13.79,0.158051,0.027218,0.241412,0.214194,6538574,1126007,9987205,8861198
15,8,False,Emmitt Smith,13.79,0.151429,0.029372,0.253963,0.22459,6264600,1215137,10506442,9291305
15,8,False,Shawn Johnson,13.79,0.207319,0.042465,0.604171,0.561706,8576767,1756774,24994556,23237783
15,8,False,Melissa Rycroft,13.79,0.193022,0.026595,0.540538,0.513943,7985337,1100228,22362060,21261832
15,9,False,Kelly Monaco,14.28,0.235905,0.040767,0.333342,0.292574,10106175,1746471,14280353,12533883
15,9,False,Apolo Anton Ohno,14.28,0.082279,0.027218,0.209334,0.182116,3524839,1166013,8967854,7801840
15,9,False,Emmitt Smith,14.28,0.099303,0.029372,0.231291,0.201918,4254124,1258312,9908496,8650185
15,9,False,Shawn Johnson,14.28,0.284008,0.042465,0.502075,0.45961,12166921,1819198,21508897,19689700
15,9,False,Melissa Rycroft,14.28,0.298505,0.113262,0.819721,0.70646,12787941,4852128,35116862,30264735
15,10,True,Kelly Monaco,16.3,0.163907,0.040772,0.332116,0.291344,8015051,1993738,16240481,14246744
15,10,True,Shawn Johnson,16.3,0.30531,0.043091,0.481357,0.438267,14929649,2107145,23538379,21431234
15,10,True,Melissa Rycroft,16.3,0.530783,0.332624,0.916137,0.583513,25955299,16265318,44799117,28533800
16,2,False,Ingo Rademacher,14.47,0.081577,2.4e-05,0.479812,0.479788,3541254,1035,20828650,20827614
16,2,False,Zendaya,14.47,0.099695,2e-06,0.398766,0.398764,4327751,86,17310430,17310344
16,2,False,Dorothy Hamill,14.47,0.012228,3.5e-05,0.047344,0.047309,530834,1529,2055196,2053667
16,2,False,Victor Ortiz,14.47,0.105635,1.6e-05,0.522644,0.522628,4585613,709,22687983,22687274
16,2,False,Alexandra Raisman,14.47,0.088583,0.000122,0.616881,0.61676,3845409,5277,26778807,26773530
16,2,False,Jacoby Jones,14.47,0.096482,0.000554,0.557882,0.557329,4188292,24030,24217670,24193640
16,2,False,D. L. Hughley,14.47,0.089769,9.9e-05,0.58047,0.58037,3896893,4305,25198182,25193876
16,2,False,Andy Dick,14.47,0.094564,9.3e-05,0.502095,0.502002,4105002,4042,21795952,21791910
16,2,False,Wynonna Judd,14.47,0.066139,9.9e-05,0.096076,0.095977,2871112,4307,4170657,4166351
16,2,False,Kellie Pickler,14.47,0.092638,8e-05,0.428558,0.428478,4021433,3454,18603683,18600228
16,2,False,Lisa Vanderpump,14.47,0.095552,0.0002,0.509148,0.508947,4147922,8686,22102094,22093407
16,2,False,Sean Lowe,14.47,0.077136,0.0003,0.409494,0.409193,3348485,13042,17776116,17763073
16,3,False,Ingo Rademacher,13.91,0.082696,2.4e-05,0.494173,0.494149,3450887,995,20621833,20620838
16,3,False,Zendaya,13.91,0.117889,2.5e-05,0.44611,0.446085,4919499,1027,18616162,18615135
16,3,False,Victor Ortiz,13.91,0.117254,0.000229,0.569988,0.569759,4893014,9565,23785599,23776034
16,3,False,Alexandra Raisman,13.91,0.100044,0.000702,0.464967,0.464264,4174831,29310,19403062,19373752
16,3,False,Jacoby Jones,13.91,0.087678,0.000554,0.513166,0.512613,3658814,23100,21414437,21391337
16,3,False,D. L. Hughley,13.91,0.098099,0.000172,0.522663,0.522491,4093651,7172,21810728,21803556
16,3,False,Andy Dick,13.91,0.115409,0.000491,0.549439,0.548948,4816035,20489,22928091,22907602
16,3,False,Wynonna Judd,13.91,0.013351,9.9e-05,0.070919,0.07082,557150,4140,2959462,2955322
16,3,False,Kellie Pickler,13.91,0.105546,0.00049,0.475901,0.475411,4404436,20465,19859365,19838900
16,3,False,Lisa Vanderpump,13.91,0.05942,0.0002,0.099735,0.099534,2479611,8350,4161921,4153571
16,3,False,Sean Lowe,13.91,0.102614,0.0003,0.456837,0.456537,4282071,12538,19063825,19051287
16,4,False,Ingo Rademacher,13.15,0.109381,0.000272,0.466206,0.465933,4315098,10748,18391809,18381062
16,4,False,Zendaya,13.15,0.161482,6.3e-05,0.517029,0.516966,6370467,2479,20396798,20394319
16,4,False,Victor Ortiz,13.15,0.116757,0.003158,0.626701,0.623543,4606046,124580,24723335,24598755
16,4,False,Alexandra Raisman,13.15,0.114169,0.000702,0.535886,0.535184,4503950,27709,21140704,21112995
16,4,False,Jacoby Jones,13.15,0.095292,0.000554,0.572647,0.572094,3759250,21838,22590931,22569093
16,4,False,D. L. Hughley,13.15,0.076809,0.000172,0.116463,0.116291,3030099,6780,4594446,4587666
16,4,False,Andy Dick,13.15,0.105779,0.000491,0.540806,0.540315,4172963,19369,21334783,21315414
16,4,False,Kellie Pickler,13.15,0.099163,0.00049,0.506754,0.506263,3911966,19346,19991427,19972081
16,4,False,Lisa Vanderpump,13.15,0.012959,0.0002,0.072769,0.072569,511234,7894,2870730,2862836
16,4,False,Sean Lowe,13.15,0.108211,0.000609,0.527757,0.527148,4268927,24026,20820002,20795975
16,5,False,Ingo Rademacher,13.4,0.166254,0.000272,0.538974,0.538702,6683424,10952,21666770,21655818
16,5,False,Zendaya,13.4,0.103111,0.000184,0.589798,0.589614,4145056,7400,23709876,23702476
16,5,False,Victor Ortiz,13.4,0.079103,0.003158,0.126818,0.12366,3179950,126949,5098069,4971120
16,5,False,Alexandra Raisman,13.4,0.122237,0.000702,0.608655,0.607952,4913924,28236,24467925,24439690
16,5,False,Jacoby Jones,13.4,0.102322,0.000554,0.498179,0.497625,4113340,22253,20026796,20004544
16,5,False,D. L. Hughley,13.4,0.015747,0.000172,0.086656,0.086484,633012,6909,3483580,3476672
16,5,False,Andy Dick,13.4,0.152246,0.004363,0.613574,0.609212,6120280,175376,24665694,24490318
16,5,False,Kellie Pickler,13.4,0.158984,0.000638,0.579522,0.578884,6391154,25654,23296799,23271145
16,5,False,Sean Lowe,13.4,0.099997,0.001817,0.507115,0.505298,4019861,73038,20386031,20312993
16,6,False,Ingo Rademacher,13.77,0.147471,0.000272,0.625631,0.625358,6092045,11254,25844801,25833546
16,6,False,Zendaya,13.77,0.122474,0.0006,0.618841,0.618241,5059387,24771,25564307,25539536
16,6,False,Victor Ortiz,13.77,0.01493,0.003158,0.094498,0.09134,616762,130454,3903696,3773243
16,6,False,Alexandra Raisman,13.77,0.119857,0.000702,0.650164,0.649461,4951308,29015,26858256,26829241
16,6,False,Jacoby Jones,13.77,0.192476,0.000831,0.584835,0.584004,7951172,34327,24159544,24125217
16,6,False,Andy Dick,13.77,0.117467,0.004363,0.183261,0.178899,4852559,180219,7570531,7390313
16,6,False,Kellie Pickler,13.77,0.148601,0.000638,0.666179,0.66554,6138687,26362,27519838,27493476
16,6,False,Sean Lowe,13.77,0.136724,0.004216,0.593771,0.589555,5648081,174173,24528698,24354525
16,7,False,Ingo Rademacher,13.45,0.150571,0.001607,0.711929,0.710321,6075533,64861,28726326,28661465
16,7,False,Zendaya,13.45,0.171645,0.0006,0.713338,0.712739,6925886,24195,28783199,28759004
16,7,False,Alexandra Raisman,13.45,0.168377,0.000702,0.744661,0.743959,6794008,28341,30047078,30018737
16,7,False,Jacoby Jones,13.45,0.196887,0.000831,0.679333,0.678502,7944372,33529,27411081,27377552
16,7,False,Andy Dick,13.45,0.035395,0.004363,0.140752,0.13639,1428192,176030,5679356,5503325
16,7,False,Kellie Pickler,13.45,0.170613,0.000973,0.71817,0.717197,6884240,39263,28978145,28938883
16,7,False,Sean Lowe,13.45,0.106512,0.004216,0.190729,0.186513,4297768,170125,7695922,7525796
16,8,False,Ingo Rademacher,13.12,0.131078,0.001607,0.213675,0.212067,5159237,63270,8410231,8346961
16,8,False,Zendaya,13.12,0.157808,0.0006,0.824562,0.823962,6211341,23601,32454755,32431153
16,8,False,Alexandra Raisman,13.12,0.274689,0.000702,0.861195,0.860492,10811753,27645,33896616,33868970
16,8,False,Jacoby Jones,13.12,0.218791,0.001011,0.820085,0.819075,8611609,39778,32278552,32238774
16,8,False,Kellie Pickler,13.12,0.201381,0.000973,0.830921,0.829947,7926364,38299,32705032,32666733
16,8,False,Sean Lowe,13.12,0.016252,0.004216,0.133989,0.129773,639696,165951,5273820,5107869
16,9,False,Ingo Rademacher,13.33,0.038789,0.001607,0.174571,0.172963,1551163,64282,6981087,6916805
16,9,False,Zendaya,13.33,0.248254,0.002641,0.493317,0.490675,9927691,105622,19727733,19622111
16,9,False,Alexandra Raisman,13.33,0.12735,0.001916,0.249539,0.247623,5092718,76619,9979051,9902433
16,9,False,Jacoby Jones,13.33,0.17342,0.006035,0.342392,0.336357,6935056,241334,13692265,13450931
16,9,False,Kellie Pickler,13.33,0.412187,0.114617,0.785855,0.671238,16483372,4583532,31426348,26842815
16,10,True,Zendaya,14.97,0.240269,0.027853,0.475464,0.447611,10790489,1250886,21353110,20102224
16,10,True,Alexandra Raisman,14.97,0.058083,0.001916,0.213423,0.211507,2608519,86045,9584808,9498763
16,10,True,Jacoby Jones,14.97,0.153598,0.014119,0.330544,0.316425,6898091,634099,14844733,14210634
16,10,True,Kellie Pickler,14.97,0.548049,0.27663,0.95512,0.67849,24612900,12423445,42894419,30470974
17,2,False,Valerie Harper,13.57,0.09871,0.001394,0.551457,0.550062,4018468,56765,22449801,22393036
17,2,False,Brant Daugherty,13.57,0.094166,9.1e-05,0.505427,0.505335,3833511,3725,20575928,20572204
17,2,False,Elizabeth Berkley Lauren,13.57,0.093025,0.000659,0.554512,0.553853,3787047,26845,22574194,22547348
17,2,False,Leah Remini,13.57,0.084884,1.5e-05,0.466536,0.466521,3455619,622,18992675,18992053
17,2,False,Corbin Bleu,13.57,0.087512,0.000315,0.558564,0.558249,3562606,12840,22739154,22726314
17,2,False,Amber Riley,13.57,0.091349,0.000216,0.488104,0.487888,3718826,8787,19870724,19861937
17,2,False,Keyshawn Johnson,13.57,0.009875,1.4e-05,0.057119,0.057105,402026,573,2325325,2324752
17,2,False,Bill Engvall,13.57,0.095594,0.000204,0.542382,0.542178,3891649,8291,22080358,22072067
17,2,False,Christina Milian,13.57,0.092339,6.7e-05,0.45854,0.458472,3759101,2742,18667148,18664406
17,2,False,"Nicole ""Snooki"" Polizzi",13.57,0.10148,4.2e-05,0.43791,0.437869,4131236,1698,17827331,17825633
17,2,False,Jack Osbourne,13.57,0.088367,0.000137,0.479365,0.479227,3597414,5592,19514937,19509344
17,2,False,Bill Nye,13.57,0.0627,0.006274,0.100308,0.094034,2552499,255404,4083527,3828123
17,3,False,Valerie Harper,13.1,0.082867,0.009129,0.114558,0.105429,3256674,358768,4502142,4143374
17,3,False,Brant Daugherty,13.1,0.095296,0.000374,0.499992,0.499618,3745114,14690,19649669,19634980
17,3,False,Elizabeth Berkley Lauren,13.1,0.091456,0.000659,0.611632,0.610972,3594225,25916,24037119,24011203
17,3,False,Leah Remini,13.1,0.095072,0.000416,0.523655,0.523239,3736334,16355,20579647,20563292
17,3,False,Corbin Bleu,13.1,0.094548,0.000398,0.52095,0.520552,3715730,15635,20473331,20457696
17,3,False,Amber Riley,13.1,0.107674,0.0017,0.545224,0.543523,4231593,66822,21427284,21360462
17,3,False,Bill Engvall,13.1,0.102944,0.000207,0.501649,0.501442,4045706,8152,19714819,19706668
17,3,False,Christina Milian,13.1,0.105581,0.0005,0.515659,0.515159,4149315,19634,20265394,20245760
17,3,False,"Nicole ""Snooki"" Polizzi",13.1,0.108312,0.000374,0.49503,0.494656,4256661,14695,19454664,19439969
17,3,False,Jack Osbourne,13.1,0.101584,0.000137,0.536484,0.536347,3992245,5398,21083820,21078421
17,3,False,Bill Nye,13.1,0.014667,0.006274,0.045097,0.038823,576405,246558,1772316,1525758
17,4,False,Valerie Harper,13.0,0.016611,0.009129,0.075375,0.066246,647825,356029,2939640,2583611
17,4,False,Brant Daugherty,13.0,0.149152,0.00044,0.545089,0.544649,5816938,17143,21258459,21241316
17,4,False,Elizabeth Berkley Lauren,13.0,0.126685,0.000659,0.563629,0.56297,4940708,25718,21981547,21955829
17,4,False,Leah Remini,13.0,0.105473,0.004256,0.55423,0.549973,4113448,165997,21614962,21448964
17,4,False,Corbin Bleu,13.0,0.100187,0.000648,0.566047,0.565399,3907307,25278,22075833,22050555
17,4,False,Amber Riley,13.0,0.103649,0.0017,0.52319,0.521489,4042311,66312,20404399,20338087
17,4,False,Bill Engvall,13.0,0.117307,0.004316,0.546746,0.542431,4574992,168307,21323112,21154804
17,4,False,Christina Milian,13.0,0.056882,0.0005,0.084087,0.083587,2218401,19484,3279395,3259911
17,4,False,"Nicole ""Snooki"" Polizzi",13.0,0.127903,0.000374,0.53765,0.537276,4988213,14583,20968356,20953773
17,4,False,Jack Osbourne,13.0,0.09615,0.000166,0.536592,0.536426,3749855,6475,20927074,20920600
17,5,False,Brant Daugherty,12.99,0.1216,0.007736,0.552919,0.545184,4738736,301470,21547271,21245801
17,5,False,Elizabeth Berkley Lauren,12.99,0.123784,0.009213,0.525872,0.516659,4823882,359028,20493229,20134201
17,5,False,Leah Remini,12.99,0.1463,0.027672,0.47426,0.446588,5701307,1078391,18481924,17403533
17,5,False,Corbin Bleu,12.99,0.130943,0.002884,0.471034,0.46815,5102845,112391,18356213,18243821
17,5,False,Amber Riley,12.99,0.124923,0.009834,0.522782,0.512948,4868248,383225,20372819,19989594
17,5,False,Bill Engvall,12.99,0.120783,0.020459,0.57994,0.559481,4706902,797268,22600255,21802987
17,5,False,Christina Milian,12.99,0.005492,0.0005,0.058427,0.057927,214013,19469,2276897,2257427
17,5,False,"Nicole ""Snooki"" Polizzi",12.99,0.087088,0.006196,0.11505,0.108854,3393806,241453,4483487,4242034
17,5,False,Jack Osbourne,12.99,0.139088,0.007725,0.601096,0.593372,5420261,301038,23424728,23123690
17,7,False,Brant Daugherty,13.28,0.095761,0.007736,0.130634,0.122898,3815136,308200,5204445,4896244
17,7,False,Elizabeth Berkley Lauren,13.28,0.175334,0.009213,0.584299,0.575086,6985323,367044,23278466,22911422
17,7,False,Leah Remini,13.28,0.146126,0.027672,0.532687,0.505015,5821677,1102466,21222258,20119793
17,7,False,Corbin Bleu,13.28,0.144919,0.004098,0.529461,0.525363,5773576,163269,21093741,20930472
17,7,False,Amber Riley,13.28,0.108759,0.009834,0.581209,0.571375,4332972,391780,23155368,22763588
17,7,False,Bill Engvall,13.28,0.168202,0.020459,0.592902,0.572444,6701172,815067,23621230,22806163
17,7,False,"Nicole ""Snooki"" Polizzi",13.28,0.011877,0.006196,0.076926,0.07073,473174,246843,3064714,2817871
17,7,False,Jack Osbourne,13.28,0.14902,0.007725,0.629246,0.621521,5936971,307759,25069162,24761403
17,8,False,Brant Daugherty,13.72,0.017229,0.007736,0.086747,0.079011,709136,318412,3570510,3252098
17,8,False,Elizabeth Berkley Lauren,13.72,0.106614,0.019663,0.149392,0.129729,4388245,809320,6148961,5339641
17,8,False,Leah Remini,13.72,0.192157,0.027672,0.609613,0.58194,7909184,1138993,25091661,23952668
17,8,False,Corbin Bleu,13.72,0.163348,0.004098,0.606387,0.602289,6723385,168678,24958886,24790208
17,8,False,Amber Riley,13.72,0.180888,0.009834,0.651466,0.641633,7445370,404761,26814361,26409600
17,8,False,Bill Engvall,13.72,0.162951,0.031165,0.657087,0.625922,6707049,1282758,27045693,25762935
17,8,False,Jack Osbourne,13.72,0.176813,0.007725,0.631569,0.623845,7277631,317956,25995396,25677440
17,9,False,Elizabeth Berkley Lauren,12.57,0.024935,0.019663,0.117801,0.098138,940294,741483,4442272,3700789
17,9,False,Leah Remini,12.57,0.147789,0.027672,0.210615,0.182943,5573119,1043524,7942288,6898764
17,9,False,Corbin Bleu,12.57,0.21216,0.015568,0.618443,0.602875,8000553,587074,23321501,22734426
17,9,False,Amber Riley,12.57,0.191247,0.035873,0.712972,0.677099,7211932,1352780,26886168,25533387
17,9,False,Bill Engvall,12.57,0.222861,0.064375,0.743834,0.679458,8404079,2427599,28049976,25622377
17,9,False,Jack Osbourne,12.57,0.201008,0.028007,0.718316,0.690309,7580022,1056153,27087714,26031560
17,10,False,Leah Remini,13.8,0.066748,0.027672,0.182132,0.15446,2763354,1145634,7540270,6394636
17,10,False,Corbin Bleu,13.8,0.218747,0.015568,0.506601,0.491033,9056113,644521,20973269,20328748
17,10,False,Amber Riley,13.8,0.357723,0.094279,0.784314,0.690035,14809720,3903166,32470600,28567433
17,10,False,Bill Engvall,13.8,0.164339,0.064375,0.275677,0.211301,6803620,2665144,11413017,8747873
17,10,False,Jack Osbourne,13.8,0.192444,0.028007,0.346798,0.318791,7967193,1159500,14357444,13197943
17,11,True,Corbin Bleu,,0.262914,0.034402,0.442914,0.408512,,,,
17,11,True,Amber Riley,,0.455698,0.26107,0.857267,0.596197,,,,
17,11,True,Bill Engvall,,0.116012,0.064375,0.239268,0.174892,,,,
17,11,True,Jack Osbourne,,0.165377,0.043651,0.320007,0.276356,,,,
18,1,False,Billy Dee Williams,15.44,0.071717,0.016411,0.108365,0.091955,3321936,760143,5019477,4259335
18,1,False,Danica McKellar,15.44,0.093254,1e-05,0.480494,0.480483,4319507,470,22256460,22255989
18,1,False,James Maslow,15.44,0.102845,0.000363,0.52721,0.526847,4763797,16806,24420375,24403569
18,1,False,Candace Cameron Bure,15.44,0.087499,4.8e-05,0.607094,0.607046,4052947,2202,28120592,28118389
18,1,False,Sean Avery,15.44,0.053983,0.000537,0.083669,0.083132,2500479,24869,3875550,3850681
18,1,False,Diana Nyad,15.44,0.00973,4.3e-05,0.037327,0.037284,450704,2000,1728997,1726997
18,1,False,Charlie White,15.44,0.097651,0.000515,0.432511,0.431996,4523200,23857,20033902,20010045
18,1,False,Amy Purdy,15.44,0.102988,0.002021,0.630752,0.62873,4770410,93634,29216414,29122780
18,1,False,Meryl Davis,15.44,0.098815,0.000554,0.448137,0.447582,4577128,25679,20757688,20732008
18,1,False,Drew Carey,15.44,0.098213,0.001142,0.468972,0.467829,4549215,52912,21722769,21669857
18,1,False,Cody Simpson,15.44,0.105142,0.000879,0.381982,0.381103,4870169,40709,17693390,17652681
18,1,False,NeNe Leakes,15.44,0.078163,0.000523,0.531494,0.530971,3620509,24238,24618805,24594567
18,2,False,Billy Dee Williams,14.65,0.024715,0.016411,0.071132,0.054722,1086209,721249,3126260,2405011
18,2,False,Danica McKellar,14.65,0.102266,0.003593,0.517821,0.514228,4494593,157908,22758222,22600314
18,2,False,James Maslow,14.65,0.096593,0.000399,0.53223,0.531831,4245265,17521,23391487,23373966
18,2,False,Candace Cameron Bure,14.65,0.109905,0.006875,0.610294,0.603419,4830331,302160,26822423,26520263
18,2,False,Sean Avery,14.65,0.009418,0.000537,0.067323,0.066786,413938,23597,2958859,2935263
18,2,False,Charlie White,14.65,0.111809,0.000515,0.469838,0.469323,4914020,22636,20649383,20626747
18,2,False,Amy Purdy,14.65,0.123953,0.002021,0.551442,0.549421,5447747,88843,24235883,24147040
18,2,False,Meryl Davis,14.65,0.127034,0.000554,0.485464,0.484909,5583135,24365,21336136,21311770
18,2,False,Drew Carey,14.65,0.109151,0.00575,0.506299,0.500549,4797169,252698,22251838,21999140
18,2,False,Cody Simpson,14.65,0.072486,0.000879,0.099486,0.098607,3185771,38626,4372424,4333798
18,2,False,NeNe Leakes,14.65,0.112669,0.009829,0.530612,0.520783,4951821,431987,23320399,22888412
18,5,False,Danica McKellar,14.78,0.10617,0.003593,0.656253,0.65266,4707568,159305,29098270,28938965
18,5,False,James Maslow,14.78,0.130355,0.001201,0.593784,0.592583,5779954,53274,26328400,26275126
18,5,False,Candace Cameron Bure,14.78,0.138129,0.006875,0.579481,0.572606,6124639,304838,25694209,25389371
18,5,False,Charlie White,14.78,0.169572,0.00054,0.608293,0.607753,7518812,23931,26971715,26947785
18,5,False,Amy Purdy,14.78,0.136766,0.002021,0.60903,0.607009,6064214,89627,27004389,26914762
18,5,False,Meryl Davis,14.78,0.106351,0.00117,0.555859,0.554689,4715620,51857,24646780,24594924
18,5,False,Drew Carey,14.78,0.089821,0.023101,0.11786,0.094759,3982670,1024290,5225893,4201603
18,5,False,Cody Simpson,14.78,0.00703,0.000879,0.03838,0.037501,311696,38964,1701752,1662788
18,5,False,NeNe Leakes,14.78,0.115806,0.009829,0.669065,0.659236,5134827,435816,29666342,29230526
18,6,False,Danica McKellar,14.06,0.127477,0.010111,0.65602,0.645909,5376963,426480,27670930,27244450
18,6,False,James Maslow,14.06,0.151473,0.014638,0.514279,0.499641,6389145,617414,21692272,21074858
18,6,False,Candace Cameron Bure,14.06,0.173925,0.024093,0.56382,0.539727,7336135,1016246,23781922,22765675
18,6,False,Charlie White,14.06,0.123286,0.011157,0.615318,0.604162,5200214,470585,25954124,25483539
18,6,False,Amy Purdy,14.06,0.156568,0.011171,0.560375,0.549204,6604051,471193,23636613,23165420
18,6,False,Meryl Davis,14.06,0.138732,0.002863,0.594238,0.591376,5851698,120744,25064977,24944233
18,6,False,Drew Carey,14.06,0.026056,0.023101,0.101055,0.077954,1099033,974392,4262481,3288089
18,6,False,NeNe Leakes,14.06,0.102484,0.022679,0.141652,0.118973,4322760,956584,5974868,5018283
18,7,False,Danica McKellar,15.88,0.115901,0.023236,0.157166,0.13393,5521519,1106984,7487402,6380419
18,7,False,James Maslow,15.88,0.174259,0.019835,0.615333,0.595498,8301684,944928,29314472,28369544
18,7,False,Candace Cameron Bure,15.88,0.168555,0.024093,0.540285,0.516191,8029965,1147795,25739155,24591360
18,7,False,Charlie White,15.88,0.222744,0.023201,0.58766,0.564459,10611501,1105281,27996118,26890837
18,7,False,Amy Purdy,15.88,0.181495,0.011171,0.638052,0.626881,8646438,532187,30396784,29864597
18,7,False,Meryl Davis,15.88,0.113544,0.003986,0.68255,0.678564,5409252,189904,32516693,32326789
18,7,False,NeNe Leakes,15.88,0.023502,0.022679,0.038205,0.015527,1119641,1080410,1820093,739683
18,8,False,Danica McKellar,13.12,0.031005,0.023236,0.144228,0.120992,1220376,914586,5676819,4762233
18,8,False,James Maslow,13.12,0.188058,0.03365,0.653538,0.619888,7401957,1324481,25723267,24398786
18,8,False,Candace Cameron Bure,13.12,0.2145,0.03263,0.57849,0.545859,8442728,1284330,22769354,21485024
18,8,False,Charlie White,13.12,0.132214,0.023201,0.196093,0.172892,5203956,913179,7718212,6805033
18,8,False,Amy Purdy,13.12,0.175479,0.015496,0.676257,0.660761,6906860,609937,26617470,26007534
18,8,False,Meryl Davis,13.12,0.258743,0.034943,0.6129,0.577957,10184123,1375356,24123732,22748375
18,9,False,James Maslow,14.36,0.108917,0.03365,0.245477,0.211827,4692161,1449661,10575151,9125490
18,9,False,Candace Cameron Bure,14.36,0.213703,0.03458,0.352722,0.318143,9206321,1489692,15195279,13705587
18,9,False,Charlie White,14.36,0.05089,0.023201,0.16724,0.14404,2192353,999486,7204713,6205227
18,9,False,Amy Purdy,14.36,0.218018,0.023886,0.48758,0.463694,9392207,1029017,21004952,19975936
18,9,False,Meryl Davis,14.36,0.408472,0.118011,0.757128,0.639116,17596958,5083932,32617066,27533135
18,10,True,James Maslow,15.66,0.082804,0.03365,0.234052,0.200401,3890138,1580898,10995749,9414852
18,10,True,Candace Cameron Bure,15.66,0.167293,0.060868,0.3354,0.274532,7859423,2859589,15757104,12897515
18,10,True,Amy Purdy,15.66,0.266567,0.032318,0.451299,0.418981,12523337,1518320,21202047,19683727
18,10,True,Meryl Davis,15.66,0.483335,0.257053,0.872228,0.615175,22707102,12076369,40977276,28900907
19,1,False,Antonio Sabato Jr.,13.64,0.080579,0.000244,0.521824,0.521579,3297293,9993,21353024,21343031
19,1,False,Jonathan Bennett,13.64,0.086823,1.2e-05,0.449504,0.449492,3552780,479,18393687,18393208
19,1,False,Lea Thompson,13.64,0.092728,0.000181,0.390661,0.390481,3794444,7388,15985858,15978470
19,1,False,Janel Parrish,13.64,0.083957,2.9e-05,0.488716,0.488687,3435534,1189,19998263,19997074
19,1,False,Alfonso Ribeiro,13.64,0.092855,5e-06,0.477075,0.477071,3799628,190,19521925,19521735
19,1,False,Lolo Jones,13.64,0.01037,2.1e-05,0.057406,0.057385,424328,866,2349073,2348207
19,1,False,Randy Couture,13.64,0.085005,0.000177,0.39712,0.396944,3478404,7226,16250164,16242937
19,1,False,Tommy Chong,13.64,0.083334,0.000167,0.388404,0.388237,3410007,6818,15893493,15886675
19,1,False,Betsey Johnson,13.64,0.099194,0.007441,0.554573,0.547132,4059027,304481,22693137,22388657
19,1,False,Michael Waltrip,13.64,0.083432,0.001984,0.46036,0.458376,3414021,81169,18837922,18756753
19,1,False,Tavis Smiley,13.64,0.044731,0.000479,0.067199,0.06672,1830403,19590,2749777,2730186
19,1,False,Bethany Mota,13.64,0.088697,0.000102,0.396372,0.39627,3629483,4165,16219539,16215374
19,1,False,Sadie Robertson,13.64,0.068295,0.000125,0.452278,0.452152,2794650,5122,18507198,18502076
19,2,False,Antonio Sabato Jr.,12.76,0.08,0.000244,0.432388,0.432144,3062407,9348,16551812,16542464
19,2,False,Jonathan Bennett,12.76,0.110338,9e-05,0.480792,0.480702,4223735,3446,18404726,18401280
19,2,False,Lea Thompson,12.76,0.087586,0.000202,0.448068,0.447866,3352777,7740,17152032,17144292
19,2,False,Janel Parrish,12.76,0.089247,8e-05,0.452094,0.452014,3416387,3059,17306168,17303109
19,2,False,Alfonso Ribeiro,12.76,0.084557,3.5e-05,0.429073,0.429038,3236837,1332,16424917,16423585
19,2,False,Randy Couture,12.76,0.059686,0.001345,0.087143,0.085798,2284765,51494,3335849,3284355
19,2,False,Tommy Chong,12.76,0.100394,0.002557,0.44581,0.443254,3843071,97870,17065626,16967756
19,2,False,Betsey Johnson,12.76,0.088382,0.007441,0.482556,0.475115,3383271,284837,18472256,18187419
19,2,False,Michael Waltrip,12.76,0.113305,0.01406,0.517766,0.503706,4337335,538216,19820092,19281876
19,2,False,Tavis Smiley,12.76,0.005675,0.000479,0.045268,0.044789,217225,18326,1732868,1714542
19,2,False,Bethany Mota,12.76,0.100061,0.001803,0.453778,0.451976,3830341,69011,17370637,17301626
19,2,False,Sadie Robertson,12.76,0.080769,0.000465,0.494936,0.494471,3091849,17797,18946136,18928339
19,3,False,Antonio Sabato Jr.,12.5,0.122657,0.000244,0.477656,0.477412,4599642,9158,17912109,17902951
19,3,False,Jonathan Bennett,12.5,0.096846,0.001214,0.514467,0.513253,3631731,45529,19292501,19246972
19,3,False,Lea Thompson,12.5,0.099931,0.000202,0.460949,0.460747,3747412,7582,17285597,17278015
19,3,False,Janel Parrish,12.5,0.108451,0.00052,0.477045,0.476525,4066928,19506,17889200,17869694
19,3,False,Alfonso Ribeiro,12.5,0.121934,0.000282,0.474341,0.47406,4572531,10563,17787800,17777237
19,3,False,Randy Couture,12.5,0.009818,0.001345,0.05584,0.054495,368163,50444,2094014,2043570
19,3,False,Tommy Chong,12.5,0.105239,0.002557,0.44956,0.447003,3946481,95875,16858503,16762628
19,3,False,Betsey Johnson,12.5,0.05911,0.007441,0.08983,0.082389,2216625,279033,3368639,3089606
19,3,False,Michael Waltrip,12.5,0.101855,0.01406,0.563035,0.548975,3819544,527249,21113794,20586545
19,3,False,Bethany Mota,12.5,0.087213,0.001803,0.499047,0.497244,3270498,67605,18714249,18646645
19,3,False,Sadie Robertson,12.5,0.086945,0.000808,0.540204,0.539396,3260446,30289,20257645,20227357
19,4,False,Antonio Sabato Jr.,12.74,0.110843,0.008374,0.495143,0.486769,4236430,320043,18924349,18604306
19,4,False,Jonathan Bennett,12.74,0.076934,0.023824,0.094148,0.070324,2940433,910548,3598345,2687797
19,4,False,Lea Thompson,12.74,0.106249,0.00062,0.501525,0.500904,4060833,23707,19168277,19144569
19,4,False,Janel Parrish,12.74,0.124672,0.000647,0.452944,0.452297,4764959,24729,17311509,17286780
19,4,False,Alfonso Ribeiro,12.74,0.102311,0.000282,0.415965,0.415683,3910332,10766,15898177,15887411
19,4,False,Tommy Chong,12.74,0.13005,0.012252,0.482872,0.470619,4970525,468282,18455355,17987073
19,4,False,Betsey Johnson,12.74,0.012635,0.007441,0.040894,0.033453,482911,284390,1562974,1278584
19,4,False,Michael Waltrip,12.74,0.12579,0.021356,0.587484,0.566129,4807690,816210,22453653,21637443
19,4,False,Bethany Mota,12.74,0.109515,0.001803,0.55475,0.552947,4185666,68903,21202551,21133648
19,4,False,Sadie Robertson,12.74,0.101,0.000808,0.436395,0.435588,3860220,30870,16679033,16648162
19,6,False,Antonio Sabato Jr.,12.58,0.07993,0.038385,0.124285,0.0859,3016574,1448640,4690524,3241884
19,6,False,Jonathan Bennett,12.58,0.024106,0.023824,0.054726,0.030902,909775,899112,2065362,1166249
19,6,False,Lea Thompson,12.58,0.14108,0.02694,0.429555,0.402615,5324372,1016714,16211387,15194673
19,6,False,Janel Parrish,12.58,0.126437,0.024004,0.429254,0.40525,4771730,905915,16200037,15294122
19,6,False,Alfonso Ribeiro,12.58,0.105991,0.005156,0.456859,0.451703,4000114,194592,17241859,17047267
19,6,False,Tommy Chong,12.58,0.150165,0.038277,0.496406,0.458129,5667219,1444580,18734373,17289793
19,6,False,Michael Waltrip,12.58,0.153103,0.033568,0.49466,0.461092,5778121,1266841,18668469,17401629
19,6,False,Bethany Mota,12.58,0.112758,0.011363,0.472719,0.461356,4255472,428838,17840410,17411573
19,6,False,Sadie Robertson,12.58,0.106429,0.019213,0.460986,0.441773,4016622,725086,17397605,16672519
19,7,False,Antonio Sabato Jr.,12.62,0.039715,0.038385,0.077443,0.039059,1503611,1453246,2932008,1478762
19,7,False,Lea Thompson,12.62,0.112791,0.02694,0.440246,0.413306,4270250,1019947,16667702,15647755
19,7,False,Janel Parrish,12.62,0.133239,0.025758,0.48398,0.458222,5044422,975190,18323476,17348286
19,7,False,Alfonso Ribeiro,12.62,0.153911,0.022595,0.500754,0.478159,5827052,855459,18958546,18103086
19,7,False,Tommy Chong,12.62,0.135801,0.044838,0.485644,0.440806,5141411,1697562,18386471,16688909
19,7,False,Michael Waltrip,12.62,0.132864,0.04655,0.173327,0.126778,5030246,1762373,6562174,4799801
19,7,False,Bethany Mota,12.62,0.175481,0.013634,0.523004,0.50937,6643722,516194,19800931,19284736
19,7,False,Sadie Robertson,12.62,0.116199,0.040409,0.458223,0.417814,4399286,1529902,17348329,15818427
19,8,False,Lea Thompson,13.09,0.112603,0.02694,0.15909,0.13215,4421922,1057932,6247472,5189540
19,8,False,Janel Parrish,13.09,0.150295,0.025758,0.561423,0.535665,5902096,1011508,22047090,21035582
19,8,False,Alfonso Ribeiro,13.09,0.165738,0.022595,0.578197,0.555602,6508539,887319,22705812,21818493
19,8,False,Tommy Chong,13.09,0.179861,0.044838,0.563087,0.518249,7063145,1760784,22112432,20351648
19,8,False,Michael Waltrip,13.09,0.058651,0.04655,0.125545,0.078995,2303226,1828008,4930159,3102151
19,8,False,Bethany Mota,13.09,0.150458,0.013634,0.600447,0.586813,5908488,535419,23579569,23044150
19,8,False,Sadie Robertson,13.09,0.182393,0.040409,0.535667,0.495257,7162584,1586879,21035627,19448747
19,9,False,Lea Thompson,13.3,0.037447,0.02694,0.13022,0.10328,1494117,1074904,5195768,4120864
19,9,False,Janel Parrish,13.3,0.14886,0.025758,0.686968,0.661211,5939515,1027735,27410040,26382304
19,9,False,Alfonso Ribeiro,13.3,0.194091,0.022595,0.6825,0.659905,7744229,901554,27231770,26330216
19,9,False,Tommy Chong,13.3,0.168337,0.057741,0.226138,0.168397,6716626,2303850,9022900,6719050
19,9,False,Bethany Mota,13.3,0.18099,0.018919,0.717169,0.69825,7221481,754854,28615028,27860175
19,9,False,Sadie Robertson,13.3,0.270276,0.040409,0.661212,0.620802,10784031,1612337,26382349,24770012
19,10,False,Janel Parrish,14.29,0.113035,0.025758,0.335418,0.309661,4845830,1104236,14379385,13275149
19,10,False,Alfonso Ribeiro,14.29,0.414841,0.110787,0.81272,0.701934,17784214,4749418,34841317,30091899
19,10,False,Tommy Chong,14.29,0.081454,0.057741,0.208729,0.150988,3491919,2475340,8948201,6472861
19,10,False,Bethany Mota,14.29,0.127269,0.023226,0.255819,0.232593,5456017,995704,10966955,9971251
19,10,False,Sadie Robertson,14.29,0.263401,0.040409,0.499074,0.458664,11292021,1732353,21395289,19662935
19,11,True,Janel Parrish,15.98,0.134117,0.025758,0.319668,0.293911,6429592,1234828,15324903,14090075
19,11,True,Alfonso Ribeiro,15.98,0.538006,0.258138,0.907007,0.648869,25792016,12375150,43481920,31106770
19,11,True,Bethany Mota,15.98,0.072026,0.023226,0.234346,0.21112,3452939,1113461,11234536,10121075
19,11,True,Sadie Robertson,15.98,0.25585,0.041581,0.468419,0.426839,12265452,1993380,22456022,20462642
20,2,False,Suzanne Somers,13.85,0.08168,0.009324,0.427087,0.417764,3393807,387399,17745482,17358083
20,2,False,Willow Shields,13.85,0.079261,0.000298,0.394694,0.394396,3293312,12367,16399518,16387151
20,2,False,Riker Lynch,13.85,0.09034,0.001738,0.410935,0.409197,3753613,72227,17074370,17002142
20,2,False,Rumer Willis,13.85,0.097469,0.000779,0.44189,0.441111,4049852,32355,18360510,18328155
20,2,False,Nastia Liukin,13.85,0.089735,2.2e-05,0.556882,0.55686,3728472,934,23138464,23137529
20,2,False,Michael Sam,13.85,0.096199,0.009227,0.369149,0.359921,3997054,383401,15338121,14954720
20,2,False,Robert Herjavec,13.85,0.099879,0.009246,0.380137,0.370891,4149980,384163,15794676,15410513
20,2,False,Charlotte McKinney,13.85,0.06892,0.016409,0.091714,0.075305,2863634,681809,3810736,3128927
20,2,False,Noah Galloway,13.85,0.093319,0.012526,0.476867,0.464341,3877384,520448,19813818,19293370
20,2,False,Redfoo,13.85,0.004607,1.3e-05,0.040635,0.040622,191414,547,1688389,1687842
20,2,False,Patti LaBelle,13.85,0.094154,0.010387,0.50458,0.494194,3912111,431575,20965317,20533742
20,2,False,Chris Soules,13.85,0.104437,0.030051,0.407231,0.37718,4339369,1248601,16920435,15671834
20,3,False,Suzanne Somers,13.76,0.097634,0.010675,0.432244,0.421568,4030312,440683,17843029,17402346
20,3,False,Willow Shields,13.76,0.11068,0.001339,0.435329,0.43399,4568891,55276,17970368,17915093
20,3,False,Riker Lynch,13.76,0.114031,0.001738,0.451571,0.449832,4707192,71758,18640835,18569077
20,3,False,Rumer Willis,13.76,0.085289,0.002314,0.470779,0.468465,3520728,95523,19433755,19338233
20,3,False,Nastia Liukin,13.76,0.092125,0.002418,0.477509,0.475091,3802938,99806,19711558,19611752
20,3,False,Michael Sam,13.76,0.064337,0.01038,0.086431,0.07605,2655829,428506,3567853,3139347
20,3,False,Robert Herjavec,13.76,0.100391,0.009246,0.420772,0.411526,4144156,381667,17369457,16987790
20,3,False,Charlotte McKinney,13.76,0.020877,0.016409,0.068668,0.052259,861805,677378,2834613,2157235
20,3,False,Noah Galloway,13.76,0.097991,0.012526,0.448666,0.43614,4045057,517066,18520916,18003849
20,3,False,Patti LaBelle,13.76,0.121469,0.020684,0.45174,0.431056,5014241,853854,18647845,17793991
20,3,False,Chris Soules,13.76,0.095176,0.030051,0.447866,0.417815,3928851,1240487,18487901,17247413
20,4,False,Suzanne Somers,13.75,0.078608,0.018422,0.107094,0.088672,3242562,759922,4417635,3657713
20,4,False,Willow Shields,13.75,0.116745,0.001339,0.440751,0.439412,4815717,55236,18180969,18125733
20,4,False,Riker Lynch,13.75,0.109964,0.002352,0.443776,0.441424,4536034,97006,18305758,18208752
20,4,False,Rumer Willis,13.75,0.120207,0.005714,0.472031,0.466317,4958548,235686,19471270,19235584
20,4,False,Nastia Liukin,13.75,0.096424,0.002418,0.506384,0.503966,3977473,99733,20888341,20788607
20,4,False,Michael Sam,13.75,0.012657,0.01038,0.058344,0.047964,522099,428195,2406701,1978506
20,4,False,Robert Herjavec,13.75,0.086594,0.009246,0.48944,0.480194,3571997,381389,20189387,19807998
20,4,False,Noah Galloway,13.75,0.098381,0.012526,0.517334,0.504808,4058210,516690,21340009,20823319
20,4,False,Patti LaBelle,13.75,0.1608,0.020684,0.491813,0.471128,6632989,853233,20287268,19434035
20,4,False,Chris Soules,13.75,0.119621,0.030051,0.516534,0.486483,4934373,1239586,21307018,20067432
20,5,False,Suzanne Somers,13.89,0.020261,0.018422,0.059301,0.040878,844289,767659,2471063,1703404
20,5,False,Willow Shields,13.89,0.111812,0.002198,0.461001,0.458802,4659192,91609,19209891,19118282
20,5,False,Riker Lynch,13.89,0.126726,0.002352,0.433529,0.431178,5280686,97994,18065174,17967181
20,5,False,Rumer Willis,13.89,0.122385,0.005714,0.524727,0.519014,5099794,238085,21865393,21627308
20,5,False,Nastia Liukin,13.89,0.110824,0.002418,0.564728,0.56231,4618048,100749,23532227,23431479
20,5,False,Robert Herjavec,13.89,0.12838,0.036057,0.483715,0.447658,5349606,1502484,20156406,18653922
20,5,False,Noah Galloway,13.89,0.154041,0.018617,0.4609,0.442283,6418885,775765,19205695,18429931
20,5,False,Patti LaBelle,13.89,0.085712,0.025904,0.113789,0.087885,3571619,1079408,4741583,3662175
20,5,False,Chris Soules,13.89,0.139858,0.030051,0.574878,0.544827,5827882,1252207,23955168,22702961
20,6,False,Willow Shields,,0.085434,0.019158,0.122652,0.103494,,,,
20,6,False,Riker Lynch,,0.117549,0.014299,0.49283,0.478531,,,,
20,6,False,Rumer Willis,,0.153088,0.029832,0.584028,0.554196,,,,
20,6,False,Nastia Liukin,,0.129078,0.017671,0.512266,0.494595,,,,
20,6,False,Robert Herjavec,,0.165462,0.036057,0.543016,0.506959,,,,
20,6,False,Noah Galloway,,0.155525,0.028982,0.520201,0.491218,,,,
20,6,False,Patti LaBelle,,0.027364,0.025904,0.08103,0.055126,,,,
20,6,False,Chris Soules,,0.1665,0.030051,0.623428,0.593378,,,,
20,7,False,Willow Shields,13.22,0.021761,0.019158,0.082335,0.063177,863048,759798,3265407,2505608
20,7,False,Riker Lynch,13.22,0.149227,0.029091,0.57386,0.544769,5918348,1153756,22759301,21605544
20,7,False,Rumer Willis,13.22,0.169243,0.029832,0.572626,0.542794,6712196,1183138,22710329,21527191
20,7,False,Nastia Liukin,13.22,0.172493,0.017671,0.549035,0.531364,6841092,700837,21774732,21073894
20,7,False,Robert Herjavec,13.22,0.146252,0.051474,0.212792,0.161318,5800335,2041469,8439326,6397857
20,7,False,Noah Galloway,13.22,0.195687,0.028982,0.549283,0.520301,7760928,1149433,21784553,20635120
20,7,False,Chris Soules,13.22,0.145337,0.053306,0.212581,0.159275,5764053,2114119,8430949,6316829
20,8,False,Riker Lynch,12.43,0.209433,0.029142,0.656195,0.627054,7809755,1086697,24469525,23382827
20,8,False,Rumer Willis,12.43,0.205127,0.029832,0.654961,0.625129,7649196,1112436,24423479,23311043
20,8,False,Nastia Liukin,12.43,0.180304,0.028622,0.2437,0.215079,6723551,1067309,9087590,8020280
20,8,False,Robert Herjavec,12.43,0.08631,0.051474,0.190173,0.138698,3218486,1919475,7091537,5172062
20,8,False,Noah Galloway,12.43,0.247591,0.058782,0.631618,0.572835,9232656,2191995,23553026,21361031
20,8,False,Chris Soules,12.43,0.071235,0.053306,0.178016,0.12471,2656356,1987784,6638207,4650423
20,9,False,Riker Lynch,13.48,0.242446,0.029142,0.499917,0.470775,9804535,1178491,20216643,19038152
20,9,False,Rumer Willis,13.48,0.430578,0.16425,0.874691,0.710441,17412561,6642286,35372508,28730222
20,9,False,Nastia Liukin,13.48,0.089171,0.028622,0.226158,0.197536,3606072,1157465,9145828,7988363
20,9,False,Noah Galloway,13.48,0.237805,0.058783,0.356136,0.297353,9616832,2377169,14402139,12024970
20,10,True,Riker Lynch,14.35,0.253951,0.029142,0.469806,0.440665,10932584,1254551,20225157,18970607
20,10,True,Rumer Willis,14.35,0.509786,0.332513,0.907828,0.575315,21946299,14314681,39082002,24767321
20,10,True,Noah Galloway,14.35,0.236263,0.058783,0.344138,0.285356,10171118,2530591,14815160,12284569
21,2,False,Gary Busey,,0.087907,0.016972,0.116292,0.099321,,,,
21,2,False,Alexa PenaVega,,0.092641,0.000201,0.544727,0.544525,,,,
21,2,False,Carlos PenaVega,,0.08962,0.000701,0.511509,0.510808,,,,
21,2,False,Victor Espinoza,,0.01119,1.3e-05,0.048685,0.048672,,,,
21,2,False,Alek Skarlatos,,0.103101,1.9e-05,0.456385,0.456366,,,,
21,2,False,Chaka Khan,,0.016946,5.7e-05,0.076807,0.07675,,,,
21,2,False,Andy Grammer,,0.100454,0.000749,0.448692,0.447943,,,,
21,2,False,Tamar Braxton,,0.098751,0.000234,0.574269,0.574035,,,,
21,2,False,Nick Carter,,0.103655,0.000431,0.441683,0.441252,,,,
21,2,False,Hayes Grier,,0.096853,0.001095,0.513122,0.512027,,,,
21,2,False,Bindi Irwin,,0.09008,5.2e-05,0.450596,0.450544,,,,
21,2,False,Kim Zolciak-Biermann,,0.011886,2e-06,0.057477,0.057475,,,,
21,2,False,Paula Deen,,0.096916,0.010224,0.542663,0.532439,,,,
21,4,False,Gary Busey,,0.023419,0.016972,0.088327,0.071356,,,,
21,4,False,Alexa PenaVega,,0.135002,0.001013,0.564119,0.563106,,,,
21,4,False,Carlos PenaVega,,0.099934,0.000701,0.575066,0.574365,,,,
21,4,False,Alek Skarlatos,,0.103452,0.000647,0.590845,0.590199,,,,
21,4,False,Andy Grammer,,0.10661,0.002513,0.567636,0.565123,,,,
21,4,False,Tamar Braxton,,0.11419,0.000234,0.554963,0.55473,,,,
21,4,False,Nick Carter,,0.10758,0.000431,0.624647,0.624216,,,,
21,4,False,Hayes Grier,,0.132428,0.001095,0.532538,0.531443,,,,
21,4,False,Bindi Irwin,,0.105887,0.000422,0.526937,0.526515,,,,
21,4,False,Paula Deen,,0.071498,0.010225,0.129891,0.119666,,,,
21,6,False,Alexa PenaVega,,0.141616,0.001013,0.652446,0.651433,,,,
21,6,False,Carlos PenaVega,,0.128706,0.000701,0.623112,0.622411,,,,
21,6,False,Alek Skarlatos,,0.14867,0.001598,0.637658,0.636061,,,,
21,6,False,Andy Grammer,,0.129228,0.002513,0.560817,0.558305,,,,
21,6,False,Tamar Braxton,,0.133662,0.000769,0.643291,0.642522,,,,
21,6,False,Nick Carter,,0.099185,0.000431,0.6721,0.671669,,,,
21,6,False,Hayes Grier,,0.07588,0.001095,0.113227,0.112132,,,,
21,6,False,Bindi Irwin,,0.124892,0.001531,0.584423,0.582892,,,,
21,6,False,Paula Deen,,0.018161,0.010225,0.056098,0.045873,,,,
21,7,False,Alexa PenaVega,,0.157344,0.005303,0.614856,0.609553,,,,
21,7,False,Carlos PenaVega,,0.158019,0.001812,0.679209,0.677397,,,,
21,7,False,Alek Skarlatos,,0.140998,0.011529,0.623805,0.612276,,,,
21,7,False,Andy Grammer,,0.103589,0.002513,0.153801,0.151288,,,,
21,7,False,Tamar Braxton,,0.137834,0.008675,0.584013,0.575339,,,,
21,7,False,Nick Carter,,0.118466,0.006826,0.691506,0.68468,,,,
21,7,False,Hayes Grier,,0.007479,0.001095,0.077627,0.076532,,,,
21,7,False,Bindi Irwin,,0.17627,0.001531,0.64052,0.63899,,,,
21,8,False,Alexa PenaVega,,0.096605,0.005303,0.179488,0.174185,,,,
21,8,False,Carlos PenaVega,,0.151812,0.003642,0.673738,0.670095,,,,
21,8,False,Alek Skarlatos,,0.243841,0.012137,0.701432,0.689295,,,,
21,8,False,Andy Grammer,,0.02077,0.002513,0.107795,0.105282,,,,
21,8,False,Tamar Braxton,,0.099218,0.008675,0.204054,0.195379,,,,
21,8,False,Nick Carter,,0.17843,0.006826,0.769133,0.762307,,,,
21,8,False,Bindi Irwin,,0.209324,0.003811,0.718147,0.714336,,,,
21,9,False,Alexa PenaVega,,0.042027,0.005303,0.158383,0.153079,,,,
21,9,False,Carlos PenaVega,,0.155472,0.035071,0.243027,0.207956,,,,
21,9,False,Alek Skarlatos,,0.195766,0.045405,0.343993,0.298588,,,,
21,9,False,Tamar Braxton,,0.061615,0.008675,0.186326,0.177651,,,,
21,9,False,Nick Carter,,0.256951,0.025365,0.490775,0.46541,,,,
21,9,False,Bindi Irwin,,0.288169,0.088373,0.755962,0.667589,,,,
21,11,True,Carlos PenaVega,,0.079262,0.035071,0.218246,0.183175,,,,
21,11,True,Alek Skarlatos,,0.184953,0.052949,0.319657,0.266708,,,,
21,11,True,Nick Carter,,0.263257,0.04181,0.447765,0.405956,,,,
21,11,True,Bindi Irwin,,0.472527,0.270001,0.869775,0.599773,,,,
22,2,False,Mischa Barton,,0.061306,0.000726,0.082974,0.082248,,,,
22,2,False,Kim Fields,,0.09891,0.000173,0.488481,0.488307,,,,
22,2,False,Jodie Sweetin,,0.090806,3.3e-05,0.470141,0.470108,,,,
22,2,False,Doug Flutie,,0.101443,0.0005,0.490447,0.489947,,,,
22,2,False,Von Miller,,0.085654,7e-05,0.445361,0.445291,,,,
22,2,False,Antonio Brown,,0.100603,9.3e-05,0.50345,0.503357,,,,
22,2,False,Paige VanZant,,0.097439,0.000186,0.545192,0.545006,,,,
22,2,False,Geraldo Rivera,,0.014494,4.5e-05,0.048064,0.048019,,,,
22,2,False,Nyle DiMarco,,0.094543,2.7e-05,0.578128,0.578101,,,,
22,2,False,Ginger Zee,,0.097752,5.2e-05,0.451574,0.451522,,,,
22,2,False,Wanya Morris,,0.082969,0.000826,0.528034,0.527208,,,,
22,2,False,Marla Maples,,0.074081,1.7e-05,0.40814,0.408124,,,,
22,3,False,Mischa Barton,,0.009432,0.000726,0.074629,0.073904,,,,
22,3,False,Kim Fields,,0.106169,0.002186,0.437464,0.435277,,,,
22,3,False,Jodie Sweetin,,0.112342,0.001816,0.47256,0.470744,,,,
22,3,False,Doug Flutie,,0.104085,0.004309,0.509698,0.505388,,,,
22,3,False,Von Miller,,0.073634,7e-05,0.462161,0.462091,,,,
22,3,False,Antonio Brown,,0.127274,0.000162,0.551514,0.551352,,,,
22,3,False,Paige VanZant,,0.091547,0.000186,0.528383,0.528197,,,,
22,3,False,Nyle DiMarco,,0.086988,0.000231,0.462024,0.461793,,,,
22,3,False,Ginger Zee,,0.151924,0.000524,0.499638,0.499114,,,,
22,3,False,Wanya Morris,,0.084106,0.000826,0.561239,0.560413,,,,
22,3,False,Marla Maples,,0.052498,0.000121,0.091119,0.090998,,,,
22,4,False,Kim Fields,,0.132238,0.002186,0.512093,0.509906,,,,
22,4,False,Jodie Sweetin,,0.15368,0.005691,0.547189,0.541498,,,,
22,4,False,Doug Flutie,,0.083092,0.01409,0.111205,0.097115,,,,
22,4,False,Von Miller,,0.143524,0.001582,0.53679,0.535208,,,,
22,4,False,Antonio Brown,,0.084003,0.00244,0.507728,0.505288,,,,
22,4,False,Paige VanZant,,0.112741,0.000186,0.528316,0.52813,,,,
22,4,False,Nyle DiMarco,,0.0806,0.000231,0.533915,0.533683,,,,
22,4,False,Ginger Zee,,0.118168,0.000524,0.574268,0.573743,,,,
22,4,False,Wanya Morris,,0.082066,0.000826,0.595404,0.594578,,,,
22,4,False,Marla Maples,,0.009889,0.000121,0.050687,0.050566,,,,
22,6,False,Kim Fields,,0.079725,0.005758,0.128954,0.123196,,,,
22,6,False,Jodie Sweetin,,0.151899,0.005691,0.597876,0.592185,,,,
22,6,False,Doug Flutie,,0.01838,0.01409,0.053523,0.039434,,,,
22,6,False,Von Miller,,0.077279,0.005692,0.132968,0.127276,,,,
22,6,False,Antonio Brown,,0.151158,0.003466,0.520986,0.51752,,,,
22,6,False,Paige VanZant,,0.123089,0.000222,0.579003,0.578781,,,,
22,6,False,Nyle DiMarco,,0.142637,0.009773,0.522111,0.512338,,,,
22,6,False,Ginger Zee,,0.141828,0.007747,0.624954,0.617207,,,,
22,6,False,Wanya Morris,,0.114005,0.000934,0.646091,0.645157,,,,
22,7,False,Kim Fields,,0.01987,0.005758,0.09347,0.087712,,,,
22,7,False,Jodie Sweetin,,0.107662,0.015049,0.148777,0.133727,,,,
22,7,False,Von Miller,,0.020765,0.005692,0.092949,0.087257,,,,
22,7,False,Antonio Brown,,0.196045,0.009632,0.574509,0.564877,,,,
22,7,False,Paige VanZant,,0.138858,0.011828,0.621244,0.609415,,,,
22,7,False,Nyle DiMarco,,0.155987,0.009773,0.575634,0.565861,,,,
22,7,False,Ginger Zee,,0.201944,0.008378,0.678477,0.670099,,,,
22,7,False,Wanya Morris,,0.158869,0.010268,0.601485,0.591217,,,,
22,8,False,Jodie Sweetin,,0.026813,0.015049,0.113759,0.098709,,,,
22,8,False,Antonio Brown,,0.145342,0.033433,0.25338,0.219947,,,,
22,8,False,Paige VanZant,,0.23388,0.027662,0.687811,0.660149,,,,
22,8,False,Nyle DiMarco,,0.227291,0.02277,0.671807,0.649037,,,,
22,8,False,Ginger Zee,,0.208616,0.01692,0.734971,0.718051,,,,
22,8,False,Wanya Morris,,0.158058,0.045812,0.238364,0.192551,,,,
22,9,False,Antonio Brown,,0.094892,0.033433,0.223457,0.190023,,,,
22,9,False,Paige VanZant,,0.281992,0.05026,0.496099,0.445839,,,,
22,9,False,Nyle DiMarco,,0.287169,0.116091,0.781037,0.664946,,,,
22,9,False,Ginger Zee,,0.243253,0.06267,0.340791,0.278121,,,,
22,9,False,Wanya Morris,,0.092694,0.045812,0.204483,0.158671,,,,
22,10,True,Paige VanZant,,0.282919,0.050262,0.464599,0.414337,,,,
22,10,True,Nyle DiMarco,,0.501827,0.348929,0.885357,0.536428,,,,
22,10,True,Ginger Zee,,0.215254,0.062671,0.327987,0.265316,,,,
23,2,False,Jake T. Austin,,0.006846,1.9e-05,0.041559,0.041539,,,,
23,2,False,Maureen McCormick,,0.089739,2e-06,0.469182,0.46918,,,,
23,2,False,Marilu Henner,,0.080197,0.000223,0.571526,0.571303,,,,
23,2,False,Ryan Lochte,,0.094215,0.000892,0.472909,0.472016,,,,
23,2,False,Calvin Johnson Jr.,,0.083004,0.000247,0.440789,0.440542,,,,
23,2,False,Laurie Hernandez,,0.080357,0.000394,0.53284,0.532446,,,,
23,2,False,Amber Rose,,0.098812,0.001637,0.404567,0.40293,,,,
23,2,False,Rick Perry,,0.054946,0.006654,0.073906,0.067252,,,,
23,2,False,James Hinchcliffe,,0.081701,0.000273,0.422117,0.421844,,,,
23,2,False,Babyface,,0.08712,3.9e-05,0.416071,0.416032,,,,
23,2,False,Vanilla Ice,,0.087098,0.000304,0.44927,0.448966,,,,
23,2,False,Jana Kramer,,0.089319,3.2e-05,0.418646,0.418614,,,,
23,2,False,Terra Jole,,0.066646,0.000414,0.335939,0.335525,,,,
23,3,False,Maureen McCormick,,0.101045,0.002542,0.505824,0.503283,,,,
23,3,False,Marilu Henner,,0.093121,0.000804,0.374051,0.373247,,,,
23,3,False,Ryan Lochte,,0.097425,0.004755,0.514467,0.509713,,,,
23,3,False,Calvin Johnson Jr.,,0.086728,0.000439,0.482348,0.481909,,,,
23,3,False,Laurie Hernandez,,0.091299,0.000459,0.547546,0.547088,,,,
23,3,False,Amber Rose,,0.105444,0.002413,0.446126,0.443713,,,,
23,3,False,Rick Perry,,0.011196,0.006654,0.040045,0.033391,,,,
23,3,False,James Hinchcliffe,,0.12124,0.002003,0.463676,0.461673,,,,
23,3,False,Babyface,,0.061414,0.002052,0.097943,0.095891,,,,
23,3,False,Vanilla Ice,,0.056412,0.009999,0.077834,0.067835,,,,
23,3,False,Jana Kramer,,0.095654,0.003424,0.460205,0.456781,,,,
23,3,False,Terra Jole,,0.079022,0.001071,0.377498,0.376427,,,,
23,4,False,Maureen McCormick,,0.102804,0.007558,0.486429,0.478871,,,,
23,4,False,Marilu Henner,,0.12051,0.018533,0.414096,0.395563,,,,
23,4,False,Ryan Lochte,,0.123989,0.01549,0.45606,0.44057,,,,
23,4,False,Calvin Johnson Jr.,,0.139195,0.010569,0.522393,0.511824,,,,
23,4,False,Laurie Hernandez,,0.098525,0.000459,0.439907,0.439449,,,,
23,4,False,Amber Rose,,0.078876,0.0082,0.113259,0.10506,,,,
23,4,False,James Hinchcliffe,,0.101835,0.002003,0.500008,0.498005,,,,
23,4,False,Babyface,,0.018839,0.002052,0.057912,0.055859,,,,
23,4,False,Vanilla Ice,,0.012687,0.009999,0.059688,0.049689,,,,
23,4,False,Jana Kramer,,0.122484,0.01337,0.425525,0.412155,,,,
23,4,False,Terra Jole,,0.080256,0.002948,0.417543,0.414595,,,,
23,6,False,Maureen McCormick,,0.087725,0.007558,0.11809,0.110532,,,,
23,6,False,Marilu Henner,,0.13482,0.018533,0.531694,0.513162,,,,
23,6,False,Ryan Lochte,,0.130377,0.01549,0.545591,0.530101,,,,
23,6,False,Calvin Johnson Jr.,,0.127303,0.010569,0.639984,0.629415,,,,
23,6,False,Laurie Hernandez,,0.128427,0.000459,0.557506,0.557047,,,,
23,6,False,Amber Rose,,0.016675,0.008199,0.072973,0.064774,,,,
23,6,False,James Hinchcliffe,,0.141779,0.002003,0.581296,0.579293,,,,
23,6,False,Jana Kramer,,0.104556,0.013369,0.543122,0.529752,,,,
23,6,False,Terra Jole,,0.128339,0.006797,0.535142,0.528345,,,,
23,7,False,Maureen McCormick,,0.013107,0.007558,0.07591,0.068352,,,,
23,7,False,Marilu Henner,,0.161163,0.018533,0.604667,0.586135,,,,
23,7,False,Ryan Lochte,,0.109425,0.01549,0.148126,0.132637,,,,
23,7,False,Calvin Johnson Jr.,,0.142949,0.010569,0.65201,0.641441,,,,
23,7,False,Laurie Hernandez,,0.156552,0.005921,0.630479,0.624558,,,,
23,7,False,James Hinchcliffe,,0.098733,0.002003,0.624202,0.6222,,,,
23,7,False,Jana Kramer,,0.143985,0.013369,0.616095,0.602725,,,,
23,7,False,Terra Jole,,0.174087,0.006797,0.608115,0.601318,,,,
23,8,False,Marilu Henner,,0.134992,0.032556,0.170425,0.137868,,,,
23,8,False,Ryan Lochte,,0.026814,0.01549,0.117889,0.1024,,,,
23,8,False,Calvin Johnson Jr.,,0.156456,0.010569,0.60514,0.594571,,,,
23,8,False,Laurie Hernandez,,0.145166,0.005921,0.683443,0.677522,,,,
23,8,False,James Hinchcliffe,,0.164837,0.002003,0.643833,0.64183,,,,
23,8,False,Jana Kramer,,0.159769,0.013369,0.692005,0.678635,,,,
23,8,False,Terra Jole,,0.211965,0.02709,0.684025,0.656935,,,,
23,9,False,Marilu Henner,,0.042642,0.032556,0.1363,0.103744,,,,
23,9,False,Calvin Johnson Jr.,,0.213791,0.029849,0.673246,0.643397,,,,
23,9,False,Laurie Hernandez,,0.226858,0.016866,0.645713,0.628847,,,,
23,9,False,James Hinchcliffe,,0.22723,0.036042,0.715819,0.679777,,,,
23,9,False,Jana Kramer,,0.151558,0.01779,0.773673,0.755883,,,,
23,9,False,Terra Jole,,0.137922,0.02709,0.190468,0.163378,,,,
23,10,False,Calvin Johnson Jr.,,0.161792,0.042842,0.335862,0.29302,,,,
23,10,False,Laurie Hernandez,,0.459768,0.124041,0.727586,0.603545,,,,
23,10,False,James Hinchcliffe,,0.205956,0.036042,0.499832,0.463791,,,,
23,10,False,Jana Kramer,,0.131999,0.035253,0.264348,0.229095,,,,
23,10,False,Terra Jole,,0.040485,0.02709,0.18059,0.153499,,,,
23,11,True,Calvin Johnson Jr.,,0.15628,0.042842,0.319047,0.276205,,,,
23,11,True,Laurie Hernandez,,0.468314,0.261617,0.865242,0.603625,,,,
23,11,True,James Hinchcliffe,,0.276751,0.041829,0.452807,0.410977,,,,
23,11,True,Jana Kramer,,0.098655,0.035253,0.243503,0.20825,,,,
24,2,False,Charo,,0.059346,0.000115,0.0851,0.084985,,,,
24,2,False,Mr. T,,0.102566,0.002463,0.413455,0.410991,,,,
24,2,False,Heather Morris,,0.088436,0.0001,0.44994,0.449841,,,,
24,2,False,Nancy Kerrigan,,0.093065,3.1e-05,0.433282,0.433251,,,,
24,2,False,Bonner Bolton,,0.099072,0.000323,0.437348,0.437025,,,,
24,2,False,Simone Biles,,0.08661,5.5e-05,0.439913,0.439858,,,,
24,2,False,David Ross,,0.094303,9.8e-05,0.5317,0.531602,,,,
24,2,False,Rashad Jennings,,0.100221,0.000136,0.475946,0.47581,,,,
24,2,False,Chris Kattan,,0.010449,0.000101,0.03384,0.033738,,,,
24,2,False,Erika Jayne,,0.089049,6.7e-05,0.466122,0.466055,,,,
24,2,False,Normani,,0.089384,3.2e-05,0.436731,0.436699,,,,
24,2,False,Nick Viall,,0.087498,0.000117,0.619812,0.619696,,,,
24,3,False,Charo,,0.008048,0.000115,0.066625,0.06651,,,,
24,3,False,Mr. T,,0.066228,0.003262,0.096223,0.09296,,,,
24,3,False,Heather Morris,,0.078174,0.000162,0.483307,0.483145,,,,
24,3,False,Nancy Kerrigan,,0.114244,3.3e-05,0.467121,0.467089,,,,
24,3,False,Bonner Bolton,,0.140248,0.001582,0.471188,0.469606,,,,
24,3,False,Simone Biles,,0.084982,0.000752,0.44846,0.447708,,,,
24,3,False,David Ross,,0.094114,0.000276,0.565539,0.565264,,,,
24,3,False,Rashad Jennings,,0.090751,0.000531,0.501502,0.500972,,,,
24,3,False,Erika Jayne,,0.143659,0.001546,0.499961,0.498415,,,,
24,3,False,Normani,,0.097311,0.000213,0.47057,0.470357,,,,
24,3,False,Nick Viall,,0.082241,0.001667,0.518324,0.516657,,,,
24,4,False,Mr. T,,0.009182,0.003262,0.050597,0.047335,,,,
24,4,False,Heather Morris,,0.11594,0.000436,0.503316,0.50288,,,,
24,4,False,Nancy Kerrigan,,0.123729,0.000382,0.513655,0.513272,,,,
24,4,False,Bonner Bolton,,0.127591,0.001626,0.537813,0.536187,,,,
24,4,False,Simone Biles,,0.105542,0.001271,0.515086,0.513815,,,,
24,4,False,David Ross,,0.092728,0.00299,0.609168,0.606178,,,,
24,4,False,Rashad Jennings,,0.110983,0.00083,0.500664,0.499833,,,,
24,4,False,Erika Jayne,,0.070206,0.001546,0.102761,0.101215,,,,
24,4,False,Normani,,0.127905,0.000486,0.537195,0.53671,,,,
24,4,False,Nick Viall,,0.116194,0.001667,0.584949,0.583282,,,,
24,5,False,Heather Morris,,0.052639,0.000436,0.095883,0.095447,,,,
24,5,False,Nancy Kerrigan,,0.164886,0.00302,0.564252,0.561232,,,,
24,5,False,Bonner Bolton,,0.121072,0.015035,0.557994,0.542959,,,,
24,5,False,Simone Biles,,0.098974,0.001271,0.565683,0.564412,,,,
24,5,False,David Ross,,0.195817,0.016639,0.659765,0.643126,,,,
24,5,False,Rashad Jennings,,0.137431,0.005058,0.551261,0.546203,,,,
24,5,False,Erika Jayne,,0.008752,0.001546,0.067915,0.066369,,,,
24,5,False,Normani,,0.11345,0.001069,0.522644,0.521576,,,,
24,5,False,Nick Viall,,0.106981,0.010243,0.561601,0.551358,,,,
24,6,False,Heather Morris,,0.00715,0.000436,0.061272,0.060836,,,,
24,6,False,Nancy Kerrigan,,0.102604,0.014624,0.155635,0.141012,,,,
24,6,False,Bonner Bolton,,0.161725,0.024656,0.568838,0.544182,,,,
24,6,False,Simone Biles,,0.151635,0.011303,0.614428,0.603126,,,,
24,6,False,David Ross,,0.153744,0.030658,0.671765,0.641108,,,,
24,6,False,Rashad Jennings,,0.15417,0.010681,0.559893,0.549211,,,,
24,6,False,Normani,,0.168105,0.00753,0.59056,0.58303,,,,
24,6,False,Nick Viall,,0.100869,0.026084,0.15995,0.133866,,,,
24,7,False,Nancy Kerrigan,,0.034412,0.014624,0.119781,0.105157,,,,
24,7,False,Bonner Bolton,,0.1693,0.043452,0.229573,0.186122,,,,
24,7,False,Simone Biles,,0.155733,0.013443,0.619006,0.605563,,,,
24,7,False,David Ross,,0.187203,0.039758,0.6267,0.586942,,,,
24,7,False,Rashad Jennings,,0.235082,0.017825,0.621165,0.60334,,,,
24,7,False,Normani,,0.181607,0.011521,0.651832,0.640311,,,,
24,7,False,Nick Viall,,0.036663,0.026084,0.114097,0.088013,,,,
24,8,False,Bonner Bolton,,0.071639,0.043452,0.183348,0.139896,,,,
24,8,False,Simone Biles,,0.14493,0.013443,0.234065,0.220622,,,,
24,8,False,David Ross,,0.212929,0.039758,0.836236,0.796478,,,,
24,8,False,Rashad Jennings,,0.250962,0.017825,0.855038,0.837213,,,,
24,8,False,Normani,,0.31954,0.011521,0.798227,0.786706,,,,
24,9,False,Simone Biles,,0.095866,0.013443,0.210241,0.196798,,,,
24,9,False,David Ross,,0.272714,0.04934,0.514375,0.465035,,,,
24,9,False,Rashad Jennings,,0.428414,0.167141,0.84507,0.677929,,,,
24,9,False,Normani,,0.203006,0.032301,0.325542,0.293241,,,,
24,10,True,David Ross,,0.295111,0.060617,0.497421,0.436804,,,,
24,10,True,Rashad Jennings,,0.539307,0.324722,0.907082,0.58236,,,,
24,10,True,Normani,,0.165582,0.032301,0.322242,0.289941,,,,
25,2,False,Sasha Pieterse,8.67,0.088004,0.000465,0.455522,0.455057,2288993,12096,11848137,11836041
25,2,False,Frankie Muniz,8.67,0.091962,2e-05,0.445467,0.445447,2391934,524,11586608,11586084
25,2,False,Jordan Fisher,8.67,0.083367,0.000322,0.468476,0.468154,2168388,8387,12185061,12176674
25,2,False,Derek Fisher,8.67,0.061599,0.006991,0.080731,0.073739,1602185,181846,2099806,1917960
25,2,False,Nikki Bella,8.67,0.095765,0.004229,0.464726,0.460498,2490853,109987,12087527,11977541
25,2,False,Terrell Owens,8.67,0.103232,0.006059,0.467792,0.461733,2685072,157590,12167259,12009668
25,2,False,Victoria Arlen,8.67,0.087105,0.000283,0.415933,0.41565,2265597,7356,10818414,10811058
25,2,False,Barbara Corcoran,8.67,0.012296,1.4e-05,0.038949,0.038934,319821,376,1013054,1012678
25,2,False,Lindsey Stirling,8.67,0.093837,2.7e-05,0.39825,0.398223,2440705,705,10358485,10357780
25,2,False,Debbie Gibson,8.67,0.007067,7e-06,0.030117,0.03011,183821,187,783350,783163
25,2,False,Nick Lachey,8.67,0.109496,0.011272,0.491094,0.479822,2847985,293196,12773355,12480159
25,2,False,Drew Scott,8.67,0.094237,0.005986,0.33042,0.324434,2451105,155688,8594217,8438529
25,2,False,Vanessa Lachey,8.67,0.072032,8.6e-05,0.516276,0.516191,1873540,2232,13428347,13426115
25,4,False,Sasha Pieterse,9.25,0.06015,0.004323,0.089533,0.08521,1669152,119956,2484538,2364582
25,4,False,Frankie Muniz,9.25,0.109686,0.004634,0.462276,0.457642,3043773,128595,12828165,12699570
25,4,False,Jordan Fisher,9.25,0.099584,0.001373,0.485409,0.484035,2763446,38110,13470093,13431983
25,4,False,Derek Fisher,9.25,0.008883,0.006991,0.03635,0.029359,246495,194009,1008722,814713
25,4,False,Nikki Bella,9.25,0.11873,0.006752,0.533786,0.527034,3294762,187366,14812554,14625188
25,4,False,Terrell Owens,9.25,0.11381,0.00606,0.390879,0.384819,3158223,168173,10846894,10678720
25,4,False,Victoria Arlen,9.25,0.095779,0.000313,0.439579,0.439266,2657878,8686,12198331,12189644
25,4,False,Lindsey Stirling,9.25,0.078273,0.00016,0.444412,0.444252,2172080,4440,12332438,12327998
25,4,False,Nick Lachey,9.25,0.108408,0.012464,0.500335,0.487872,3008312,345865,13884309,13538443
25,4,False,Drew Scott,9.25,0.113743,0.005986,0.399485,0.393499,3156361,166110,11085712,10919602
25,4,False,Vanessa Lachey,9.25,0.092956,0.00619,0.50539,0.4992,2579517,171766,14024573,13852807
25,5,False,Sasha Pieterse,9.76,0.00927,0.004323,0.068511,0.064189,271423,126570,2006012,1879441
25,5,False,Frankie Muniz,9.76,0.108858,0.004634,0.498627,0.493993,3187349,135685,14599786,14464101
25,5,False,Jordan Fisher,9.76,0.100647,0.001373,0.521759,0.520386,2946952,40211,15277107,15236896
25,5,False,Nikki Bella,9.76,0.114767,0.006752,0.529655,0.522903,3360387,197697,15508293,15310596
25,5,False,Terrell Owens,9.76,0.106552,0.00606,0.427229,0.421169,3119831,177446,12509277,12331831
25,5,False,Victoria Arlen,9.76,0.105156,0.000313,0.47593,0.475617,3078972,9165,13935225,13926060
25,5,False,Lindsey Stirling,9.76,0.151501,0.001815,0.480763,0.478948,4435959,53132,14076727,14023594
25,5,False,Nick Lachey,9.76,0.090468,0.012464,0.120908,0.108445,2648913,364935,3540195,3175260
25,5,False,Drew Scott,9.76,0.113509,0.005986,0.435835,0.429849,3323542,175269,12761262,12585993
25,5,False,Vanessa Lachey,9.76,0.099272,0.00619,0.54174,0.535551,2906671,181236,15862158,15680922
25,6,False,Frankie Muniz,9.15,0.1453,0.005823,0.567138,0.561314,3988475,159853,15567935,15408082
25,6,False,Jordan Fisher,9.15,0.119519,0.001373,0.5722,0.570827,3280796,37698,15706893,15669195
25,6,False,Nikki Bella,9.15,0.07866,0.006752,0.139232,0.13248,2159229,185341,3821907,3636567
25,6,False,Terrell Owens,9.15,0.147753,0.00606,0.495741,0.48968,4055812,166355,13608083,13441727
25,6,False,Victoria Arlen,9.15,0.140884,0.004836,0.544441,0.539605,3867253,132741,14944910,14812168
25,6,False,Lindsey Stirling,9.15,0.12115,0.002003,0.549274,0.547271,3325554,54978,15077567,15022589
25,6,False,Nick Lachey,9.15,0.021248,0.012464,0.081523,0.069059,583269,342126,2237809,1895683
25,6,False,Drew Scott,9.15,0.162556,0.005986,0.504347,0.498361,4462150,164314,13844319,13680005
25,6,False,Vanessa Lachey,9.15,0.062931,0.00619,0.125714,0.119524,1727461,169909,3450856,3280947
25,7,False,Frankie Muniz,9.93,0.148197,0.005823,0.648661,0.642838,4414789,173479,19323611,19150131
25,7,False,Jordan Fisher,9.93,0.16131,0.012701,0.623927,0.611226,4805420,378362,18586771,18208409
25,7,False,Nikki Bella,9.93,0.022825,0.006752,0.102878,0.096126,679969,201140,3064742,2863602
25,7,False,Terrell Owens,9.93,0.121625,0.018333,0.163251,0.144917,3623199,546151,4863235,4317085
25,7,False,Victoria Arlen,9.93,0.152406,0.007803,0.625964,0.618161,4540173,232452,18647475,18415024
25,7,False,Lindsey Stirling,9.93,0.200585,0.016797,0.630797,0.614,5975437,500375,18791441,18291066
25,7,False,Drew Scott,9.93,0.178901,0.005986,0.58587,0.579884,5329449,178321,17453063,17274742
25,7,False,Vanessa Lachey,9.93,0.014151,0.00619,0.088304,0.082114,421564,184393,2630577,2446184
25,8,False,Frankie Muniz,9.3,0.148381,0.014755,0.766021,0.751267,4139829,411663,21371999,20960336
25,8,False,Jordan Fisher,9.3,0.205018,0.012701,0.658991,0.64629,5720016,354355,18385846,18031491
25,8,False,Terrell Owens,9.3,0.029018,0.018333,0.110014,0.091681,809594,511498,3069389,2557891
25,8,False,Victoria Arlen,9.3,0.137077,0.02844,0.190815,0.162375,3824459,793468,5323728,4530260
25,8,False,Lindsey Stirling,9.3,0.22693,0.016797,0.715634,0.698837,6331358,468627,19966186,19497559
25,8,False,Drew Scott,9.3,0.253575,0.03263,0.74972,0.717089,7074745,910391,20917185,20006794
25,9,False,Frankie Muniz,9.88,0.188181,0.049372,0.3354,0.286028,5577675,1463379,9941251,8477872
25,9,False,Jordan Fisher,9.88,0.412919,0.120872,0.759717,0.638845,12238927,3582647,22518003,18935356
25,9,False,Victoria Arlen,9.88,0.054684,0.02844,0.137532,0.109093,1620842,842953,4076459,3233506
25,9,False,Lindsey Stirling,9.88,0.18954,0.02944,0.497206,0.467766,5617958,872593,14737185,13864593
25,9,False,Drew Scott,9.88,0.154676,0.059768,0.257208,0.19744,4584598,1771521,7623639,5852118
25,10,True,Frankie Muniz,10.08,0.171747,0.052233,0.30962,0.257388,5193623,1579515,9362920,7783405
25,10,True,Jordan Fisher,10.08,0.462135,0.261012,0.823741,0.562729,13974948,7893014,24909941,17016926
25,10,True,Lindsey Stirling,10.08,0.276591,0.058249,0.437529,0.37928,8364107,1761438,13230865,11469427
25,10,True,Drew Scott,10.08,0.089528,0.059768,0.2382,0.178432,2707322,1807381,7203161,5395779
26,1,False,Jamie Anderson,8.48,0.013656,0.000173,0.08524,0.085066,347419,4411,2168498,2164087
26,1,False,Johnny Damon,8.48,0.014971,0.000732,0.075036,0.074303,380865,18628,1908908,1890280
26,1,False,Kareem Abdul-Jabbar,8.48,0.099021,0.018786,0.139241,0.120455,2519105,477917,3542288,3064371
26,1,False,Arike Ogunbowale,8.48,0.080115,0.001102,0.121423,0.120321,2038126,28039,3088993,3060954
26,1,False,Jennie Finch Daigle,8.48,0.159105,0.003863,0.627148,0.623285,4047636,98285,15954645,15856359
26,1,False,Chris Mazdzer,8.48,0.120121,0.002813,0.573707,0.570894,3055882,71551,14595093,14523542
26,1,False,Mirai Nagasu,8.48,0.123048,0.000631,0.648789,0.648158,3130344,16059,16505201,16489142
26,1,False,Tonya Harding,8.48,0.133736,0.000942,0.611081,0.610139,3402245,23975,15545903,15521928
26,1,False,Josh Norman,8.48,0.118612,0.001412,0.591121,0.589709,3017479,35923,15038110,15002187
26,1,False,Adam Rippon,8.48,0.137614,0.002667,0.574754,0.572088,3500899,67837,14621746,14553910
26,2,False,Kareem Abdul-Jabbar,7.73,0.034973,0.018786,0.121342,0.102556,811015,435646,2813931,2378284
26,2,False,Arike Ogunbowale,7.73,0.018376,0.001102,0.089927,0.088825,426147,25560,2085404,2059844
26,2,False,Jennie Finch Daigle,7.73,0.148696,0.018407,0.275214,0.256807,3448268,426861,6382208,5955347
26,2,False,Chris Mazdzer,7.73,0.153864,0.014811,0.259633,0.244822,3568096,343466,6020899,5677433
26,2,False,Mirai Nagasu,7.73,0.126628,0.008752,0.249057,0.240305,2936507,202964,5775628,5572665
26,2,False,Tonya Harding,7.73,0.179966,0.018558,0.577143,0.558585,4173407,430359,13383940,12953581
26,2,False,Josh Norman,7.73,0.171082,0.016455,0.600922,0.584467,3967399,381598,13935383,13553784
26,2,False,Adam Rippon,7.73,0.166415,0.006754,0.590303,0.58355,3859161,156621,13689137,13532516
26,3,False,Jennie Finch Daigle,7.68,0.094428,0.018407,0.231994,0.213587,2175617,424098,5345145,4921047
26,3,False,Chris Mazdzer,7.68,0.07604,0.014811,0.224876,0.210065,1751966,341242,5181133,4839891
26,3,False,Mirai Nagasu,7.68,0.064903,0.008752,0.20806,0.199308,1495354,201649,4793694,4592046
26,3,False,Tonya Harding,7.68,0.232372,0.029823,0.339031,0.309209,5353844,687111,7811276,7124165
26,3,False,Josh Norman,7.68,0.27624,0.016455,0.502741,0.486285,6364560,379129,11583142,11204013
26,3,False,Adam Rippon,7.68,0.256018,0.061602,0.774088,0.712486,5898659,1419313,17834990,16415677
26,4,True,Tonya Harding,8.77,0.194908,0.029823,0.332787,0.302964,5128042,784641,8755630,7970989
26,4,True,Josh Norman,8.77,0.265704,0.025632,0.486915,0.461283,6990668,674389,12810734,12136345
26,4,True,Adam Rippon,8.77,0.539388,0.331018,0.944545,0.613526,14191290,8709092,24850970,16141878
27,1,False,Juan Pablo Di Pace,,0.082764,1.1e-05,0.439431,0.439421,,,,
27,1,False,Evanna Lynch,,0.088069,0.000671,0.520862,0.520191,,,,
27,1,False,Nancy McKeon,,0.087446,0.000744,0.447708,0.446965,,,,
27,1,False,John Schneider,,0.091986,0.001084,0.453068,0.451983,,,,
27,1,False,Milo Manheim,,0.087879,2.8e-05,0.464395,0.464367,,,,
27,1,False,Danelle Umstead,,0.052309,8e-05,0.076558,0.076478,,,,
27,1,False,Mary Lou Retton,,0.084098,0.000267,0.484344,0.484077,,,,
27,1,False,DeMarcus Ware,,0.077032,0.000108,0.454945,0.454837,,,,
27,1,False,Nikki Glaser,,0.007121,6e-06,0.035382,0.035376,,,,
27,1,False,Bobby Bones,,0.087811,0.000176,0.47834,0.478164,,,,
27,1,False,Tinashe,,0.082755,2.4e-05,0.490547,0.490524,,,,
27,1,False,Alexis Ren,,0.081566,0.0009,0.564804,0.563904,,,,
27,1,False,Joe Amabile,,0.089165,0.017025,0.504893,0.487868,,,,
27,2,False,Juan Pablo Di Pace,,0.098693,0.000226,0.400461,0.400235,,,,
27,2,False,Evanna Lynch,,0.083883,0.000671,0.509438,0.508767,,,,
27,2,False,Nancy McKeon,,0.050097,0.000744,0.079301,0.078557,,,,
27,2,False,John Schneider,,0.104505,0.001084,0.488449,0.487365,,,,
27,2,False,Milo Manheim,,0.092547,0.000362,0.458187,0.457825,,,,
27,2,False,Danelle Umstead,,0.009442,8e-05,0.035236,0.035156,,,,
27,2,False,Mary Lou Retton,,0.087008,0.000267,0.429842,0.429575,,,,
27,2,False,DeMarcus Ware,,0.100374,0.001847,0.470956,0.469109,,,,
27,2,False,Bobby Bones,,0.097456,0.000442,0.484724,0.484282,,,,
27,2,False,Tinashe,,0.094239,3.6e-05,0.525929,0.525893,,,,
27,2,False,Alexis Ren,,0.084915,0.0009,0.55492,0.554019,,,,
27,2,False,Joe Amabile,,0.09684,0.017025,0.540275,0.52325,,,,
27,3,False,Juan Pablo Di Pace,,0.105385,0.000765,0.435697,0.434932,,,,
27,3,False,Evanna Lynch,,0.072363,0.000671,0.478964,0.478293,,,,
27,3,False,Nancy McKeon,,0.009385,0.000744,0.043673,0.042929,,,,
27,3,False,John Schneider,,0.090881,0.013544,0.458919,0.445375,,,,
27,3,False,Milo Manheim,,0.130901,0.001471,0.493423,0.491952,,,,
27,3,False,Mary Lou Retton,,0.079665,0.003541,0.422135,0.418594,,,,
27,3,False,DeMarcus Ware,,0.121769,0.004415,0.506192,0.501777,,,,
27,3,False,Bobby Bones,,0.154865,0.011579,0.51996,0.50838,,,,
27,3,False,Tinashe,,0.046782,0.000143,0.068611,0.068468,,,,
27,3,False,Alexis Ren,,0.070425,0.002847,0.488851,0.486004,,,,
27,3,False,Joe Amabile,,0.117579,0.031611,0.557177,0.525566,,,,
27,4,False,Juan Pablo Di Pace,,0.125524,0.010901,0.47937,0.468469,,,,
27,4,False,Evanna Lynch,,0.091993,0.010545,0.438191,0.427646,,,,
27,4,False,John Schneider,,0.148391,0.022792,0.502592,0.4798,,,,
27,4,False,Milo Manheim,,0.084963,0.001471,0.450762,0.449291,,,,
27,4,False,Mary Lou Retton,,0.061318,0.003541,0.100426,0.096885,,,,
27,4,False,DeMarcus Ware,,0.132708,0.018994,0.549865,0.530872,,,,
27,4,False,Bobby Bones,,0.108187,0.028062,0.499088,0.471026,,,,
27,4,False,Tinashe,,0.005548,0.000143,0.051711,0.051568,,,,
27,4,False,Alexis Ren,,0.12134,0.00657,0.532524,0.525954,,,,
27,4,False,Joe Amabile,,0.120028,0.048997,0.544401,0.495404,,,,
27,6,False,Juan Pablo Di Pace,,0.12342,0.010901,0.53108,0.520179,,,,
27,6,False,Evanna Lynch,,0.125765,0.010545,0.470977,0.460432,,,,
27,6,False,John Schneider,,0.091778,0.026502,0.125535,0.099033,,,,
27,6,False,Milo Manheim,,0.126812,0.002567,0.502473,0.499906,,,,
27,6,False,Mary Lou Retton,,0.012037,0.003541,0.073149,0.069607,,,,
27,6,False,DeMarcus Ware,,0.078741,0.018994,0.130505,0.111512,,,,
27,6,False,Bobby Bones,,0.152158,0.028062,0.550798,0.522736,,,,
27,6,False,Alexis Ren,,0.136835,0.00657,0.533094,0.526524,,,,
27,6,False,Joe Amabile,,0.152454,0.048997,0.596112,0.547115,,,,
27,7,False,Juan Pablo Di Pace,,0.110257,0.024003,0.175674,0.151671,,,,
27,7,False,Evanna Lynch,,0.142731,0.020468,0.544126,0.523658,,,,
27,7,False,John Schneider,,0.033719,0.026502,0.099754,0.073252,,,,
27,7,False,Milo Manheim,,0.188234,0.019856,0.564143,0.544286,,,,
27,7,False,DeMarcus Ware,,0.032537,0.018994,0.115786,0.096792,,,,
27,7,False,Bobby Bones,,0.179534,0.034078,0.623947,0.58987,,,,
27,7,False,Alexis Ren,,0.166174,0.029672,0.589853,0.560181,,,,
27,7,False,Joe Amabile,,0.146815,0.050125,0.215021,0.164896,,,,
27,8,False,Juan Pablo Di Pace,,0.057116,0.024003,0.141412,0.117409,,,,
27,8,False,Evanna Lynch,,0.186016,0.031209,0.321768,0.290558,,,,
27,8,False,Milo Manheim,,0.253371,0.040035,0.486146,0.44611,,,,
27,8,False,Bobby Bones,,0.268092,0.110854,0.691567,0.580713,,,,
27,8,False,Alexis Ren,,0.15471,0.031869,0.251743,0.219873,,,,
27,8,False,Joe Amabile,,0.080695,0.050125,0.196042,0.145917,,,,
27,9,True,Evanna Lynch,,0.166665,0.03121,0.297351,0.266142,,,,
27,9,True,Milo Manheim,,0.235979,0.040036,0.44991,0.409875,,,,
27,9,True,Bobby Bones,,0.519646,0.282747,0.88177,0.599024,,,,
27,9,True,Alexis Ren,,0.07771,0.031869,0.226036,0.194167,,,,
28,2,False,Kate Flannery,,0.088999,4.6e-05,0.512082,0.512036,,,,
28,2,False,James Van Der Beek,,0.078586,0.000154,0.54862,0.548465,,,,
28,2,False,Kel Mitchell,,0.077442,2.3e-05,0.630176,0.630153,,,,
28,2,False,Ray Lewis,,0.022647,2e-06,0.121755,0.121753,,,,
28,2,False,Lamar Odom,,0.129619,0.004484,0.53505,0.530566,,,,
28,2,False,Sailor Brinkley-Cook,,0.11141,0.002158,0.492738,0.490581,,,,
28,2,False,Sean Spicer,,0.123253,0.005459,0.478929,0.47347,,,,
28,2,False,Mary Wilson,,0.019866,7e-06,0.098603,0.098596,,,,
28,2,False,Lauren Alaina,,0.090586,0.000365,0.54215,0.541785,,,,
28,2,False,Ally Brooke,,0.088865,3.9e-05,0.419332,0.419293,,,,
28,2,False,Karamo Brown,,0.094609,0.00021,0.486248,0.486038,,,,
28,2,False,Hannah Brown,,0.074118,0.000408,0.459267,0.458859,,,,
28,4,False,Kate Flannery,,0.128232,4.6e-05,0.525987,0.525941,,,,
28,4,False,James Van Der Beek,,0.119496,0.000241,0.481127,0.480886,,,,
28,4,False,Kel Mitchell,,0.109981,6.4e-05,0.53412,0.534056,,,,
28,4,False,Lamar Odom,,0.043853,0.004484,0.182341,0.177856,,,,
28,4,False,Sailor Brinkley-Cook,,0.053611,0.002157,0.082236,0.080079,,,,
28,4,False,Sean Spicer,,0.103452,0.005459,0.638605,0.633146,,,,
28,4,False,Lauren Alaina,,0.128274,0.000365,0.547827,0.547462,,,,
28,4,False,Ally Brooke,,0.122112,3.9e-05,0.614654,0.614615,,,,
28,4,False,Karamo Brown,,0.109464,0.000933,0.578187,0.577255,,,,
28,4,False,Hannah Brown,,0.081525,0.000409,0.479343,0.478934,,,,
28,6,False,Kate Flannery,6.28,0.047219,0.003274,0.414943,0.411669,889613,61675,7817518,7755844
28,6,False,James Van Der Beek,6.28,0.054503,0.002405,0.353736,0.35133,1026839,45315,6664380,6619065
28,6,False,Kel Mitchell,6.28,0.087244,0.007158,0.413845,0.406687,1643675,134854,7796841,7661986
28,6,False,Sailor Brinkley-Cook,6.28,0.007164,0.002157,0.065761,0.063603,134979,40646,1238935,1198289
28,6,False,Sean Spicer,6.28,0.143384,0.005459,0.754852,0.749393,2701348,102845,14221407,14118562
28,6,False,Lauren Alaina,6.28,0.097125,0.004745,0.363155,0.358411,1829836,89387,6841847,6752461
28,6,False,Ally Brooke,6.28,0.148518,0.006231,0.531177,0.524945,2798077,117397,10007368,9889972
28,6,False,Karamo Brown,6.28,0.216824,0.003529,0.296875,0.293346,4084962,66485,5593125,5526640
28,6,False,Hannah Brown,6.28,0.198019,0.005697,0.633368,0.627671,3730671,107341,11932660,11825319
28,7,False,Kate Flannery,,0.17412,0.003274,0.298657,0.295383,,,,
28,7,False,James Van Der Beek,,0.122015,0.002405,0.419497,0.417091,,,,
28,7,False,Kel Mitchell,,0.154993,0.007158,0.479606,0.472448,,,,
28,7,False,Sean Spicer,,0.138203,0.005459,0.602619,0.59716,,,,
28,7,False,Lauren Alaina,,0.119417,0.004745,0.428916,0.424172,,,,
28,7,False,Ally Brooke,,0.105018,0.006231,0.596938,0.590706,,,,
28,7,False,Karamo Brown,,0.042508,0.003529,0.160542,0.157013,,,,
28,7,False,Hannah Brown,,0.143725,0.005697,0.588095,0.582397,,,,
28,8,False,Kate Flannery,,0.039058,0.003274,0.22307,0.219796,,,,
28,8,False,James Van Der Beek,,0.192521,0.002405,0.580039,0.577634,,,,
28,8,False,Kel Mitchell,,0.16489,0.007158,0.640148,0.63299,,,,
28,8,False,Sean Spicer,,0.184932,0.005459,0.763161,0.757702,,,,
28,8,False,Lauren Alaina,,0.1321,0.004745,0.589459,0.584714,,,,
28,8,False,Ally Brooke,,0.158599,0.006231,0.672024,0.665793,,,,
28,8,False,Hannah Brown,,0.127899,0.005697,0.748637,0.74294,,,,
28,9,False,James Van Der Beek,,0.209856,0.002405,0.755997,0.753591,,,,
28,9,False,Kel Mitchell,,0.169908,0.007158,0.713436,0.706278,,,,
28,9,False,Sean Spicer,,0.116616,0.005459,0.341644,0.336185,,,,
28,9,False,Lauren Alaina,,0.196511,0.004745,0.767547,0.762802,,,,
28,9,False,Ally Brooke,,0.156273,0.006231,0.815025,0.808793,,,,
28,9,False,Hannah Brown,,0.150835,0.005697,0.801886,0.796189,,,,
28,10,False,James Van Der Beek,,0.193889,0.002405,0.708935,0.70653,,,,
28,10,False,Kel Mitchell,,0.185004,0.007158,0.497297,0.490139,,,,
28,10,False,Lauren Alaina,,0.204363,0.004745,0.498801,0.494056,,,,
28,10,False,Ally Brooke,,0.116943,0.006231,0.331499,0.325268,,,,
28,10,False,Hannah Brown,,0.299801,0.005697,0.860148,0.85445,,,,
28,11,True,Kel Mitchell,,0.202709,0.008661,0.459462,0.450801,,,,
28,11,True,Lauren Alaina,,0.204391,0.004745,0.481967,0.477223,,,,
28,11,True,Ally Brooke,,0.066901,0.006231,0.297857,0.291625,,,,
28,11,True,Hannah Brown,,0.525999,0.282614,0.932762,0.650148,,,,
29,2,False,Anne Heche,,0.070692,1.6e-05,0.359588,0.359572,,,,
29,2,False,Jesse Metcalfe,,0.062411,3.7e-05,0.542966,0.542929,,,,
29,2,False,Chrishell Stause,,0.065223,6.1e-05,0.589404,0.589343,,,,
29,2,False,Skai Jackson,,0.0705,4.7e-05,0.584914,0.584867,,,,
29,2,False,Justina Machado,,0.061556,2.7e-05,0.588823,0.588796,,,,
29,2,False,Charles Oakley,,0.022387,1.6e-05,0.099785,0.099769,,,,
29,2,False,Veron Davis,,0.07018,3e-05,0.382207,0.382177,,,,
29,2,False,Johnny Weir,,0.06884,7.8e-05,0.385333,0.385255,,,,
29,2,False,Nev Schulman,,0.064149,2.4e-05,0.353604,0.35358,,,,
29,2,False,AJ McLean,,0.061721,7e-05,0.418789,0.418719,,,,
29,2,False,Nelly,,0.069669,1.3e-05,0.413384,0.413371,,,,
29,2,False,Kaitlyn Bristowe,,0.068222,3.9e-05,0.428111,0.428072,,,,
29,2,False,Carole Baskin,,0.105645,1.6e-05,0.203101,0.203085,,,,
29,2,False,Monica Aldama,,0.082144,1.5e-05,0.379891,0.379876,,,,
29,2,False,Jeannie Mai,,0.05666,4.8e-05,0.428089,0.428041,,,,
29,3,False,Anne Heche,,0.074551,0.000237,0.1592,0.158963,,,,
29,3,False,Jesse Metcalfe,,0.074732,3.7e-05,0.413184,0.413147,,,,
29,3,False,Chrishell Stause,,0.06851,9.3e-05,0.433028,0.432936,,,,
29,3,False,Skai Jackson,,0.067059,0.000125,0.46732,0.467194,,,,
29,3,False,Justina Machado,,0.068605,2.7e-05,0.523626,0.523598,,,,
29,3,False,Veron Davis,,0.105673,5.9e-05,0.481992,0.481933,,,,
29,3,False,Johnny Weir,,0.068834,7.8e-05,0.403604,0.403526,,,,
29,3,False,Nev Schulman,,0.079308,3.3e-05,0.389332,0.389299,,,,
29,3,False,AJ McLean,,0.072744,7e-05,0.39287,0.3928,,,,
29,3,False,Nelly,,0.067952,0.000274,0.421098,0.420824,,,,
29,3,False,Kaitlyn Bristowe,,0.099375,9.1e-05,0.527897,0.527806,,,,
29,3,False,Carole Baskin,,0.021771,3.9e-05,0.112973,0.112934,,,,
29,3,False,Monica Aldama,,0.076948,5.8e-05,0.443173,0.443115,,,,
29,3,False,Jeannie Mai,,0.053939,4.8e-05,0.361549,0.361501,,,,
29,4,False,Anne Heche,,0.01754,0.000237,0.081618,0.081381,,,,
29,4,False,Jesse Metcalfe,,0.137659,5.8e-05,0.302998,0.30294,,,,
29,4,False,Chrishell Stause,,0.113231,0.000132,0.546001,0.54587,,,,
29,4,False,Skai Jackson,,0.073165,0.000125,0.545867,0.545742,,,,
29,4,False,Justina Machado,,0.073818,0.00024,0.45962,0.45938,,,,
29,4,False,Veron Davis,,0.076606,0.000134,0.431241,0.431107,,,,
29,4,False,Johnny Weir,,0.067412,0.000123,0.420356,0.420233,,,,
29,4,False,Nev Schulman,,0.065123,3.3e-05,0.49702,0.496987,,,,
29,4,False,AJ McLean,,0.07001,9.5e-05,0.422232,0.422136,,,,
29,4,False,Nelly,,0.080492,0.000274,0.456445,0.456172,,,,
29,4,False,Kaitlyn Bristowe,,0.077494,0.000116,0.400754,0.400638,,,,
29,4,False,Monica Aldama,,0.075178,0.000116,0.446162,0.446046,,,,
29,4,False,Jeannie Mai,,0.072274,0.000235,0.474522,0.474287,,,,
29,5,False,Jesse Metcalfe,,0.027258,5.8e-05,0.141962,0.141904,,,,
29,5,False,Chrishell Stause,,0.087602,0.000276,0.49351,0.493234,,,,
29,5,False,Skai Jackson,,0.068764,0.000199,0.440666,0.440467,,,,
29,5,False,Justina Machado,,0.08536,0.00024,0.434494,0.434254,,,,
29,5,False,Veron Davis,,0.136094,0.000134,0.326534,0.3264,,,,
29,5,False,Johnny Weir,,0.126375,0.000123,0.501974,0.501851,,,,
29,5,False,Nev Schulman,,0.073784,0.000124,0.519372,0.519248,,,,
29,5,False,AJ McLean,,0.076402,0.000253,0.46251,0.462257,,,,
29,5,False,Nelly,,0.094839,0.000274,0.538063,0.537789,,,,
29,5,False,Kaitlyn Bristowe,,0.074104,0.000116,0.478588,0.478472,,,,
29,5,False,Monica Aldama,,0.089184,0.000116,0.527779,0.527664,,,,
29,5,False,Jeannie Mai,,0.060233,0.000713,0.53617,0.535458,,,,
29,6,False,Chrishell Stause,,0.090962,0.000534,0.599318,0.598784,,,,
29,6,False,Skai Jackson,,0.104758,0.000199,0.512263,0.512064,,,,
29,6,False,Justina Machado,,0.085215,0.00024,0.451725,0.451484,,,,
29,6,False,Veron Davis,,0.02696,0.000134,0.157422,0.157288,,,,
29,6,False,Johnny Weir,,0.097311,0.000323,0.621351,0.621029,,,,
29,6,False,Nev Schulman,,0.088873,0.000124,0.435268,0.435144,,,,
29,6,False,AJ McLean,,0.088925,0.000253,0.510242,0.509989,,,,
29,6,False,Nelly,,0.103128,0.000274,0.500169,0.499895,,,,
29,6,False,Kaitlyn Bristowe,,0.087592,0.000116,0.556887,0.556771,,,,
29,6,False,Monica Aldama,,0.150271,0.000116,0.37089,0.370774,,,,
29,6,False,Jeannie Mai,,0.076005,0.000713,0.250887,0.250174,,,,
29,7,False,Chrishell Stause,,0.12306,0.000534,0.206458,0.205923,,,,
29,7,False,Skai Jackson,,0.105384,0.000199,0.498402,0.498204,,,,
29,7,False,Justina Machado,,0.105632,0.00024,0.533539,0.533298,,,,
29,7,False,Johnny Weir,,0.129987,0.000323,0.564103,0.56378,,,,
29,7,False,Nev Schulman,,0.100655,0.000227,0.507449,0.507221,,,,
29,7,False,AJ McLean,,0.123242,0.000253,0.581547,0.581294,,,,
29,7,False,Nelly,,0.100033,0.000274,0.550719,0.550445,,,,
29,7,False,Kaitlyn Bristowe,,0.143304,0.008543,0.604657,0.596114,,,,
29,7,False,Monica Aldama,,0.051779,0.000116,0.244318,0.244202,,,,
29,7,False,Jeannie Mai,,0.016926,0.000713,0.122864,0.122152,,,,
29,8,False,Chrishell Stause,,0.027818,0.000534,0.141872,0.141338,,,,
29,8,False,Skai Jackson,,0.138838,0.000199,0.666644,0.666446,,,,
29,8,False,Justina Machado,,0.115779,0.00024,0.659644,0.659404,,,,
29,8,False,Johnny Weir,,0.094777,0.000323,0.706676,0.706353,,,,
29,8,False,Nev Schulman,,0.109595,0.000227,0.636937,0.63671,,,,
29,8,False,AJ McLean,,0.276694,0.000308,0.459659,0.459351,,,,
29,8,False,Nelly,,0.122204,0.000274,0.657767,0.657493,,,,
29,8,False,Kaitlyn Bristowe,,0.114296,0.008543,0.753753,0.74521,,,,
29,9,False,Skai Jackson,,0.154672,0.000789,0.309751,0.308962,,,,
29,9,False,Justina Machado,,0.179616,0.00024,0.761189,0.760948,,,,
29,9,False,Johnny Weir,,0.156009,0.000432,0.312594,0.312162,,,,
29,9,False,Nev Schulman,,0.139102,0.002115,0.760518,0.758403,,,,
29,9,False,AJ McLean,,0.068143,0.000308,0.263851,0.263543,,,,
29,9,False,Nelly,,0.173879,0.000488,0.717285,0.716797,,,,
29,9,False,Kaitlyn Bristowe,,0.12858,0.008543,0.651516,0.642973,,,,
29,10,False,Skai Jackson,,0.063486,0.000789,0.215635,0.214845,,,,
29,10,False,Justina Machado,,0.158423,0.016224,0.247783,0.231559,,,,
29,10,False,Johnny Weir,,0.062253,0.000432,0.233358,0.232927,,,,
29,10,False,Nev Schulman,,0.13857,0.002115,0.330813,0.328698,,,,
29,10,False,Nelly,,0.380106,0.105807,0.820607,0.7148,,,,
29,10,False,Kaitlyn Bristowe,,0.197163,0.008543,0.497281,0.488738,,,,
30,2,False,Martin Kove,,0.022049,0.000117,0.098582,0.098465,,,,
30,2,False,Brian Austin Green,,0.0758,1.7e-05,0.338367,0.338351,,,,
30,2,False,Melora Hardin,,0.069869,3.8e-05,0.404011,0.403972,,,,
30,2,False,Matt James,,0.078749,2.5e-05,0.418222,0.418197,,,,
30,2,False,"Mike ""The Miz"" Mizanin",,0.074428,0.000128,0.330273,0.330144,,,,
30,2,False,Suni Lee,,0.080131,0.000186,0.334405,0.334219,,,,
30,2,False,Iman Shumpert,,0.074116,0.000303,0.39035,0.390047,,,,
30,2,False,Cody Rigsby,,0.074182,0.00014,0.410105,0.409965,,,,
30,2,False,Melanie C,,0.074263,1.1e-05,0.41648,0.416469,,,,
30,2,False,Jimmie Allen,,0.063013,0.000165,0.447797,0.447632,,,,
30,2,False,Olivia Jade,,0.067206,0.000265,0.373031,0.372766,,,,
30,2,False,JoJo Siwa,,0.069963,1.1e-05,0.386936,0.386925,,,,
30,2,False,Christine Chiu,,0.045266,3.7e-05,0.070355,0.070318,,,,
30,2,False,Kenya Moore,,0.077848,0.000124,0.56819,0.568066,,,,
30,2,False,Amanda Kloots,,0.053116,0.000279,0.372738,0.372459,,,,
30,3,False,Brian Austin Green,,0.107261,0.001564,0.287088,0.285524,,,,
30,3,False,Melora Hardin,,0.056318,3.8e-05,0.424072,0.424034,,,,
30,3,False,Matt James,,0.081578,3.4e-05,0.183514,0.18348,,,,
30,3,False,"Mike ""The Miz"" Mizanin",,0.065301,0.000128,0.360457,0.360329,,,,
30,3,False,Suni Lee,,0.069703,0.00044,0.344108,0.343667,,,,
30,3,False,Iman Shumpert,,0.084356,0.000303,0.474036,0.473733,,,,
30,3,False,Cody Rigsby,,0.096037,0.001188,0.507546,0.506358,,,,
30,3,False,Melanie C,,0.068167,3.5e-05,0.431053,0.431018,,,,
30,3,False,Jimmie Allen,,0.077757,0.000551,0.404197,0.403646,,,,
30,3,False,Olivia Jade,,0.116772,0.000265,0.471613,0.471348,,,,
30,3,False,JoJo Siwa,,0.060701,5.1e-05,0.441165,0.441114,,,,
30,3,False,Christine Chiu,,0.005713,3.7e-05,0.042748,0.042711,,,,
30,3,False,Kenya Moore,,0.062482,0.000384,0.410212,0.409827,,,,
30,3,False,Amanda Kloots,,0.047853,0.000279,0.351666,0.351387,,,,
30,4,False,Brian Austin Green,,0.023407,0.001564,0.129631,0.128067,,,,
30,4,False,Melora Hardin,,0.088783,0.000331,0.46682,0.466489,,,,
30,4,False,Matt James,,0.021051,7.3e-05,0.116342,0.116269,,,,
30,4,False,"Mike ""The Miz"" Mizanin",,0.083691,0.001591,0.389146,0.387555,,,,
30,4,False,Suni Lee,,0.118731,0.00044,0.386856,0.386415,,,,
30,4,False,Iman Shumpert,,0.085478,0.000303,0.516015,0.515712,,,,
30,4,False,Cody Rigsby,,0.105024,0.003948,0.407171,0.403223,,,,
30,4,False,Melanie C,,0.051615,3.5e-05,0.083287,0.083252,,,,
30,4,False,Jimmie Allen,,0.099358,0.000551,0.446945,0.446394,,,,
30,4,False,Olivia Jade,,0.072505,0.000265,0.428909,0.428644,,,,
30,4,False,JoJo Siwa,,0.076554,5.1e-05,0.424498,0.424448,,,,
30,4,False,Kenya Moore,,0.10767,0.002829,0.45296,0.450131,,,,
30,4,False,Amanda Kloots,,0.066134,0.000279,0.394415,0.394135,,,,
30,5,False,Melora Hardin,,0.091064,0.000331,0.421918,0.421587,,,,
30,5,False,"Mike ""The Miz"" Mizanin",,0.119161,0.001591,0.56087,0.559279,,,,
30,5,False,Suni Lee,,0.074842,0.001193,0.426613,0.42542,,,,
30,5,False,Iman Shumpert,,0.16798,0.000303,0.532637,0.532334,,,,
30,5,False,Cody Rigsby,,0.117466,0.003948,0.555648,0.5517,,,,
30,5,False,Melanie C,,0.007499,3.5e-05,0.049817,0.049782,,,,
30,5,False,Jimmie Allen,,0.103106,0.000591,0.587677,0.587086,,,,
30,5,False,Olivia Jade,,0.091325,0.000595,0.444159,0.443565,,,,
30,5,False,JoJo Siwa,,0.110405,5.1e-05,0.434696,0.434645,,,,
30,5,False,Kenya Moore,,0.050633,0.002829,0.619898,0.617069,,,,
30,5,False,Amanda Kloots,,0.066519,0.001297,0.564708,0.563411,,,,
30,6,False,Melora Hardin,,0.122709,0.000331,0.471736,0.471404,,,,
30,6,False,"Mike ""The Miz"" Mizanin",,0.117523,0.001591,0.531462,0.529871,,,,
30,6,False,Suni Lee,,0.125178,0.001193,0.47643,0.475237,,,,
30,6,False,Iman Shumpert,,0.09152,0.000303,0.471554,0.471251,,,,
30,6,False,Cody Rigsby,,0.103039,0.003948,0.471476,0.467528,,,,
30,6,False,Jimmie Allen,,0.091442,0.000591,0.58602,0.585429,,,,
30,6,False,Olivia Jade,,0.138804,0.000595,0.493977,0.493382,,,,
30,6,False,JoJo Siwa,,0.091843,7.4e-05,0.484513,0.48444,,,,
30,6,False,Kenya Moore,,0.041242,0.002829,0.23736,0.234532,,,,
30,6,False,Amanda Kloots,,0.076699,0.001297,0.58111,0.579813,,,,
30,7,False,Melora Hardin,,0.109555,0.000533,0.615855,0.615322,,,,
30,7,False,"Mike ""The Miz"" Mizanin",,0.047868,0.001591,0.304155,0.302564,,,,
30,7,False,Suni Lee,,0.121547,0.001193,0.688764,0.687571,,,,
30,7,False,Iman Shumpert,,0.119684,0.000303,0.708915,0.708612,,,,
30,7,False,Cody Rigsby,,0.094597,0.003948,0.574416,0.570468,,,,
30,7,False,Jimmie Allen,,0.182669,0.000591,0.44335,0.44276,,,,
30,7,False,Olivia Jade,,0.130615,0.000595,0.269484,0.26889,,,,
30,7,False,JoJo Siwa,,0.108364,7.4e-05,0.577558,0.577484,,,,
30,7,False,Amanda Kloots,,0.085101,0.001297,0.585783,0.584486,,,,
30,8,False,Melora Hardin,,0.160539,0.000533,0.475923,0.475391,,,,
30,8,False,Suni Lee,,0.13062,0.001193,0.230283,0.229089,,,,
30,8,False,Iman Shumpert,,0.210537,0.009947,0.715805,0.705858,,,,
30,8,False,Cody Rigsby,,0.142457,0.006012,0.670069,0.664057,,,,
30,8,False,Jimmie Allen,,0.055416,0.000591,0.308077,0.307486,,,,
30,8,False,Olivia Jade,,0.03743,0.000595,0.20254,0.201945,,,,
30,8,False,JoJo Siwa,,0.138591,0.001936,0.662852,0.660916,,,,
30,8,False,Amanda Kloots,,0.12441,0.001297,0.669397,0.6681,,,,
30,9,False,Melora Hardin,,0.089037,0.000532,0.311378,0.310845,,,,
30,9,False,Suni Lee,,0.034476,0.001193,0.192551,0.191358,,,,
30,9,False,Iman Shumpert,,0.160336,0.01104,0.826189,0.815149,,,,
30,9,False,Cody Rigsby,,0.247655,0.039917,0.805314,0.765398,,,,
30,9,False,JoJo Siwa,,0.251241,0.001936,0.497355,0.495419,,,,
30,9,False,Amanda Kloots,,0.217254,0.005252,0.331961,0.326709,,,,
30,10,True,Iman Shumpert,,0.47324,0.028244,0.920436,0.892191,,,,
30,10,True,Cody Rigsby,,0.285542,0.039917,0.938185,0.898268,,,,
30,10,True,JoJo Siwa,,0.159218,0.001936,0.46576,0.463824,,,,
30,10,True,Amanda Kloots,,0.082,0.005252,0.302289,0.297037,,,,
31,1,False,Jason Lewis,,0.017304,3.6e-05,0.066014,0.065978,,,,
31,1,False,Cheryl Ladd,,0.074414,0.000113,0.373293,0.37318,,,,
31,1,False,Selma Blair,,0.061945,2.1e-05,0.43322,0.433199,,,,
31,1,False,Joseph Baena,,0.059222,5.2e-05,0.418517,0.418464,,,,
31,1,False,Trevor Donovan,,0.065731,0.000415,0.339035,0.338621,,,,
31,1,False,Daniel Durant,,0.064149,1.2e-05,0.396409,0.396396,,,,
31,1,False,Wayne Brady,,0.068053,0.000203,0.390503,0.390301,,,,
31,1,False,Sam Champion,,0.070026,2e-05,0.370748,0.370727,,,,
31,1,False,Jessie James Decker,,0.063388,0.00023,0.410812,0.410582,,,,
31,1,False,Jordin Sparks,,0.066347,5.3e-05,0.356885,0.356832,,,,
31,1,False,Heidi D'Amelio,,0.063042,0.000124,0.375337,0.375213,,,,
31,1,False,Charli D'Amelio,,0.06431,4.3e-05,0.328855,0.328812,,,,
31,1,False,Teresa Giudice,,0.08187,6.1e-05,0.162521,0.16246,,,,
31,1,False,Vinny Guadagnino,,0.068082,8.1e-05,0.438543,0.438463,,,,
31,1,False,Shangela,,0.060877,6.1e-05,0.504934,0.504872,,,,
31,1,False,Gabby Windey,,0.051239,1.6e-05,0.345067,0.345051,,,,
31,2,False,Cheryl Ladd,,0.081283,0.000157,0.174025,0.173867,,,,
31,2,False,Selma Blair,,0.071521,8e-05,0.374709,0.374629,,,,
31,2,False,Joseph Baena,,0.077898,0.000491,0.404707,0.404216,,,,
31,2,False,Trevor Donovan,,0.061916,0.000415,0.398621,0.398207,,,,
31,2,False,Daniel Durant,,0.080264,3.2e-05,0.462422,0.46239,,,,
31,2,False,Wayne Brady,,0.070465,0.000203,0.456517,0.456314,,,,
31,2,False,Sam Champion,,0.070307,0.00029,0.392597,0.392308,,,,
31,2,False,Jessie James Decker,,0.082741,0.00023,0.476826,0.476596,,,,
31,2,False,Jordin Sparks,,0.063282,5.3e-05,0.411477,0.411424,,,,
31,2,False,Heidi D'Amelio,,0.066568,0.000124,0.423683,0.423559,,,,
31,2,False,Charli D'Amelio,,0.084836,4.3e-05,0.394869,0.394825,,,,
31,2,False,Teresa Giudice,,0.014746,6.1e-05,0.087125,0.087065,,,,
31,2,False,Vinny Guadagnino,,0.06589,8.1e-05,0.385628,0.385548,,,,
31,2,False,Shangela,,0.059663,6.1e-05,0.408425,0.408363,,,,
31,2,False,Gabby Windey,,0.048619,6.6e-05,0.377035,0.376969,,,,
31,3,False,Cheryl Ladd,,0.018814,0.000157,0.112617,0.11246,,,,
31,3,False,Selma Blair,,0.083922,8e-05,0.343859,0.343779,,,,
31,3,False,Joseph Baena,,0.078769,0.000491,0.34196,0.34147,,,,
31,3,False,Trevor Donovan,,0.073595,0.000415,0.437354,0.43694,,,,
31,3,False,Daniel Durant,,0.061523,4e-05,0.35575,0.355711,,,,
31,3,False,Wayne Brady,,0.07631,0.000203,0.356657,0.356454,,,,
31,3,False,Sam Champion,,0.118545,0.00029,0.304148,0.303858,,,,
31,3,False,Jessie James Decker,,0.07154,0.00023,0.442191,0.441962,,,,
31,3,False,Jordin Sparks,,0.067502,0.000403,0.377877,0.377474,,,,
31,3,False,Heidi D'Amelio,,0.064685,0.000124,0.494704,0.49458,,,,
31,3,False,Charli D'Amelio,,0.06892,0.000471,0.434179,0.433708,,,,
31,3,False,Vinny Guadagnino,,0.079372,0.000124,0.471524,0.4714,,,,
31,3,False,Shangela,,0.074647,6.1e-05,0.404771,0.404709,,,,
31,3,False,Gabby Windey,,0.061854,0.000341,0.46416,0.463819,,,,
31,4,False,Selma Blair,,0.035258,8.3e-05,0.060643,0.06056,,,,
31,4,False,Joseph Baena,,0.068193,0.000491,0.132529,0.132038,,,,
31,4,False,Trevor Donovan,,0.084774,0.000964,0.401456,0.400492,,,,
31,4,False,Daniel Durant,,0.086492,0.000332,0.370264,0.369931,,,,
31,4,False,Wayne Brady,,0.11516,0.000203,0.469274,0.469071,,,,
31,4,False,Sam Champion,,0.023803,0.00029,0.106862,0.106572,,,,
31,4,False,Jessie James Decker,,0.094029,0.00046,0.388647,0.388187,,,,
31,4,False,Jordin Sparks,,0.085406,0.000479,0.41093,0.41045,,,,
31,4,False,Heidi D'Amelio,,0.082562,0.001685,0.456198,0.454513,,,,
31,4,False,Charli D'Amelio,,0.072909,0.000935,0.426013,0.425079,,,,
31,4,False,Vinny Guadagnino,,0.093456,0.002673,0.421123,0.418449,,,,
31,4,False,Shangela,,0.090818,0.000538,0.438726,0.438188,,,,
31,4,False,Gabby Windey,,0.067141,0.000401,0.484703,0.484301,,,,
31,5,False,Selma Blair,,0.004002,8.3e-05,0.047998,0.047916,,,,
31,5,False,Joseph Baena,,0.025312,0.000491,0.102707,0.102216,,,,
31,5,False,Trevor Donovan,,0.075639,0.006676,0.5051,0.498423,,,,
31,5,False,Daniel Durant,,0.14402,0.044996,0.477125,0.432129,,,,
31,5,False,Wayne Brady,,0.064551,0.000226,0.43061,0.430384,,,,
31,5,False,Jessie James Decker,,0.16557,0.007476,0.386974,0.379499,,,,
31,5,False,Jordin Sparks,,0.103868,0.01655,0.435266,0.418716,,,,
31,5,False,Heidi D'Amelio,,0.051553,0.001685,0.413036,0.411351,,,,
31,5,False,Charli D'Amelio,,0.045303,0.000935,0.361243,0.360308,,,,
31,5,False,Vinny Guadagnino,,0.211446,0.061054,0.527984,0.466931,,,,
31,5,False,Shangela,,0.060376,0.001759,0.465246,0.463487,,,,
31,5,False,Gabby Windey,,0.04836,0.000401,0.544783,0.544381,,,,
31,6,False,Trevor Donovan,,0.092925,0.006676,0.559671,0.552995,,,,
31,6,False,Daniel Durant,,0.108761,0.044996,0.627811,0.582815,,,,
31,6,False,Wayne Brady,,0.077846,0.000233,0.559268,0.559035,,,,
31,6,False,Jessie James Decker,,0.043358,0.007475,0.179457,0.171981,,,,
31,6,False,Jordin Sparks,,0.219161,0.016549,0.362768,0.346219,,,,
31,6,False,Heidi D'Amelio,,0.075595,0.001685,0.453902,0.452218,,,,
31,6,False,Charli D'Amelio,,0.087352,0.000935,0.498569,0.497634,,,,
31,6,False,Vinny Guadagnino,,0.138838,0.061054,0.545996,0.484942,,,,
31,6,False,Shangela,,0.087306,0.001759,0.578778,0.577018,,,,
31,6,False,Gabby Windey,,0.068859,0.001062,0.465939,0.464877,,,,
31,7,False,Trevor Donovan,,0.100146,0.006676,0.490003,0.483327,,,,
31,7,False,Daniel Durant,,0.135949,0.044996,0.494449,0.449452,,,,
31,7,False,Wayne Brady,,0.080875,0.000233,0.579187,0.578954,,,,
31,7,False,Jordin Sparks,,0.045147,0.016549,0.156807,0.140258,,,,
31,7,False,Heidi D'Amelio,,0.23007,0.001685,0.407091,0.405406,,,,
31,7,False,Charli D'Amelio,,0.088848,0.000935,0.492269,0.491335,,,,
31,7,False,Vinny Guadagnino,,0.146336,0.061054,0.611061,0.550007,,,,
31,7,False,Shangela,,0.084961,0.001759,0.524315,0.522555,,,,
31,7,False,Gabby Windey,,0.087669,0.002229,0.577296,0.575067,,,,
31,8,False,Trevor Donovan,,0.135783,0.010527,0.633848,0.623321,,,,
31,8,False,Daniel Durant,,0.278499,0.044996,0.463503,0.418506,,,,
31,8,False,Wayne Brady,,0.104172,0.000233,0.629744,0.629511,,,,
31,8,False,Heidi D'Amelio,,0.040187,0.001685,0.180317,0.178632,,,,
31,8,False,Charli D'Amelio,,0.10809,0.000935,0.531102,0.530168,,,,
31,8,False,Vinny Guadagnino,,0.084543,0.061054,0.288086,0.227033,,,,
31,8,False,Shangela,,0.108948,0.001759,0.51872,0.516961,,,,
31,8,False,Gabby Windey,,0.139777,0.002229,0.560293,0.558065,,,,
31,9,False,Trevor Donovan,,0.132337,0.010527,0.671481,0.660955,,,,
31,9,False,Daniel Durant,,0.101145,0.044996,0.309241,0.264244,,,,
31,9,False,Wayne Brady,,0.240834,0.002855,0.498964,0.496109,,,,
31,9,False,Charli D'Amelio,,0.207222,0.000935,0.727912,0.726977,,,,
31,9,False,Shangela,,0.130396,0.002275,0.246641,0.244366,,,,
31,9,False,Gabby Windey,,0.188067,0.002229,0.496693,0.494464,,,,
31,10,True,Wayne Brady,,0.182136,0.00314,0.472892,0.469752,,,,
31,10,True,Charli D'Amelio,,0.566431,0.268036,0.937984,0.669948,,,,
31,10,True,Shangela,,0.043793,0.002275,0.232501,0.230226,,,,
31,10,True,Gabby Windey,,0.20764,0.004126,0.470378,0.466252,,,,
32,1,False,Jamie Lynn Spears,,0.073522,0.000105,0.120744,0.120639,,,,
32,1,False,Mira Sorvino,,0.069874,0.000318,0.416397,0.416079,,,,
32,1,False,Barry Williams,,0.081417,4.6e-05,0.361628,0.361583,,,,
32,1,False,Alyson Hannigan,,0.075662,0.000323,0.526871,0.526548,,,,
32,1,False,Xochitl Gomez,,0.071229,9e-06,0.441284,0.441275,,,,
32,1,False,Adrian Peterson,,0.081204,7e-05,0.352664,0.352595,,,,
32,1,False,Matt Walsh,,0.015904,2.5e-05,0.095492,0.095468,,,,
32,1,False,Tyson Beckford,,0.080667,0.000102,0.368152,0.36805,,,,
32,1,False,Jason Mraz,,0.071792,8.9e-05,0.477332,0.477243,,,,
32,1,False,Lele Pons,,0.071446,2e-06,0.41465,0.414648,,,,
32,1,False,Harry Jowsey,,0.079493,0.00047,0.413407,0.412936,,,,
32,1,False,Mauricio Umansky,,0.077142,0.00015,0.401787,0.401637,,,,
32,1,False,Charity Lawson,,0.082497,0.00047,0.387043,0.386573,,,,
32,1,False,Ariana Madix,,0.068151,0.000215,0.55292,0.552704,,,,
32,2,False,Jamie Lynn Spears,,0.011358,0.000105,0.068503,0.068398,,,,
32,2,False,Mira Sorvino,,0.076808,0.000318,0.434591,0.434273,,,,
32,2,False,Barry Williams,,0.072887,0.000104,0.449499,0.449395,,,,
32,2,False,Alyson Hannigan,,0.063963,0.000323,0.540758,0.540434,,,,
32,2,False,Xochitl Gomez,,0.069909,0.000259,0.504923,0.504663,,,,
32,2,False,Adrian Peterson,,0.094094,0.000386,0.448157,0.447771,,,,
32,2,False,Tyson Beckford,,0.157361,0.000286,0.321699,0.321413,,,,
32,2,False,Jason Mraz,,0.062225,0.000108,0.501606,0.501498,,,,
32,2,False,Lele Pons,,0.083807,0.000304,0.439314,0.43901,,,,
32,2,False,Harry Jowsey,,0.083201,0.00047,0.483102,0.482631,,,,
32,2,False,Mauricio Umansky,,0.086786,0.00015,0.470089,0.469939,,,,
32,2,False,Charity Lawson,,0.073689,0.00047,0.436252,0.435782,,,,
32,2,False,Ariana Madix,,0.063913,0.000217,0.399416,0.399199,,,,
32,3,False,Mira Sorvino,,0.113414,0.000327,0.503094,0.502767,,,,
32,3,False,Barry Williams,,0.087874,0.000426,0.507934,0.507508,,,,
32,3,False,Alyson Hannigan,,0.094104,0.000686,0.466933,0.466247,,,,
32,3,False,Xochitl Gomez,,0.083719,0.000259,0.57234,0.572081,,,,
32,3,False,Adrian Peterson,,0.068906,0.000386,0.119824,0.119439,,,,
32,3,False,Tyson Beckford,,0.028479,0.000286,0.127703,0.127418,,,,
32,3,False,Jason Mraz,,0.075323,0.000108,0.490976,0.490868,,,,
32,3,False,Lele Pons,,0.119073,0.000304,0.507817,0.507512,,,,
32,3,False,Harry Jowsey,,0.098217,0.00047,0.452226,0.451756,,,,
32,3,False,Mauricio Umansky,,0.077631,0.00015,0.506884,0.506734,,,,
32,3,False,Charity Lawson,,0.079918,0.00047,0.492011,0.491541,,,,
32,3,False,Ariana Madix,,0.073342,0.00076,0.467919,0.467158,,,,
32,4,False,Mira Sorvino,,0.147618,0.000327,0.254321,0.253994,,,,
32,4,False,Barry Williams,,0.114726,0.000426,0.538811,0.538385,,,,
32,4,False,Alyson Hannigan,,0.10831,0.000686,0.465165,0.464479,,,,
32,4,False,Xochitl Gomez,,0.088148,0.000259,0.482519,0.48226,,,,
32,4,False,Adrian Peterson,,0.010522,0.000386,0.081231,0.080845,,,,
32,4,False,Jason Mraz,,0.083194,0.000194,0.471372,0.471178,,,,
32,4,False,Lele Pons,,0.087427,0.000304,0.560386,0.560082,,,,
32,4,False,Harry Jowsey,,0.103594,0.00047,0.46117,0.460699,,,,
32,4,False,Mauricio Umansky,,0.099097,0.001148,0.469755,0.468607,,,,
32,4,False,Charity Lawson,,0.077907,0.000554,0.534812,0.534258,,,,
32,4,False,Ariana Madix,,0.079456,0.00076,0.423753,0.422993,,,,
32,5,False,Mira Sorvino,,0.025913,0.000327,0.14515,0.144823,,,,
32,5,False,Barry Williams,,0.113689,0.000426,0.620042,0.619616,,,,
32,5,False,Alyson Hannigan,,0.12903,0.000686,0.546396,0.54571,,,,
32,5,False,Xochitl Gomez,,0.102243,0.000292,0.555926,0.555634,,,,
32,5,False,Jason Mraz,,0.125334,0.000194,0.552603,0.552409,,,,
32,5,False,Lele Pons,,0.090756,0.002087,0.54744,0.545353,,,,
32,5,False,Harry Jowsey,,0.141065,0.000519,0.542401,0.541882,,,,
32,5,False,Mauricio Umansky,,0.097695,0.001148,0.178648,0.1775,,,,
32,5,False,Charity Lawson,,0.087272,0.000554,0.554727,0.554173,,,,
32,5,False,Ariana Madix,,0.087001,0.00076,0.47084,0.47008,,,,
32,6,False,Barry Williams,,0.130583,0.001694,0.560337,0.558643,,,,
32,6,False,Alyson Hannigan,,0.148452,0.000686,0.682188,0.681503,,,,
32,6,False,Xochitl Gomez,,0.110346,0.000292,0.542593,0.542301,,,,
32,6,False,Jason Mraz,,0.108823,0.000286,0.656566,0.65628,,,,
32,6,False,Lele Pons,,0.090286,0.002087,0.150449,0.148363,,,,
32,6,False,Harry Jowsey,,0.13798,0.000519,0.55027,0.549751,,,,
32,6,False,Mauricio Umansky,,0.021386,0.001148,0.112215,0.111068,,,,
32,6,False,Charity Lawson,,0.109031,0.000554,0.673061,0.672507,,,,
32,6,False,Ariana Madix,,0.143113,0.00076,0.61599,0.61523,,,,
32,7,False,Barry Williams,,0.186532,0.001694,0.295407,0.293713,,,,
32,7,False,Alyson Hannigan,,0.15566,0.000686,0.628236,0.62755,,,,
32,7,False,Xochitl Gomez,,0.119009,0.000504,0.546495,0.545992,,,,
32,7,False,Jason Mraz,,0.116993,0.001272,0.73122,0.729948,,,,
32,7,False,Lele Pons,,0.012133,0.002087,0.102325,0.100238,,,,
32,7,False,Harry Jowsey,,0.16764,0.001108,0.662485,0.661377,,,,
32,7,False,Charity Lawson,,0.111417,0.002492,0.636785,0.634293,,,,
32,7,False,Ariana Madix,,0.130617,0.00076,0.61515,0.61439,,,,
32,8,False,Barry Williams,,0.036754,0.001694,0.188206,0.186512,,,,
32,8,False,Alyson Hannigan,,0.197153,0.000844,0.730561,0.729717,,,,
32,8,False,Xochitl Gomez,,0.19028,0.000504,0.64882,0.648317,,,,
32,8,False,Jason Mraz,,0.146777,0.001272,0.74629,0.745018,,,,
32,8,False,Harry Jowsey,,0.145012,0.001108,0.713861,0.712753,,,,
32,8,False,Charity Lawson,,0.170084,0.002492,0.696569,0.694078,,,,
32,8,False,Ariana Madix,,0.11394,0.00076,0.702701,0.701941,,,,
32,9,False,Alyson Hannigan,,0.109686,0.000844,0.245095,0.244251,,,,
32,9,False,Xochitl Gomez,,0.25568,0.003241,0.804354,0.801113,,,,
32,9,False,Jason Mraz,,0.153647,0.001272,0.495699,0.494427,,,,
32,9,False,Harry Jowsey,,0.108309,0.001108,0.32587,0.324762,,,,
32,9,False,Charity Lawson,,0.111917,0.002492,0.241841,0.239349,,,,
32,9,False,Ariana Madix,,0.260761,0.002359,0.489881,0.487522,,,,
32,11,True,Alyson Hannigan,,0.052494,0.000844,0.218808,0.217964,,,,
32,11,True,Xochitl Gomez,,0.480972,0.224018,0.876542,0.652524,,,,
32,11,True,Jason Mraz,,0.212556,0.016864,0.435343,0.418479,,,,
32,11,True,Charity Lawson,,0.035031,0.002492,0.213058,0.210566,,,,
32,11,True,Ariana Madix,,0.218947,0.020224,0.454861,0.434638,,,,
33,2,False,Tori Spelling,,0.009827,2.6e-05,0.070463,0.070437,,,,
33,2,False,Eric Roberts,,0.114557,0.007484,0.222095,0.214611,,,,
33,2,False,Reginald VelJohnson,,0.173212,0.00748,0.364247,0.356767,,,,
33,2,False,Chandler Kinney,,0.065963,4.6e-05,0.512708,0.512663,,,,
33,2,False,Dwight Howard ,,0.079131,2e-05,0.504306,0.504286,,,,
33,2,False,Danny Amendola,,0.076017,0.000123,0.421309,0.421186,,,,
33,2,False,Stephen Nedoroscik,,0.061467,1.7e-05,0.572268,0.572251,,,,
33,2,False,Ilona Maher,,0.07401,1.8e-05,0.503976,0.503958,,,,
33,2,False,Anna Delvey,,0.021414,1.8e-05,0.097946,0.097928,,,,
33,2,False,Brooks Nader,,0.088632,0.002429,0.448738,0.44631,,,,
33,2,False,Phaedra Parks,,0.083124,1.3e-05,0.466375,0.466362,,,,
33,2,False,Jenn Tran,,0.088549,0.004574,0.51305,0.508475,,,,
33,2,False,Joey Graziadei,,0.064095,0.000579,0.454857,0.454279,,,,
33,3,False,Eric Roberts,,0.027301,0.007484,0.141173,0.13369,,,,
33,3,False,Reginald VelJohnson,,0.036717,0.00748,0.215481,0.208001,,,,
33,3,False,Chandler Kinney,,0.113739,0.000528,0.397724,0.397195,,,,
33,3,False,Dwight Howard ,,0.115896,0.010935,0.64814,0.637205,,,,
33,3,False,Danny Amendola,,0.101328,0.000155,0.490328,0.490174,,,,
33,3,False,Stephen Nedoroscik,,0.102779,5.6e-05,0.522552,0.522496,,,,
33,3,False,Ilona Maher,,0.115402,0.000378,0.556835,0.556457,,,,
33,3,False,Brooks Nader,,0.092198,0.002429,0.147685,0.145257,,,,
33,3,False,Phaedra Parks,,0.112508,0.001449,0.387053,0.385604,,,,
33,3,False,Jenn Tran,,0.089372,0.004574,0.681444,0.67687,,,,
33,3,False,Joey Graziadei,,0.092761,0.000581,0.590415,0.589833,,,,
33,4,False,Chandler Kinney,,0.111172,0.000529,0.627116,0.626587,,,,
33,4,False,Dwight Howard ,,0.129724,0.010935,0.649813,0.638878,,,,
33,4,False,Danny Amendola,,0.089645,0.000155,0.651315,0.651161,,,,
33,4,False,Stephen Nedoroscik,,0.124094,0.000123,0.537035,0.536912,,,,
33,4,False,Ilona Maher,,0.127848,0.00045,0.554223,0.553773,,,,
33,4,False,Brooks Nader,,0.014912,0.002428,0.092211,0.089782,,,,
33,4,False,Phaedra Parks,,0.181257,0.001449,0.289137,0.287688,,,,
33,4,False,Jenn Tran,,0.112136,0.004574,0.672544,0.66797,,,,
33,4,False,Joey Graziadei,,0.109213,0.000606,0.597221,0.596615,,,,
33,5,False,Chandler Kinney,,0.126709,0.000585,0.673957,0.673372,,,,
33,5,False,Dwight Howard ,,0.129349,0.010935,0.593588,0.582653,,,,
33,5,False,Danny Amendola,,0.143186,0.00033,0.685191,0.684861,,,,
33,5,False,Stephen Nedoroscik,,0.161084,0.000217,0.622972,0.622755,,,,
33,5,False,Ilona Maher,,0.1434,0.00045,0.638007,0.637557,,,,
33,5,False,Phaedra Parks,,0.0391,0.001449,0.154068,0.152619,,,,
33,5,False,Jenn Tran,,0.122047,0.004574,0.184528,0.179954,,,,
33,5,False,Joey Graziadei,,0.135125,0.000842,0.63185,0.631008,,,,
33,6,False,Chandler Kinney,,0.127912,0.000585,0.681522,0.680936,,,,
33,6,False,Dwight Howard ,,0.152452,0.010935,0.679921,0.668986,,,,
33,6,False,Danny Amendola,,0.180358,0.00033,0.693379,0.693048,,,,
33,6,False,Stephen Nedoroscik,,0.149421,0.000398,0.755404,0.755006,,,,
33,6,False,Ilona Maher,,0.196219,0.000844,0.742083,0.741239,,,,
33,6,False,Jenn Tran,,0.027115,0.004574,0.134751,0.130176,,,,
33,6,False,Joey Graziadei,,0.166523,0.001764,0.656156,0.654393,,,,
33,7,False,Chandler Kinney,,0.121997,0.002717,0.238598,0.235881,,,,
33,7,False,Dwight Howard ,,0.082443,0.010935,0.649951,0.639017,,,,
33,7,False,Danny Amendola,,0.134557,0.00033,0.321935,0.321604,,,,
33,7,False,Stephen Nedoroscik,,0.080907,0.001283,0.191988,0.190706,,,,
33,7,False,Ilona Maher,,0.36952,0.032283,0.715448,0.683165,,,,
33,7,False,Joey Graziadei,,0.210577,0.002537,0.760461,0.757924,,,,
34,2,False,Corey Feldman,,0.022926,4e-06,0.095156,0.095151,,,,
34,2,False,Danielle Fishel,,0.089655,0.002574,0.397656,0.395082,,,,
34,2,False,Elaine Hendrix,,0.064934,0.000115,0.416858,0.416743,,,,
34,2,False,Baron Davis,,0.012809,9e-06,0.075802,0.075793,,,,
34,2,False,Jordan Chiles,,0.06757,0.000175,0.45551,0.455336,,,,
34,2,False,Andy Richter,,0.096119,0.008287,0.439412,0.431124,,,,
34,2,False,Robert Irwin,,0.072951,3e-05,0.366047,0.366016,,,,
34,2,False,Hilaria Baldwin,,0.076228,0.000375,0.397809,0.397433,,,,
34,2,False,Lauren Jauregui,,0.130861,0.000173,0.254386,0.254213,,,,
34,2,False,Scott Hoying,,0.083504,0.001461,0.463154,0.461692,,,,
34,2,False,Alix Earle,,0.069688,8.6e-05,0.408349,0.408263,,,,
34,2,False,Jen Affleck,,0.076733,3.4e-05,0.495985,0.49595,,,,
34,2,False,Whitney Leavitt,,0.064086,3e-05,0.444136,0.444106,,,,
34,2,False,Dylan Efron,,0.071937,0.000128,0.520955,0.520826,,,,
34,3,False,Danielle Fishel,,0.097501,0.002574,0.533484,0.53091,,,,
34,3,False,Elaine Hendrix,,0.115526,0.000423,0.450274,0.44985,,,,
34,3,False,Jordan Chiles,,0.088131,0.000284,0.469432,0.469148,,,,
34,3,False,Andy Richter,,0.092471,0.008287,0.47317,0.464883,,,,
34,3,False,Robert Irwin,,0.09244,6.3e-05,0.464713,0.46465,,,,
34,3,False,Hilaria Baldwin,,0.059563,0.000375,0.101275,0.1009,,,,
34,3,False,Lauren Jauregui,,0.026235,0.000173,0.128549,0.128376,,,,
34,3,False,Scott Hoying,,0.082525,0.001461,0.474841,0.47338,,,,
34,3,False,Alix Earle,,0.08999,0.000442,0.500185,0.499743,,,,
34,3,False,Jen Affleck,,0.104649,0.000185,0.482566,0.482381,,,,
34,3,False,Whitney Leavitt,,0.08987,7e-05,0.540911,0.54084,,,,
34,3,False,Dylan Efron,,0.061099,0.000436,0.41174,0.411303,,,,
34,4,False,Danielle Fishel,,0.105999,0.002574,0.508574,0.506,,,,
34,4,False,Elaine Hendrix,,0.092374,0.000423,0.509415,0.508991,,,,
34,4,False,Jordan Chiles,,0.067991,0.000488,0.569305,0.568817,,,,
34,4,False,Andy Richter,,0.104311,0.008287,0.577929,0.569642,,,,
34,4,False,Robert Irwin,,0.118071,6.3e-05,0.554912,0.554849,,,,
34,4,False,Hilaria Baldwin,,0.008049,0.000375,0.061822,0.061447,,,,
34,4,False,Scott Hoying,,0.190213,0.001461,0.314323,0.312862,,,,
34,4,False,Alix Earle,,0.081332,0.000442,0.628734,0.628292,,,,
34,4,False,Jen Affleck,,0.08379,0.000255,0.524539,0.524284,,,,
34,4,False,Whitney Leavitt,,0.073629,7e-05,0.557711,0.557641,,,,
34,4,False,Dylan Efron,,0.074241,0.000436,0.540289,0.539853,,,,
34,6,False,Danielle Fishel,,0.105024,0.002574,0.570396,0.567822,,,,
34,6,False,Elaine Hendrix,,0.104281,0.000423,0.571236,0.570813,,,,
34,6,False,Jordan Chiles,,0.093625,0.000488,0.561966,0.561478,,,,
34,6,False,Andy Richter,,0.098476,0.008287,0.530495,0.522208,,,,
34,6,False,Robert Irwin,,0.103864,6.3e-05,0.470906,0.470843,,,,
34,6,False,Scott Hoying,,0.037791,0.001461,0.170593,0.169131,,,,
34,6,False,Alix Earle,,0.106954,0.000442,0.518268,0.517825,,,,
34,6,False,Jen Affleck,,0.143514,0.000255,0.247909,0.247654,,,,
34,6,False,Whitney Leavitt,,0.104093,0.00034,0.619533,0.619193,,,,
34,6,False,Dylan Efron,,0.102377,0.000436,0.565234,0.564798,,,,
34,7,False,Danielle Fishel,,0.216779,0.002574,0.392576,0.390001,,,,
34,7,False,Elaine Hendrix,,0.127404,0.000423,0.611682,0.611259,,,,
34,7,False,Jordan Chiles,,0.099638,0.000488,0.717795,0.717307,,,,
34,7,False,Andy Richter,,0.107847,0.008287,0.632225,0.623938,,,,
34,7,False,Robert Irwin,,0.113969,6.3e-05,0.587627,0.587564,,,,
34,7,False,Alix Earle,,0.09772,0.000442,0.517591,0.517148,,,,
34,7,False,Jen Affleck,,0.034038,0.000255,0.143642,0.143387,,,,
34,7,False,Whitney Leavitt,,0.106702,0.00034,0.589339,0.588999,,,,
34,7,False,Dylan Efron,,0.095904,0.000439,0.601336,0.600897,,,,
34,8,False,Danielle Fishel,,0.049427,0.002574,0.234605,0.232031,,,,
34,8,False,Elaine Hendrix,,0.155188,0.000423,0.65076,0.650337,,,,
34,8,False,Jordan Chiles,,0.151417,0.000488,0.670473,0.669985,,,,
34,8,False,Andy Richter,,0.12799,0.008287,0.615469,0.607182,,,,
34,8,False,Robert Irwin,,0.1331,6.3e-05,0.705594,0.705531,,,,
34,8,False,Alix Earle,,0.136547,0.000442,0.63719,0.636748,,,,
34,8,False,Whitney Leavitt,,0.11934,0.00034,0.641906,0.641566,,,,
34,8,False,Dylan Efron,,0.12699,0.000439,0.608443,0.608004,,,,
34,9,False,Elaine Hendrix,,0.172217,0.000423,0.744302,0.743879,,,,
34,9,False,Jordan Chiles,,0.155046,0.000488,0.728933,0.728445,,,,
34,9,False,Andy Richter,,0.068483,0.008287,0.427922,0.419635,,,,
34,9,False,Robert Irwin,,0.189594,0.000289,0.690768,0.690479,,,,
34,9,False,Alix Earle,,0.140643,0.000951,0.652656,0.651705,,,,
34,9,False,Whitney Leavitt,,0.13047,0.000342,0.19162,0.191278,,,,
34,9,False,Dylan Efron,,0.143547,0.000439,0.680189,0.67975,,,,
34,10,False,Elaine Hendrix,,0.119586,0.007405,0.194468,0.187063,,,,
34,10,False,Jordan Chiles,,0.14571,0.003061,0.324724,0.321663,,,,
34,10,False,Robert Irwin,,0.35316,0.089485,0.684215,0.59473,,,,
34,10,False,Alix Earle,,0.13714,0.007501,0.490394,0.482894,,,,
34,10,False,Whitney Leavitt,,0.051875,0.000431,0.15457,0.15414,,,,
34,10,False,Dylan Efron,,0.192528,0.003514,0.321175,0.317661,,,,
